-- Adminer 4.8.1 MySQL 8.0.27-0ubuntu0.21.04.1 dump

SET NAMES utf8;
SET time_zone = '+00:00';
SET foreign_key_checks = 0;
SET sql_mode = 'NO_AUTO_VALUE_ON_ZERO';

SET NAMES utf8mb4;

CREATE DATABASE `kingOfSport` /*!40100 DEFAULT CHARACTER SET utf8mb4 COLLATE utf8mb4_0900_ai_ci */ /*!80016 DEFAULT ENCRYPTION='N' */;
USE `kingOfSport`;

DROP TABLE IF EXISTS `categories`;
CREATE TABLE `categories` (
  `id` int NOT NULL AUTO_INCREMENT,
  `name` varchar(255) DEFAULT NULL,
  `user_id` int DEFAULT NULL,
  `createdAt` datetime NOT NULL DEFAULT CURRENT_TIMESTAMP,
  `updatedAt` datetime NOT NULL DEFAULT CURRENT_TIMESTAMP,
  PRIMARY KEY (`id`),
  UNIQUE KEY `name` (`name`),
  KEY `user_id` (`user_id`),
  CONSTRAINT `categories_ibfk_1` FOREIGN KEY (`user_id`) REFERENCES `users` (`id`) ON DELETE CASCADE ON UPDATE CASCADE
) ENGINE=InnoDB DEFAULT CHARSET=utf8mb4 COLLATE=utf8mb4_0900_ai_ci;

INSERT INTO `categories` (`id`, `name`, `user_id`, `createdAt`, `updatedAt`) VALUES
(1,	'E-SPORT',	1,	'2022-06-15 04:44:10',	'2022-06-15 04:44:10'),
(2,	'GAME CARD',	2,	'2022-06-15 04:44:10',	'2022-06-15 04:44:10'),
(3,	'DISCOUNT',	4,	'2022-06-15 04:44:10',	'2022-06-15 04:44:10'),
(4,	'VIDEO',	4,	'2022-06-15 04:44:10',	'2022-06-15 04:44:10'),
(5,	'AGENCY',	1,	'2022-06-15 04:44:10',	'2022-06-15 04:44:10'),
(6,	'GAME MOBILE HOT',	2,	'2022-06-15 04:44:10',	'2022-06-15 04:44:10'),
(7,	'SUBSCRIBE',	1,	'2022-06-15 15:17:25',	'2022-06-15 15:17:25');

DROP TABLE IF EXISTS `category_items`;
CREATE TABLE `category_items` (
  `id` int NOT NULL AUTO_INCREMENT,
  `category_id` int DEFAULT NULL,
  `post_id` int DEFAULT NULL,
  `createdAt` datetime NOT NULL DEFAULT CURRENT_TIMESTAMP,
  `updatedAt` datetime NOT NULL DEFAULT CURRENT_TIMESTAMP,
  PRIMARY KEY (`id`),
  KEY `category_id` (`category_id`),
  KEY `post_id` (`post_id`),
  CONSTRAINT `category_items_ibfk_1` FOREIGN KEY (`category_id`) REFERENCES `categories` (`id`) ON DELETE CASCADE ON UPDATE CASCADE,
  CONSTRAINT `category_items_ibfk_2` FOREIGN KEY (`post_id`) REFERENCES `posts` (`id`) ON DELETE CASCADE ON UPDATE CASCADE
) ENGINE=InnoDB DEFAULT CHARSET=utf8mb4 COLLATE=utf8mb4_0900_ai_ci;

INSERT INTO `category_items` (`id`, `category_id`, `post_id`, `createdAt`, `updatedAt`) VALUES
(1,	1,	2,	'2022-06-15 06:56:02',	'2022-06-15 06:56:02'),
(2,	2,	1,	'2022-06-15 06:56:02',	'2022-06-15 06:56:02'),
(3,	4,	3,	'2022-06-15 06:56:02',	'2022-06-15 06:56:02'),
(4,	6,	5,	'2022-06-15 06:56:02',	'2022-06-15 06:56:02'),
(5,	1,	7,	'2022-06-15 06:56:02',	'2022-06-15 06:56:02'),
(6,	2,	8,	'2022-06-15 06:56:02',	'2022-06-15 06:56:02'),
(7,	4,	10,	'2022-06-15 06:56:02',	'2022-06-15 06:56:02'),
(8,	6,	11,	'2022-06-15 06:56:02',	'2022-06-15 06:56:02'),
(9,	1,	13,	'2022-06-15 06:56:02',	'2022-06-15 06:56:02'),
(10,	2,	14,	'2022-06-15 06:56:02',	'2022-06-15 06:56:02'),
(11,	4,	16,	'2022-06-15 06:56:02',	'2022-06-15 06:56:02'),
(12,	6,	17,	'2022-06-15 06:56:02',	'2022-06-15 06:56:02'),
(13,	1,	19,	'2022-06-15 06:56:02',	'2022-06-15 06:56:02'),
(14,	2,	21,	'2022-06-15 06:56:02',	'2022-06-15 06:56:02'),
(15,	4,	22,	'2022-06-15 06:56:02',	'2022-06-15 06:56:02'),
(16,	6,	23,	'2022-06-15 06:56:02',	'2022-06-15 06:56:02'),
(17,	1,	25,	'2022-06-15 06:56:02',	'2022-06-15 06:56:02'),
(18,	2,	27,	'2022-06-15 06:56:02',	'2022-06-15 06:56:02'),
(19,	4,	28,	'2022-06-15 06:56:02',	'2022-06-15 06:56:02'),
(20,	6,	29,	'2022-06-15 06:56:02',	'2022-06-15 06:56:02'),
(21,	1,	31,	'2022-06-15 06:56:02',	'2022-06-15 06:56:02'),
(22,	2,	33,	'2022-06-15 06:56:02',	'2022-06-15 06:56:02'),
(23,	4,	34,	'2022-06-15 06:56:02',	'2022-06-15 06:56:02'),
(24,	6,	36,	'2022-06-15 06:56:02',	'2022-06-15 06:56:02'),
(25,	1,	37,	'2022-06-15 06:56:02',	'2022-06-15 06:56:02'),
(26,	2,	39,	'2022-06-15 06:56:02',	'2022-06-15 06:56:02'),
(27,	4,	40,	'2022-06-15 06:56:02',	'2022-06-15 06:56:02'),
(28,	6,	42,	'2022-06-15 06:56:02',	'2022-06-15 06:56:02'),
(29,	1,	43,	'2022-06-15 06:56:02',	'2022-06-15 06:56:02'),
(30,	2,	45,	'2022-06-15 06:56:02',	'2022-06-15 06:56:02'),
(31,	4,	46,	'2022-06-15 06:56:02',	'2022-06-15 06:56:02'),
(32,	6,	48,	'2022-06-15 06:56:02',	'2022-06-15 06:56:02'),
(33,	1,	49,	'2022-06-15 06:56:02',	'2022-06-15 06:56:02'),
(34,	2,	51,	'2022-06-15 06:56:02',	'2022-06-15 06:56:02'),
(35,	4,	52,	'2022-06-15 06:56:02',	'2022-06-15 06:56:02'),
(36,	6,	54,	'2022-06-15 06:56:02',	'2022-06-15 06:56:02'),
(37,	1,	55,	'2022-06-15 06:56:02',	'2022-06-15 06:56:02'),
(38,	2,	57,	'2022-06-15 06:56:02',	'2022-06-15 06:56:02'),
(39,	4,	58,	'2022-06-15 06:56:02',	'2022-06-15 06:56:02'),
(40,	6,	60,	'2022-06-15 06:56:02',	'2022-06-15 06:56:02'),
(41,	1,	61,	'2022-06-15 06:56:02',	'2022-06-15 06:56:02'),
(42,	2,	63,	'2022-06-15 06:56:02',	'2022-06-15 06:56:02'),
(43,	4,	64,	'2022-06-15 06:56:02',	'2022-06-15 06:56:02'),
(44,	6,	65,	'2022-06-15 06:56:02',	'2022-06-15 06:56:02'),
(45,	1,	67,	'2022-06-15 06:56:02',	'2022-06-15 06:56:02'),
(46,	4,	68,	'2022-06-15 06:56:02',	'2022-06-15 06:56:02'),
(47,	2,	70,	'2022-06-15 06:56:02',	'2022-06-15 06:56:02'),
(48,	6,	71,	'2022-06-15 06:56:02',	'2022-06-15 06:56:02'),
(49,	1,	73,	'2022-06-15 06:56:02',	'2022-06-15 06:56:02'),
(50,	4,	74,	'2022-06-15 06:56:02',	'2022-06-15 06:56:02'),
(51,	2,	76,	'2022-06-15 06:56:02',	'2022-06-15 06:56:02'),
(52,	6,	77,	'2022-06-15 06:56:02',	'2022-06-15 06:56:02'),
(53,	1,	79,	'2022-06-15 06:56:02',	'2022-06-15 06:56:02'),
(54,	4,	80,	'2022-06-15 06:56:02',	'2022-06-15 06:56:02'),
(55,	2,	82,	'2022-06-15 06:56:02',	'2022-06-15 06:56:02'),
(56,	6,	83,	'2022-06-15 06:56:02',	'2022-06-15 06:56:02'),
(57,	4,	86,	'2022-06-15 06:56:02',	'2022-06-15 06:56:02'),
(58,	1,	85,	'2022-06-15 06:56:02',	'2022-06-15 06:56:02'),
(59,	2,	88,	'2022-06-15 06:56:02',	'2022-06-15 06:56:02'),
(60,	6,	89,	'2022-06-15 06:56:02',	'2022-06-15 06:56:02'),
(61,	4,	91,	'2022-06-15 06:56:02',	'2022-06-15 06:56:02'),
(62,	1,	92,	'2022-06-15 06:56:02',	'2022-06-15 06:56:02'),
(63,	2,	93,	'2022-06-15 06:56:02',	'2022-06-15 06:56:02'),
(64,	6,	95,	'2022-06-15 06:56:02',	'2022-06-15 06:56:02'),
(65,	4,	97,	'2022-06-15 06:56:02',	'2022-06-15 06:56:02'),
(66,	1,	98,	'2022-06-15 06:56:02',	'2022-06-15 06:56:02'),
(67,	2,	99,	'2022-06-15 06:56:02',	'2022-06-15 06:56:02'),
(68,	6,	101,	'2022-06-15 06:56:02',	'2022-06-15 06:56:02'),
(69,	2,	104,	'2022-06-15 06:56:02',	'2022-06-15 06:56:02'),
(70,	4,	103,	'2022-06-15 06:56:02',	'2022-06-15 06:56:02'),
(71,	1,	105,	'2022-06-15 06:56:02',	'2022-06-15 06:56:02'),
(72,	6,	108,	'2022-06-15 06:56:02',	'2022-06-15 06:56:02'),
(73,	2,	107,	'2022-06-15 06:56:02',	'2022-06-15 06:56:02'),
(74,	1,	111,	'2022-06-15 06:56:02',	'2022-06-15 06:56:02'),
(75,	4,	110,	'2022-06-15 06:56:02',	'2022-06-15 06:56:02'),
(76,	6,	113,	'2022-06-15 06:56:02',	'2022-06-15 06:56:02'),
(77,	2,	114,	'2022-06-15 06:56:02',	'2022-06-15 06:56:02'),
(78,	4,	116,	'2022-06-15 06:56:02',	'2022-06-15 06:56:02'),
(79,	1,	117,	'2022-06-15 06:56:02',	'2022-06-15 06:56:02'),
(80,	6,	119,	'2022-06-15 06:56:02',	'2022-06-15 06:56:02'),
(81,	2,	121,	'2022-06-15 06:56:02',	'2022-06-15 06:56:02'),
(82,	4,	122,	'2022-06-15 06:56:02',	'2022-06-15 06:56:02'),
(83,	1,	123,	'2022-06-15 06:56:02',	'2022-06-15 06:56:02'),
(84,	6,	125,	'2022-06-15 06:56:02',	'2022-06-15 06:56:02'),
(85,	2,	127,	'2022-06-15 06:56:02',	'2022-06-15 06:56:02'),
(86,	4,	128,	'2022-06-15 06:56:02',	'2022-06-15 06:56:02'),
(87,	1,	129,	'2022-06-15 06:56:02',	'2022-06-15 06:56:02'),
(88,	4,	132,	'2022-06-15 06:56:02',	'2022-06-15 06:56:02'),
(89,	6,	131,	'2022-06-15 06:56:02',	'2022-06-15 06:56:02'),
(90,	2,	133,	'2022-06-15 06:56:02',	'2022-06-15 06:56:02'),
(91,	1,	135,	'2022-06-15 06:56:02',	'2022-06-15 06:56:02'),
(92,	4,	137,	'2022-06-15 06:56:02',	'2022-06-15 06:56:02'),
(93,	6,	138,	'2022-06-15 06:56:02',	'2022-06-15 06:56:02'),
(94,	1,	141,	'2022-06-15 06:56:02',	'2022-06-15 06:56:02'),
(95,	2,	139,	'2022-06-15 06:56:02',	'2022-06-15 06:56:02'),
(96,	4,	142,	'2022-06-15 06:56:02',	'2022-06-15 06:56:02'),
(97,	6,	144,	'2022-06-15 06:56:02',	'2022-06-15 06:56:02'),
(98,	1,	145,	'2022-06-15 06:56:02',	'2022-06-15 06:56:02'),
(99,	2,	146,	'2022-06-15 06:56:02',	'2022-06-15 06:56:02'),
(100,	4,	149,	'2022-06-15 06:56:02',	'2022-06-15 06:56:02'),
(101,	6,	150,	'2022-06-15 06:56:02',	'2022-06-15 06:56:02'),
(102,	1,	151,	'2022-06-15 06:56:02',	'2022-06-15 06:56:02'),
(103,	2,	152,	'2022-06-15 06:56:02',	'2022-06-15 06:56:02'),
(104,	4,	155,	'2022-06-15 06:56:02',	'2022-06-15 06:56:02'),
(105,	6,	157,	'2022-06-15 06:56:02',	'2022-06-15 06:56:02'),
(106,	1,	156,	'2022-06-15 06:56:02',	'2022-06-15 06:56:02'),
(107,	2,	158,	'2022-06-15 06:56:02',	'2022-06-15 06:56:02'),
(108,	4,	160,	'2022-06-15 06:56:02',	'2022-06-15 06:56:02'),
(109,	1,	161,	'2022-06-15 06:56:02',	'2022-06-15 06:56:02'),
(110,	6,	162,	'2022-06-15 06:56:02',	'2022-06-15 06:56:02'),
(111,	2,	164,	'2022-06-15 06:56:02',	'2022-06-15 06:56:02'),
(112,	4,	165,	'2022-06-15 06:56:02',	'2022-06-15 06:56:02'),
(113,	1,	167,	'2022-06-15 06:56:02',	'2022-06-15 06:56:02'),
(114,	6,	169,	'2022-06-15 06:56:02',	'2022-06-15 06:56:02'),
(115,	2,	170,	'2022-06-15 06:56:02',	'2022-06-15 06:56:02'),
(116,	4,	171,	'2022-06-15 06:56:02',	'2022-06-15 06:56:02'),
(117,	1,	173,	'2022-06-15 06:56:02',	'2022-06-15 06:56:02'),
(118,	6,	175,	'2022-06-15 06:56:02',	'2022-06-15 06:56:02'),
(119,	2,	176,	'2022-06-15 06:56:02',	'2022-06-15 06:56:02'),
(120,	1,	177,	'2022-06-15 06:56:02',	'2022-06-15 06:56:02'),
(121,	4,	178,	'2022-06-15 06:56:02',	'2022-06-15 06:56:02'),
(122,	2,	181,	'2022-06-15 06:56:02',	'2022-06-15 06:56:02'),
(123,	1,	182,	'2022-06-15 06:56:02',	'2022-06-15 06:56:02'),
(124,	6,	183,	'2022-06-15 06:56:02',	'2022-06-15 06:56:02'),
(125,	4,	184,	'2022-06-15 06:56:02',	'2022-06-15 06:56:02'),
(126,	1,	187,	'2022-06-15 06:56:02',	'2022-06-15 06:56:02'),
(127,	2,	188,	'2022-06-15 06:56:02',	'2022-06-15 06:56:02'),
(128,	6,	189,	'2022-06-15 06:56:02',	'2022-06-15 06:56:02'),
(129,	4,	191,	'2022-06-15 06:56:02',	'2022-06-15 06:56:02'),
(130,	1,	192,	'2022-06-15 06:56:02',	'2022-06-15 06:56:02'),
(131,	6,	194,	'2022-06-15 06:56:03',	'2022-06-15 06:56:03'),
(132,	2,	195,	'2022-06-15 06:56:03',	'2022-06-15 06:56:03'),
(133,	4,	197,	'2022-06-15 06:56:03',	'2022-06-15 06:56:03'),
(134,	1,	198,	'2022-06-15 06:56:03',	'2022-06-15 06:56:03'),
(135,	6,	200,	'2022-06-15 06:56:03',	'2022-06-15 06:56:03'),
(136,	2,	201,	'2022-06-15 06:56:03',	'2022-06-15 06:56:03'),
(137,	4,	203,	'2022-06-15 06:56:03',	'2022-06-15 06:56:03'),
(138,	1,	205,	'2022-06-15 06:56:03',	'2022-06-15 06:56:03'),
(139,	6,	206,	'2022-06-15 06:56:03',	'2022-06-15 06:56:03'),
(140,	2,	207,	'2022-06-15 06:56:03',	'2022-06-15 06:56:03'),
(141,	4,	209,	'2022-06-15 06:56:03',	'2022-06-15 06:56:03'),
(142,	1,	210,	'2022-06-15 06:56:03',	'2022-06-15 06:56:03'),
(143,	6,	211,	'2022-06-15 06:56:03',	'2022-06-15 06:56:03'),
(144,	2,	213,	'2022-06-15 06:56:03',	'2022-06-15 06:56:03'),
(145,	4,	215,	'2022-06-15 06:56:03',	'2022-06-15 06:56:03'),
(146,	1,	216,	'2022-06-15 06:56:03',	'2022-06-15 06:56:03'),
(147,	6,	217,	'2022-06-15 06:56:03',	'2022-06-15 06:56:03'),
(148,	2,	219,	'2022-06-15 06:56:03',	'2022-06-15 06:56:03'),
(149,	4,	221,	'2022-06-15 06:56:03',	'2022-06-15 06:56:03'),
(150,	1,	222,	'2022-06-15 06:56:03',	'2022-06-15 06:56:03'),
(151,	6,	223,	'2022-06-15 06:56:03',	'2022-06-15 06:56:03'),
(152,	2,	225,	'2022-06-15 06:56:03',	'2022-06-15 06:56:03'),
(153,	4,	227,	'2022-06-15 06:56:03',	'2022-06-15 06:56:03'),
(154,	1,	228,	'2022-06-15 06:56:03',	'2022-06-15 06:56:03'),
(155,	6,	229,	'2022-06-15 06:56:03',	'2022-06-15 06:56:03'),
(156,	2,	231,	'2022-06-15 06:56:03',	'2022-06-15 06:56:03'),
(157,	1,	235,	'2022-06-15 06:56:03',	'2022-06-15 06:56:03'),
(158,	6,	234,	'2022-06-15 06:56:03',	'2022-06-15 06:56:03'),
(159,	4,	233,	'2022-06-15 06:56:03',	'2022-06-15 06:56:03'),
(160,	2,	237,	'2022-06-15 06:56:03',	'2022-06-15 06:56:03'),
(161,	1,	239,	'2022-06-15 06:56:03',	'2022-06-15 06:56:03'),
(162,	6,	240,	'2022-06-15 06:56:03',	'2022-06-15 06:56:03'),
(163,	4,	241,	'2022-06-15 06:56:03',	'2022-06-15 06:56:03'),
(164,	2,	244,	'2022-06-15 06:56:03',	'2022-06-15 06:56:03'),
(165,	1,	245,	'2022-06-15 06:56:03',	'2022-06-15 06:56:03'),
(166,	6,	246,	'2022-06-15 06:56:03',	'2022-06-15 06:56:03'),
(167,	4,	247,	'2022-06-15 06:56:03',	'2022-06-15 06:56:03'),
(168,	1,	250,	'2022-06-15 06:56:03',	'2022-06-15 06:56:03'),
(169,	2,	251,	'2022-06-15 06:56:03',	'2022-06-15 06:56:03'),
(170,	4,	253,	'2022-06-15 06:56:03',	'2022-06-15 06:56:03'),
(171,	6,	252,	'2022-06-15 06:56:03',	'2022-06-15 06:56:03'),
(172,	1,	256,	'2022-06-15 06:56:03',	'2022-06-15 06:56:03'),
(173,	2,	257,	'2022-06-15 06:56:03',	'2022-06-15 06:56:03'),
(174,	4,	258,	'2022-06-15 06:56:03',	'2022-06-15 06:56:03'),
(175,	6,	260,	'2022-06-15 06:56:03',	'2022-06-15 06:56:03'),
(176,	2,	262,	'2022-06-15 06:56:03',	'2022-06-15 06:56:03'),
(177,	1,	263,	'2022-06-15 06:56:03',	'2022-06-15 06:56:03'),
(178,	4,	264,	'2022-06-15 06:56:03',	'2022-06-15 06:56:03'),
(179,	6,	266,	'2022-06-15 06:56:03',	'2022-06-15 06:56:03'),
(180,	2,	268,	'2022-06-15 06:56:03',	'2022-06-15 06:56:03'),
(181,	1,	269,	'2022-06-15 06:56:03',	'2022-06-15 06:56:03'),
(182,	6,	270,	'2022-06-15 06:56:03',	'2022-06-15 06:56:03'),
(183,	4,	271,	'2022-06-15 06:56:03',	'2022-06-15 06:56:03'),
(184,	2,	274,	'2022-06-15 06:56:03',	'2022-06-15 06:56:03'),
(185,	1,	275,	'2022-06-15 06:56:03',	'2022-06-15 06:56:03'),
(186,	4,	278,	'2022-06-15 06:56:03',	'2022-06-15 06:56:03'),
(187,	6,	276,	'2022-06-15 06:56:03',	'2022-06-15 06:56:03'),
(188,	2,	280,	'2022-06-15 06:56:03',	'2022-06-15 06:56:03'),
(189,	1,	281,	'2022-06-15 06:56:03',	'2022-06-15 06:56:03'),
(190,	6,	283,	'2022-06-15 06:56:03',	'2022-06-15 06:56:03'),
(191,	4,	284,	'2022-06-15 06:56:03',	'2022-06-15 06:56:03'),
(192,	1,	286,	'2022-06-15 06:56:03',	'2022-06-15 06:56:03'),
(193,	2,	287,	'2022-06-15 06:56:03',	'2022-06-15 06:56:03'),
(194,	6,	289,	'2022-06-15 06:56:03',	'2022-06-15 06:56:03'),
(195,	4,	290,	'2022-06-15 06:56:03',	'2022-06-15 06:56:03'),
(196,	2,	293,	'2022-06-15 06:56:03',	'2022-06-15 06:56:03'),
(197,	6,	294,	'2022-06-15 06:56:03',	'2022-06-15 06:56:03'),
(198,	1,	295,	'2022-06-15 06:56:03',	'2022-06-15 06:56:03'),
(199,	4,	296,	'2022-06-15 06:56:03',	'2022-06-15 06:56:03'),
(200,	2,	299,	'2022-06-15 06:56:03',	'2022-06-15 06:56:03'),
(201,	6,	300,	'2022-06-15 06:56:03',	'2022-06-15 06:56:03'),
(202,	1,	301,	'2022-06-15 06:56:03',	'2022-06-15 06:56:03'),
(203,	4,	302,	'2022-06-15 06:56:03',	'2022-06-15 06:56:03'),
(204,	2,	304,	'2022-06-15 06:56:03',	'2022-06-15 06:56:03'),
(205,	6,	305,	'2022-06-15 06:56:03',	'2022-06-15 06:56:03'),
(206,	1,	306,	'2022-06-15 06:56:03',	'2022-06-15 06:56:03'),
(207,	4,	307,	'2022-06-15 06:56:03',	'2022-06-15 06:56:03'),
(208,	2,	308,	'2022-06-15 06:56:03',	'2022-06-15 06:56:03'),
(209,	6,	309,	'2022-06-15 06:56:03',	'2022-06-15 06:56:03'),
(210,	1,	310,	'2022-06-15 06:56:03',	'2022-06-15 06:56:03'),
(211,	4,	311,	'2022-06-15 06:56:03',	'2022-06-15 06:56:03'),
(212,	2,	312,	'2022-06-15 06:56:03',	'2022-06-15 06:56:03'),
(213,	6,	313,	'2022-06-15 06:56:03',	'2022-06-15 06:56:03'),
(214,	1,	314,	'2022-06-15 06:56:03',	'2022-06-15 06:56:03'),
(215,	4,	315,	'2022-06-15 06:56:03',	'2022-06-15 06:56:03'),
(216,	2,	316,	'2022-06-15 06:56:03',	'2022-06-15 06:56:03'),
(217,	6,	317,	'2022-06-15 06:56:03',	'2022-06-15 06:56:03'),
(218,	1,	318,	'2022-06-15 06:56:03',	'2022-06-15 06:56:03'),
(219,	4,	319,	'2022-06-15 06:56:03',	'2022-06-15 06:56:03'),
(220,	2,	320,	'2022-06-15 06:56:03',	'2022-06-15 06:56:03'),
(221,	1,	322,	'2022-06-15 06:56:03',	'2022-06-15 06:56:03'),
(222,	6,	321,	'2022-06-15 06:56:03',	'2022-06-15 06:56:03'),
(223,	2,	323,	'2022-06-15 06:56:03',	'2022-06-15 06:56:03'),
(224,	4,	324,	'2022-06-15 06:56:03',	'2022-06-15 06:56:03'),
(225,	1,	325,	'2022-06-15 06:56:03',	'2022-06-15 06:56:03'),
(226,	6,	326,	'2022-06-15 06:56:03',	'2022-06-15 06:56:03'),
(227,	2,	327,	'2022-06-15 06:56:03',	'2022-06-15 06:56:03'),
(228,	4,	328,	'2022-06-15 06:56:03',	'2022-06-15 06:56:03'),
(229,	6,	329,	'2022-06-15 06:56:03',	'2022-06-15 06:56:03'),
(230,	1,	330,	'2022-06-15 06:56:03',	'2022-06-15 06:56:03'),
(231,	2,	331,	'2022-06-15 06:56:03',	'2022-06-15 06:56:03'),
(232,	6,	332,	'2022-06-15 06:56:03',	'2022-06-15 06:56:03'),
(233,	4,	333,	'2022-06-15 06:56:03',	'2022-06-15 06:56:03'),
(234,	1,	334,	'2022-06-15 06:56:03',	'2022-06-15 06:56:03'),
(235,	2,	335,	'2022-06-15 06:56:03',	'2022-06-15 06:56:03'),
(236,	6,	336,	'2022-06-15 06:56:03',	'2022-06-15 06:56:03'),
(237,	4,	337,	'2022-06-15 06:56:03',	'2022-06-15 06:56:03'),
(238,	1,	338,	'2022-06-15 06:56:03',	'2022-06-15 06:56:03'),
(239,	2,	339,	'2022-06-15 06:56:03',	'2022-06-15 06:56:03'),
(240,	4,	341,	'2022-06-15 06:56:03',	'2022-06-15 06:56:03'),
(241,	6,	340,	'2022-06-15 06:56:03',	'2022-06-15 06:56:03'),
(242,	3,	342,	'2022-06-15 06:56:03',	'2022-06-15 06:56:03'),
(243,	2,	343,	'2022-06-15 06:56:03',	'2022-06-15 06:56:03'),
(244,	1,	342,	'2022-06-15 06:56:03',	'2022-06-15 06:56:03'),
(245,	4,	344,	'2022-06-15 06:56:03',	'2022-06-15 06:56:03'),
(246,	6,	345,	'2022-06-15 06:56:03',	'2022-06-15 06:56:03'),
(247,	2,	346,	'2022-06-15 06:56:03',	'2022-06-15 06:56:03'),
(248,	3,	347,	'2022-06-15 06:56:03',	'2022-06-15 06:56:03'),
(249,	4,	348,	'2022-06-15 06:56:03',	'2022-06-15 06:56:03'),
(250,	6,	349,	'2022-06-15 06:56:03',	'2022-06-15 06:56:03'),
(251,	1,	347,	'2022-06-15 06:56:03',	'2022-06-15 06:56:03'),
(252,	4,	351,	'2022-06-15 06:56:03',	'2022-06-15 06:56:03'),
(253,	2,	350,	'2022-06-15 06:56:03',	'2022-06-15 06:56:03'),
(254,	6,	352,	'2022-06-15 06:56:03',	'2022-06-15 06:56:03'),
(255,	3,	353,	'2022-06-15 06:56:03',	'2022-06-15 06:56:03'),
(256,	4,	354,	'2022-06-15 06:56:03',	'2022-06-15 06:56:03'),
(257,	2,	355,	'2022-06-15 06:56:03',	'2022-06-15 06:56:03'),
(258,	1,	353,	'2022-06-15 06:56:03',	'2022-06-15 06:56:03'),
(259,	6,	356,	'2022-06-15 06:56:03',	'2022-06-15 06:56:03'),
(260,	4,	357,	'2022-06-15 06:56:03',	'2022-06-15 06:56:03'),
(261,	2,	358,	'2022-06-15 06:56:03',	'2022-06-15 06:56:03'),
(262,	3,	359,	'2022-06-15 06:56:03',	'2022-06-15 06:56:03'),
(263,	6,	360,	'2022-06-15 06:56:03',	'2022-06-15 06:56:03'),
(264,	1,	359,	'2022-06-15 06:56:03',	'2022-06-15 06:56:03'),
(265,	2,	361,	'2022-06-15 06:56:03',	'2022-06-15 06:56:03'),
(266,	4,	362,	'2022-06-15 06:56:03',	'2022-06-15 06:56:03'),
(267,	6,	363,	'2022-06-15 06:56:03',	'2022-06-15 06:56:03'),
(268,	3,	364,	'2022-06-15 06:56:03',	'2022-06-15 06:56:03'),
(269,	4,	366,	'2022-06-15 06:56:03',	'2022-06-15 06:56:03'),
(270,	2,	365,	'2022-06-15 06:56:03',	'2022-06-15 06:56:03'),
(271,	1,	364,	'2022-06-15 06:56:03',	'2022-06-15 06:56:03'),
(272,	6,	367,	'2022-06-15 06:56:03',	'2022-06-15 06:56:03'),
(273,	4,	368,	'2022-06-15 06:56:03',	'2022-06-15 06:56:03'),
(274,	2,	369,	'2022-06-15 06:56:03',	'2022-06-15 06:56:03'),
(275,	3,	370,	'2022-06-15 06:56:03',	'2022-06-15 06:56:03'),
(276,	6,	371,	'2022-06-15 06:56:03',	'2022-06-15 06:56:03'),
(277,	1,	370,	'2022-06-15 06:56:03',	'2022-06-15 06:56:03'),
(278,	4,	372,	'2022-06-15 06:56:03',	'2022-06-15 06:56:03'),
(279,	2,	373,	'2022-06-15 06:56:03',	'2022-06-15 06:56:03'),
(280,	6,	374,	'2022-06-15 06:56:03',	'2022-06-15 06:56:03'),
(281,	3,	375,	'2022-06-15 06:56:03',	'2022-06-15 06:56:03'),
(282,	4,	376,	'2022-06-15 06:56:03',	'2022-06-15 06:56:03'),
(283,	1,	375,	'2022-06-15 06:56:03',	'2022-06-15 06:56:03'),
(284,	2,	377,	'2022-06-15 06:56:03',	'2022-06-15 06:56:03'),
(285,	6,	378,	'2022-06-15 06:56:03',	'2022-06-15 06:56:03'),
(286,	4,	379,	'2022-06-15 06:56:03',	'2022-06-15 06:56:03'),
(287,	3,	380,	'2022-06-15 06:56:03',	'2022-06-15 06:56:03'),
(288,	2,	381,	'2022-06-15 06:56:03',	'2022-06-15 06:56:03'),
(289,	6,	382,	'2022-06-15 06:56:03',	'2022-06-15 06:56:03'),
(290,	1,	380,	'2022-06-15 06:56:03',	'2022-06-15 06:56:03'),
(291,	4,	383,	'2022-06-15 06:56:03',	'2022-06-15 06:56:03'),
(292,	2,	384,	'2022-06-15 06:56:03',	'2022-06-15 06:56:03'),
(293,	3,	385,	'2022-06-15 06:56:03',	'2022-06-15 06:56:03'),
(294,	6,	386,	'2022-06-15 06:56:03',	'2022-06-15 06:56:03'),
(295,	4,	387,	'2022-06-15 06:56:03',	'2022-06-15 06:56:03'),
(296,	1,	385,	'2022-06-15 06:56:03',	'2022-06-15 06:56:03'),
(297,	2,	388,	'2022-06-15 06:56:03',	'2022-06-15 06:56:03'),
(298,	6,	389,	'2022-06-15 06:56:03',	'2022-06-15 06:56:03'),
(299,	4,	390,	'2022-06-15 06:56:03',	'2022-06-15 06:56:03'),
(300,	3,	391,	'2022-06-15 06:56:03',	'2022-06-15 06:56:03'),
(301,	2,	392,	'2022-06-15 06:56:03',	'2022-06-15 06:56:03'),
(302,	1,	391,	'2022-06-15 06:56:03',	'2022-06-15 06:56:03'),
(303,	6,	393,	'2022-06-15 06:56:03',	'2022-06-15 06:56:03'),
(304,	4,	394,	'2022-06-15 06:56:03',	'2022-06-15 06:56:03'),
(305,	2,	395,	'2022-06-15 06:56:03',	'2022-06-15 06:56:03'),
(306,	3,	396,	'2022-06-15 06:56:03',	'2022-06-15 06:56:03'),
(307,	6,	397,	'2022-06-15 06:56:03',	'2022-06-15 06:56:03'),
(308,	4,	398,	'2022-06-15 06:56:03',	'2022-06-15 06:56:03'),
(309,	1,	396,	'2022-06-15 06:56:03',	'2022-06-15 06:56:03'),
(310,	2,	399,	'2022-06-15 06:56:03',	'2022-06-15 06:56:03'),
(311,	6,	400,	'2022-06-15 06:56:03',	'2022-06-15 06:56:03'),
(312,	4,	401,	'2022-06-15 06:56:03',	'2022-06-15 06:56:03'),
(313,	3,	402,	'2022-06-15 06:56:03',	'2022-06-15 06:56:03'),
(314,	2,	403,	'2022-06-15 06:56:03',	'2022-06-15 06:56:03'),
(315,	1,	402,	'2022-06-15 06:56:03',	'2022-06-15 06:56:03'),
(316,	6,	404,	'2022-06-15 06:56:03',	'2022-06-15 06:56:03'),
(317,	4,	405,	'2022-06-15 06:56:03',	'2022-06-15 06:56:03'),
(318,	2,	406,	'2022-06-15 06:56:03',	'2022-06-15 06:56:03'),
(319,	3,	407,	'2022-06-15 06:56:03',	'2022-06-15 06:56:03'),
(320,	6,	408,	'2022-06-15 06:56:03',	'2022-06-15 06:56:03'),
(321,	4,	409,	'2022-06-15 06:56:03',	'2022-06-15 06:56:03'),
(322,	1,	407,	'2022-06-15 06:56:03',	'2022-06-15 06:56:03'),
(323,	2,	410,	'2022-06-15 06:56:03',	'2022-06-15 06:56:03'),
(324,	6,	411,	'2022-06-15 06:56:03',	'2022-06-15 06:56:03'),
(325,	4,	412,	'2022-06-15 06:56:03',	'2022-06-15 06:56:03'),
(326,	3,	413,	'2022-06-15 06:56:03',	'2022-06-15 06:56:03'),
(327,	1,	413,	'2022-06-15 06:56:03',	'2022-06-15 06:56:03'),
(328,	6,	414,	'2022-06-15 06:56:03',	'2022-06-15 06:56:03'),
(329,	2,	415,	'2022-06-15 06:56:03',	'2022-06-15 06:56:03'),
(330,	4,	416,	'2022-06-15 06:56:03',	'2022-06-15 06:56:03'),
(331,	3,	417,	'2022-06-15 06:56:03',	'2022-06-15 06:56:03'),
(332,	6,	418,	'2022-06-15 06:56:03',	'2022-06-15 06:56:03'),
(333,	2,	419,	'2022-06-15 06:56:03',	'2022-06-15 06:56:03'),
(334,	4,	420,	'2022-06-15 06:56:03',	'2022-06-15 06:56:03'),
(335,	1,	417,	'2022-06-15 06:56:03',	'2022-06-15 06:56:03'),
(336,	2,	422,	'2022-06-15 06:56:03',	'2022-06-15 06:56:03'),
(337,	6,	421,	'2022-06-15 06:56:03',	'2022-06-15 06:56:03'),
(338,	4,	423,	'2022-06-15 06:56:03',	'2022-06-15 06:56:03'),
(339,	3,	424,	'2022-06-15 06:56:03',	'2022-06-15 06:56:03'),
(340,	1,	424,	'2022-06-15 06:56:03',	'2022-06-15 06:56:03'),
(341,	2,	425,	'2022-06-15 06:56:03',	'2022-06-15 06:56:03'),
(342,	6,	426,	'2022-06-15 06:56:03',	'2022-06-15 06:56:03'),
(343,	4,	427,	'2022-06-15 06:56:03',	'2022-06-15 06:56:03'),
(344,	3,	428,	'2022-06-15 06:56:03',	'2022-06-15 06:56:03'),
(345,	6,	429,	'2022-06-15 06:56:03',	'2022-06-15 06:56:03'),
(346,	2,	430,	'2022-06-15 06:56:03',	'2022-06-15 06:56:03'),
(347,	1,	428,	'2022-06-15 06:56:03',	'2022-06-15 06:56:03'),
(348,	4,	431,	'2022-06-15 06:56:03',	'2022-06-15 06:56:03'),
(349,	6,	432,	'2022-06-15 06:56:03',	'2022-06-15 06:56:03'),
(350,	2,	433,	'2022-06-15 06:56:03',	'2022-06-15 06:56:03'),
(351,	3,	434,	'2022-06-15 06:56:03',	'2022-06-15 06:56:03'),
(352,	4,	435,	'2022-06-15 06:56:03',	'2022-06-15 06:56:03'),
(353,	6,	436,	'2022-06-15 06:56:03',	'2022-06-15 06:56:03'),
(354,	1,	434,	'2022-06-15 06:56:03',	'2022-06-15 06:56:03'),
(355,	2,	437,	'2022-06-15 06:56:03',	'2022-06-15 06:56:03'),
(356,	4,	438,	'2022-06-15 06:56:03',	'2022-06-15 06:56:03'),
(357,	6,	439,	'2022-06-15 06:56:03',	'2022-06-15 06:56:03'),
(358,	3,	440,	'2022-06-15 06:56:03',	'2022-06-15 06:56:03'),
(359,	2,	441,	'2022-06-15 06:56:03',	'2022-06-15 06:56:03'),
(360,	1,	440,	'2022-06-15 06:56:03',	'2022-06-15 06:56:03'),
(361,	4,	442,	'2022-06-15 06:56:03',	'2022-06-15 06:56:03'),
(362,	6,	443,	'2022-06-15 06:56:03',	'2022-06-15 06:56:03'),
(363,	2,	444,	'2022-06-15 06:56:03',	'2022-06-15 06:56:03'),
(364,	3,	445,	'2022-06-15 06:56:03',	'2022-06-15 06:56:03'),
(365,	4,	446,	'2022-06-15 06:56:03',	'2022-06-15 06:56:03'),
(366,	6,	447,	'2022-06-15 06:56:03',	'2022-06-15 06:56:03'),
(367,	1,	445,	'2022-06-15 06:56:03',	'2022-06-15 06:56:03'),
(368,	2,	448,	'2022-06-15 06:56:03',	'2022-06-15 06:56:03'),
(369,	4,	449,	'2022-06-15 06:56:03',	'2022-06-15 06:56:03'),
(370,	6,	450,	'2022-06-15 06:56:03',	'2022-06-15 06:56:03'),
(371,	3,	451,	'2022-06-15 06:56:03',	'2022-06-15 06:56:03'),
(372,	2,	452,	'2022-06-15 06:56:03',	'2022-06-15 06:56:03'),
(373,	4,	453,	'2022-06-15 06:56:03',	'2022-06-15 06:56:03'),
(374,	1,	451,	'2022-06-15 06:56:03',	'2022-06-15 06:56:03'),
(375,	6,	454,	'2022-06-15 06:56:03',	'2022-06-15 06:56:03'),
(376,	2,	455,	'2022-06-15 06:56:03',	'2022-06-15 06:56:03'),
(377,	4,	456,	'2022-06-15 06:56:03',	'2022-06-15 06:56:03'),
(378,	3,	457,	'2022-06-15 06:56:03',	'2022-06-15 06:56:03'),
(379,	6,	458,	'2022-06-15 06:56:03',	'2022-06-15 06:56:03'),
(380,	1,	457,	'2022-06-15 06:56:03',	'2022-06-15 06:56:03'),
(381,	4,	460,	'2022-06-15 06:56:03',	'2022-06-15 06:56:03'),
(382,	2,	459,	'2022-06-15 06:56:03',	'2022-06-15 06:56:03'),
(383,	6,	461,	'2022-06-15 06:56:03',	'2022-06-15 06:56:03'),
(384,	2,	464,	'2022-06-15 06:56:03',	'2022-06-15 06:56:03'),
(385,	4,	463,	'2022-06-15 06:56:03',	'2022-06-15 06:56:03'),
(386,	3,	462,	'2022-06-15 06:56:03',	'2022-06-15 06:56:03'),
(387,	1,	462,	'2022-06-15 06:56:03',	'2022-06-15 06:56:03'),
(388,	6,	465,	'2022-06-15 06:56:03',	'2022-06-15 06:56:03'),
(389,	2,	466,	'2022-06-15 06:56:03',	'2022-06-15 06:56:03'),
(390,	4,	467,	'2022-06-15 06:56:03',	'2022-06-15 06:56:03'),
(391,	3,	468,	'2022-06-15 06:56:03',	'2022-06-15 06:56:03'),
(392,	6,	469,	'2022-06-15 06:56:03',	'2022-06-15 06:56:03'),
(393,	2,	470,	'2022-06-15 06:56:03',	'2022-06-15 06:56:03'),
(394,	1,	468,	'2022-06-15 06:56:03',	'2022-06-15 06:56:03'),
(395,	4,	471,	'2022-06-15 06:56:03',	'2022-06-15 06:56:03'),
(396,	6,	472,	'2022-06-15 06:56:03',	'2022-06-15 06:56:03'),
(397,	2,	473,	'2022-06-15 06:56:03',	'2022-06-15 06:56:03'),
(398,	4,	475,	'2022-06-15 06:56:03',	'2022-06-15 06:56:03'),
(399,	3,	474,	'2022-06-15 06:56:03',	'2022-06-15 06:56:03'),
(400,	1,	474,	'2022-06-15 06:56:03',	'2022-06-15 06:56:03'),
(401,	6,	476,	'2022-06-15 06:56:03',	'2022-06-15 06:56:03'),
(402,	4,	477,	'2022-06-15 06:56:03',	'2022-06-15 06:56:03'),
(403,	2,	478,	'2022-06-15 06:56:03',	'2022-06-15 06:56:03'),
(404,	3,	479,	'2022-06-15 06:56:03',	'2022-06-15 06:56:03'),
(405,	6,	480,	'2022-06-15 06:56:03',	'2022-06-15 06:56:03'),
(406,	4,	481,	'2022-06-15 06:56:03',	'2022-06-15 06:56:03'),
(407,	1,	479,	'2022-06-15 06:56:03',	'2022-06-15 06:56:03'),
(408,	2,	482,	'2022-06-15 06:56:03',	'2022-06-15 06:56:03'),
(409,	6,	483,	'2022-06-15 06:56:03',	'2022-06-15 06:56:03'),
(410,	4,	484,	'2022-06-15 06:56:03',	'2022-06-15 06:56:03'),
(411,	2,	485,	'2022-06-15 06:56:03',	'2022-06-15 06:56:03'),
(412,	3,	486,	'2022-06-15 06:56:03',	'2022-06-15 06:56:03'),
(413,	1,	486,	'2022-06-15 06:56:03',	'2022-06-15 06:56:03'),
(414,	6,	487,	'2022-06-15 06:56:03',	'2022-06-15 06:56:03'),
(415,	2,	488,	'2022-06-15 06:56:03',	'2022-06-15 06:56:03'),
(416,	3,	489,	'2022-06-15 06:56:03',	'2022-06-15 06:56:03'),
(417,	1,	489,	'2022-06-15 06:56:03',	'2022-06-15 06:56:03'),
(418,	3,	490,	'2022-06-15 06:56:03',	'2022-06-15 06:56:03'),
(419,	1,	490,	'2022-06-15 06:56:03',	'2022-06-15 06:56:03'),
(420,	3,	491,	'2022-06-15 06:56:03',	'2022-06-15 06:56:03'),
(421,	1,	491,	'2022-06-15 06:56:03',	'2022-06-15 06:56:03'),
(422,	3,	492,	'2022-06-15 06:56:03',	'2022-06-15 06:56:03'),
(423,	1,	492,	'2022-06-15 06:56:03',	'2022-06-15 06:56:03'),
(424,	3,	493,	'2022-06-15 06:56:03',	'2022-06-15 06:56:03'),
(425,	1,	493,	'2022-06-15 06:56:03',	'2022-06-15 06:56:03'),
(426,	3,	494,	'2022-06-15 06:56:03',	'2022-06-15 06:56:03'),
(427,	1,	494,	'2022-06-15 06:56:03',	'2022-06-15 06:56:03'),
(428,	3,	495,	'2022-06-15 06:56:03',	'2022-06-15 06:56:03'),
(429,	1,	495,	'2022-06-15 06:56:04',	'2022-06-15 06:56:04'),
(430,	3,	496,	'2022-06-15 06:56:04',	'2022-06-15 06:56:04'),
(431,	1,	496,	'2022-06-15 06:56:04',	'2022-06-15 06:56:04'),
(432,	3,	497,	'2022-06-15 06:56:04',	'2022-06-15 06:56:04'),
(433,	1,	497,	'2022-06-15 06:56:04',	'2022-06-15 06:56:04'),
(434,	3,	498,	'2022-06-15 06:56:04',	'2022-06-15 06:56:04'),
(435,	1,	498,	'2022-06-15 06:56:04',	'2022-06-15 06:56:04'),
(436,	3,	499,	'2022-06-15 06:56:04',	'2022-06-15 06:56:04'),
(437,	1,	499,	'2022-06-15 06:56:04',	'2022-06-15 06:56:04'),
(438,	3,	500,	'2022-06-15 06:56:04',	'2022-06-15 06:56:04'),
(439,	1,	500,	'2022-06-15 06:56:04',	'2022-06-15 06:56:04'),
(440,	5,	501,	'2022-06-15 08:04:12',	'2022-06-15 08:04:12'),
(441,	5,	502,	'2022-06-15 08:04:12',	'2022-06-15 08:04:12'),
(442,	5,	503,	'2022-06-15 08:04:12',	'2022-06-15 08:04:12'),
(443,	5,	504,	'2022-06-15 08:04:12',	'2022-06-15 08:04:12'),
(444,	5,	505,	'2022-06-15 08:04:13',	'2022-06-15 08:04:13'),
(445,	5,	506,	'2022-06-15 08:04:13',	'2022-06-15 08:04:13'),
(446,	5,	507,	'2022-06-15 08:04:13',	'2022-06-15 08:04:13'),
(447,	5,	508,	'2022-06-15 08:04:13',	'2022-06-15 08:04:13'),
(448,	5,	509,	'2022-06-15 08:04:13',	'2022-06-15 08:04:13'),
(449,	5,	510,	'2022-06-15 08:04:13',	'2022-06-15 08:04:13'),
(450,	5,	511,	'2022-06-15 08:04:13',	'2022-06-15 08:04:13'),
(451,	5,	512,	'2022-06-15 08:04:13',	'2022-06-15 08:04:13'),
(452,	5,	513,	'2022-06-15 08:04:13',	'2022-06-15 08:04:13'),
(453,	5,	514,	'2022-06-15 08:04:13',	'2022-06-15 08:04:13'),
(454,	5,	515,	'2022-06-15 08:04:13',	'2022-06-15 08:04:13'),
(455,	5,	516,	'2022-06-15 08:04:13',	'2022-06-15 08:04:13'),
(456,	5,	517,	'2022-06-15 08:04:13',	'2022-06-15 08:04:13'),
(457,	5,	518,	'2022-06-15 08:04:13',	'2022-06-15 08:04:13'),
(458,	5,	519,	'2022-06-15 08:04:13',	'2022-06-15 08:04:13'),
(459,	5,	520,	'2022-06-15 08:04:13',	'2022-06-15 08:04:13'),
(460,	5,	521,	'2022-06-15 08:04:13',	'2022-06-15 08:04:13'),
(461,	5,	522,	'2022-06-15 08:04:13',	'2022-06-15 08:04:13'),
(462,	5,	523,	'2022-06-15 08:04:13',	'2022-06-15 08:04:13'),
(463,	5,	524,	'2022-06-15 08:04:13',	'2022-06-15 08:04:13'),
(464,	5,	525,	'2022-06-15 08:04:13',	'2022-06-15 08:04:13'),
(465,	5,	526,	'2022-06-15 08:04:13',	'2022-06-15 08:04:13'),
(466,	5,	527,	'2022-06-15 08:04:13',	'2022-06-15 08:04:13'),
(467,	5,	528,	'2022-06-15 08:04:13',	'2022-06-15 08:04:13'),
(468,	5,	529,	'2022-06-15 08:04:13',	'2022-06-15 08:04:13'),
(469,	5,	530,	'2022-06-15 08:04:13',	'2022-06-15 08:04:13'),
(470,	5,	531,	'2022-06-15 08:04:13',	'2022-06-15 08:04:13'),
(471,	5,	532,	'2022-06-15 08:04:13',	'2022-06-15 08:04:13'),
(472,	5,	533,	'2022-06-15 08:04:13',	'2022-06-15 08:04:13'),
(473,	5,	534,	'2022-06-15 08:04:13',	'2022-06-15 08:04:13'),
(474,	5,	535,	'2022-06-15 08:04:13',	'2022-06-15 08:04:13'),
(475,	5,	536,	'2022-06-15 08:04:13',	'2022-06-15 08:04:13'),
(476,	5,	537,	'2022-06-15 08:04:13',	'2022-06-15 08:04:13'),
(477,	5,	538,	'2022-06-15 08:04:13',	'2022-06-15 08:04:13'),
(478,	5,	539,	'2022-06-15 08:04:13',	'2022-06-15 08:04:13'),
(479,	5,	540,	'2022-06-15 08:04:13',	'2022-06-15 08:04:13'),
(480,	5,	541,	'2022-06-15 08:04:13',	'2022-06-15 08:04:13'),
(481,	5,	542,	'2022-06-15 08:04:13',	'2022-06-15 08:04:13'),
(482,	5,	543,	'2022-06-15 08:04:13',	'2022-06-15 08:04:13'),
(483,	5,	544,	'2022-06-15 08:04:13',	'2022-06-15 08:04:13'),
(484,	5,	545,	'2022-06-15 08:04:13',	'2022-06-15 08:04:13'),
(485,	5,	546,	'2022-06-15 08:04:13',	'2022-06-15 08:04:13'),
(486,	5,	547,	'2022-06-15 08:04:13',	'2022-06-15 08:04:13'),
(487,	5,	548,	'2022-06-15 08:04:13',	'2022-06-15 08:04:13'),
(488,	5,	549,	'2022-06-15 08:04:13',	'2022-06-15 08:04:13'),
(489,	5,	550,	'2022-06-15 08:04:13',	'2022-06-15 08:04:13'),
(490,	5,	551,	'2022-06-15 08:04:13',	'2022-06-15 08:04:13'),
(491,	5,	552,	'2022-06-15 08:04:13',	'2022-06-15 08:04:13'),
(492,	5,	553,	'2022-06-15 08:04:13',	'2022-06-15 08:04:13'),
(493,	5,	554,	'2022-06-15 08:04:13',	'2022-06-15 08:04:13'),
(494,	5,	555,	'2022-06-15 08:04:13',	'2022-06-15 08:04:13'),
(495,	5,	556,	'2022-06-15 08:04:13',	'2022-06-15 08:04:13'),
(496,	5,	557,	'2022-06-15 08:04:13',	'2022-06-15 08:04:13'),
(497,	5,	558,	'2022-06-15 08:04:13',	'2022-06-15 08:04:13'),
(498,	5,	559,	'2022-06-15 08:04:13',	'2022-06-15 08:04:13'),
(499,	5,	560,	'2022-06-15 08:04:13',	'2022-06-15 08:04:13'),
(500,	5,	561,	'2022-06-15 08:04:13',	'2022-06-15 08:04:13'),
(501,	5,	562,	'2022-06-15 08:04:13',	'2022-06-15 08:04:13'),
(502,	5,	563,	'2022-06-15 08:04:13',	'2022-06-15 08:04:13'),
(503,	5,	564,	'2022-06-15 08:04:13',	'2022-06-15 08:04:13'),
(504,	5,	565,	'2022-06-15 08:04:13',	'2022-06-15 08:04:13'),
(505,	5,	566,	'2022-06-15 08:04:13',	'2022-06-15 08:04:13'),
(506,	5,	567,	'2022-06-15 08:04:13',	'2022-06-15 08:04:13'),
(507,	5,	568,	'2022-06-15 08:04:13',	'2022-06-15 08:04:13'),
(508,	5,	569,	'2022-06-15 08:04:13',	'2022-06-15 08:04:13'),
(509,	5,	570,	'2022-06-15 08:04:13',	'2022-06-15 08:04:13'),
(510,	5,	571,	'2022-06-15 08:04:13',	'2022-06-15 08:04:13'),
(511,	5,	572,	'2022-06-15 08:04:13',	'2022-06-15 08:04:13'),
(512,	5,	573,	'2022-06-15 08:04:13',	'2022-06-15 08:04:13'),
(513,	5,	574,	'2022-06-15 08:04:13',	'2022-06-15 08:04:13'),
(514,	5,	575,	'2022-06-15 08:04:13',	'2022-06-15 08:04:13'),
(515,	5,	576,	'2022-06-15 08:04:13',	'2022-06-15 08:04:13'),
(516,	5,	577,	'2022-06-15 08:04:13',	'2022-06-15 08:04:13'),
(517,	5,	578,	'2022-06-15 08:04:13',	'2022-06-15 08:04:13'),
(518,	5,	579,	'2022-06-15 08:04:13',	'2022-06-15 08:04:13'),
(519,	5,	580,	'2022-06-15 08:04:13',	'2022-06-15 08:04:13'),
(520,	5,	581,	'2022-06-15 08:04:13',	'2022-06-15 08:04:13'),
(521,	5,	582,	'2022-06-15 08:04:14',	'2022-06-15 08:04:14'),
(522,	5,	583,	'2022-06-15 08:04:14',	'2022-06-15 08:04:14'),
(523,	5,	584,	'2022-06-15 08:04:14',	'2022-06-15 08:04:14'),
(524,	5,	585,	'2022-06-15 08:04:14',	'2022-06-15 08:04:14'),
(525,	5,	586,	'2022-06-15 08:04:14',	'2022-06-15 08:04:14'),
(526,	5,	587,	'2022-06-15 08:04:14',	'2022-06-15 08:04:14'),
(527,	5,	588,	'2022-06-15 08:04:14',	'2022-06-15 08:04:14'),
(528,	5,	589,	'2022-06-15 08:04:14',	'2022-06-15 08:04:14'),
(529,	5,	590,	'2022-06-15 08:04:14',	'2022-06-15 08:04:14'),
(530,	5,	591,	'2022-06-15 08:04:14',	'2022-06-15 08:04:14'),
(531,	5,	592,	'2022-06-15 08:04:14',	'2022-06-15 08:04:14'),
(532,	5,	593,	'2022-06-15 08:04:14',	'2022-06-15 08:04:14'),
(533,	5,	594,	'2022-06-15 08:04:14',	'2022-06-15 08:04:14'),
(534,	5,	595,	'2022-06-15 08:04:14',	'2022-06-15 08:04:14'),
(535,	5,	596,	'2022-06-15 08:04:14',	'2022-06-15 08:04:14'),
(536,	5,	597,	'2022-06-15 08:04:14',	'2022-06-15 08:04:14'),
(537,	5,	598,	'2022-06-15 08:04:14',	'2022-06-15 08:04:14'),
(538,	5,	599,	'2022-06-15 08:04:14',	'2022-06-15 08:04:14'),
(539,	5,	600,	'2022-06-15 08:04:14',	'2022-06-15 08:04:14'),
(540,	7,	601,	'2022-06-15 08:20:14',	'2022-06-15 08:20:14'),
(541,	7,	602,	'2022-06-15 08:20:14',	'2022-06-15 08:20:14'),
(542,	7,	603,	'2022-06-15 08:20:14',	'2022-06-15 08:20:14'),
(543,	7,	604,	'2022-06-15 08:20:14',	'2022-06-15 08:20:14'),
(544,	7,	605,	'2022-06-15 08:20:14',	'2022-06-15 08:20:14'),
(545,	7,	606,	'2022-06-15 08:20:14',	'2022-06-15 08:20:14'),
(546,	7,	607,	'2022-06-15 08:20:14',	'2022-06-15 08:20:14'),
(547,	7,	608,	'2022-06-15 08:20:14',	'2022-06-15 08:20:14'),
(548,	7,	609,	'2022-06-15 08:20:14',	'2022-06-15 08:20:14'),
(549,	7,	610,	'2022-06-15 08:20:14',	'2022-06-15 08:20:14'),
(550,	7,	611,	'2022-06-15 08:20:14',	'2022-06-15 08:20:14'),
(551,	7,	612,	'2022-06-15 08:20:14',	'2022-06-15 08:20:14'),
(552,	7,	613,	'2022-06-15 08:20:14',	'2022-06-15 08:20:14'),
(553,	7,	614,	'2022-06-15 08:20:14',	'2022-06-15 08:20:14'),
(554,	7,	615,	'2022-06-15 08:20:14',	'2022-06-15 08:20:14'),
(555,	7,	616,	'2022-06-15 08:20:14',	'2022-06-15 08:20:14'),
(556,	7,	617,	'2022-06-15 08:20:14',	'2022-06-15 08:20:14'),
(557,	7,	618,	'2022-06-15 08:20:14',	'2022-06-15 08:20:14'),
(558,	7,	619,	'2022-06-15 08:20:14',	'2022-06-15 08:20:14'),
(559,	7,	620,	'2022-06-15 08:20:14',	'2022-06-15 08:20:14'),
(560,	7,	621,	'2022-06-15 08:20:14',	'2022-06-15 08:20:14'),
(561,	7,	622,	'2022-06-15 08:20:14',	'2022-06-15 08:20:14'),
(562,	7,	623,	'2022-06-15 08:20:14',	'2022-06-15 08:20:14'),
(563,	7,	624,	'2022-06-15 08:20:14',	'2022-06-15 08:20:14'),
(564,	7,	625,	'2022-06-15 08:20:14',	'2022-06-15 08:20:14'),
(565,	7,	626,	'2022-06-15 08:20:14',	'2022-06-15 08:20:14'),
(566,	7,	627,	'2022-06-15 08:20:14',	'2022-06-15 08:20:14'),
(567,	7,	628,	'2022-06-15 08:20:14',	'2022-06-15 08:20:14'),
(568,	7,	629,	'2022-06-15 08:20:14',	'2022-06-15 08:20:14'),
(569,	7,	630,	'2022-06-15 08:20:14',	'2022-06-15 08:20:14'),
(570,	7,	631,	'2022-06-15 08:20:14',	'2022-06-15 08:20:14'),
(571,	7,	632,	'2022-06-15 08:20:14',	'2022-06-15 08:20:14'),
(572,	7,	633,	'2022-06-15 08:20:14',	'2022-06-15 08:20:14'),
(573,	7,	634,	'2022-06-15 08:20:14',	'2022-06-15 08:20:14'),
(574,	7,	635,	'2022-06-15 08:20:14',	'2022-06-15 08:20:14'),
(575,	7,	636,	'2022-06-15 08:20:15',	'2022-06-15 08:20:15'),
(576,	7,	637,	'2022-06-15 08:20:15',	'2022-06-15 08:20:15'),
(577,	7,	638,	'2022-06-15 08:20:15',	'2022-06-15 08:20:15'),
(578,	7,	639,	'2022-06-15 08:20:15',	'2022-06-15 08:20:15'),
(579,	7,	640,	'2022-06-15 08:20:15',	'2022-06-15 08:20:15'),
(580,	7,	641,	'2022-06-15 08:20:15',	'2022-06-15 08:20:15'),
(581,	7,	642,	'2022-06-15 08:20:15',	'2022-06-15 08:20:15'),
(582,	7,	643,	'2022-06-15 08:20:15',	'2022-06-15 08:20:15'),
(583,	7,	644,	'2022-06-15 08:20:15',	'2022-06-15 08:20:15'),
(584,	7,	645,	'2022-06-15 08:20:15',	'2022-06-15 08:20:15'),
(585,	7,	646,	'2022-06-15 08:20:15',	'2022-06-15 08:20:15'),
(586,	7,	647,	'2022-06-15 08:20:15',	'2022-06-15 08:20:15'),
(587,	7,	648,	'2022-06-15 08:20:15',	'2022-06-15 08:20:15'),
(588,	7,	649,	'2022-06-15 08:20:15',	'2022-06-15 08:20:15'),
(589,	7,	650,	'2022-06-15 08:20:15',	'2022-06-15 08:20:15'),
(590,	7,	651,	'2022-06-15 08:20:15',	'2022-06-15 08:20:15'),
(591,	7,	652,	'2022-06-15 08:20:15',	'2022-06-15 08:20:15'),
(592,	7,	653,	'2022-06-15 08:20:15',	'2022-06-15 08:20:15'),
(593,	7,	654,	'2022-06-15 08:20:15',	'2022-06-15 08:20:15'),
(594,	7,	655,	'2022-06-15 08:20:15',	'2022-06-15 08:20:15'),
(595,	7,	656,	'2022-06-15 08:20:15',	'2022-06-15 08:20:15'),
(596,	7,	657,	'2022-06-15 08:20:15',	'2022-06-15 08:20:15'),
(597,	7,	658,	'2022-06-15 08:20:15',	'2022-06-15 08:20:15'),
(598,	7,	659,	'2022-06-15 08:20:15',	'2022-06-15 08:20:15'),
(599,	7,	660,	'2022-06-15 08:20:15',	'2022-06-15 08:20:15'),
(600,	7,	661,	'2022-06-15 08:20:15',	'2022-06-15 08:20:15'),
(601,	7,	662,	'2022-06-15 08:20:15',	'2022-06-15 08:20:15'),
(602,	7,	663,	'2022-06-15 08:20:15',	'2022-06-15 08:20:15'),
(603,	7,	664,	'2022-06-15 08:20:15',	'2022-06-15 08:20:15'),
(604,	7,	665,	'2022-06-15 08:20:15',	'2022-06-15 08:20:15'),
(605,	7,	666,	'2022-06-15 08:20:15',	'2022-06-15 08:20:15'),
(606,	7,	667,	'2022-06-15 08:20:15',	'2022-06-15 08:20:15'),
(607,	7,	668,	'2022-06-15 08:20:15',	'2022-06-15 08:20:15'),
(608,	7,	669,	'2022-06-15 08:20:15',	'2022-06-15 08:20:15'),
(609,	7,	670,	'2022-06-15 08:20:15',	'2022-06-15 08:20:15'),
(610,	7,	671,	'2022-06-15 08:20:15',	'2022-06-15 08:20:15'),
(611,	7,	672,	'2022-06-15 08:20:15',	'2022-06-15 08:20:15'),
(612,	7,	673,	'2022-06-15 08:20:15',	'2022-06-15 08:20:15'),
(613,	7,	674,	'2022-06-15 08:20:15',	'2022-06-15 08:20:15'),
(614,	7,	675,	'2022-06-15 08:20:15',	'2022-06-15 08:20:15'),
(615,	7,	676,	'2022-06-15 08:20:15',	'2022-06-15 08:20:15'),
(616,	7,	677,	'2022-06-15 08:20:15',	'2022-06-15 08:20:15'),
(617,	7,	678,	'2022-06-15 08:20:15',	'2022-06-15 08:20:15'),
(618,	7,	679,	'2022-06-15 08:20:15',	'2022-06-15 08:20:15'),
(619,	7,	680,	'2022-06-15 08:20:15',	'2022-06-15 08:20:15'),
(620,	7,	681,	'2022-06-15 08:20:15',	'2022-06-15 08:20:15'),
(621,	7,	682,	'2022-06-15 08:20:15',	'2022-06-15 08:20:15'),
(622,	7,	683,	'2022-06-15 08:20:15',	'2022-06-15 08:20:15'),
(623,	7,	684,	'2022-06-15 08:20:15',	'2022-06-15 08:20:15'),
(624,	7,	685,	'2022-06-15 08:20:15',	'2022-06-15 08:20:15'),
(625,	7,	686,	'2022-06-15 08:20:15',	'2022-06-15 08:20:15'),
(626,	7,	687,	'2022-06-15 08:20:15',	'2022-06-15 08:20:15'),
(627,	7,	688,	'2022-06-15 08:20:15',	'2022-06-15 08:20:15'),
(628,	7,	689,	'2022-06-15 08:20:15',	'2022-06-15 08:20:15'),
(629,	7,	690,	'2022-06-15 08:20:15',	'2022-06-15 08:20:15'),
(630,	7,	691,	'2022-06-15 08:20:15',	'2022-06-15 08:20:15'),
(631,	7,	692,	'2022-06-15 08:20:15',	'2022-06-15 08:20:15'),
(632,	7,	693,	'2022-06-15 08:20:15',	'2022-06-15 08:20:15'),
(633,	7,	694,	'2022-06-15 08:20:15',	'2022-06-15 08:20:15'),
(634,	7,	695,	'2022-06-15 08:20:15',	'2022-06-15 08:20:15'),
(635,	7,	696,	'2022-06-15 08:20:15',	'2022-06-15 08:20:15'),
(636,	7,	697,	'2022-06-15 08:20:15',	'2022-06-15 08:20:15'),
(637,	7,	698,	'2022-06-15 08:20:15',	'2022-06-15 08:20:15'),
(638,	7,	699,	'2022-06-15 08:20:15',	'2022-06-15 08:20:15'),
(639,	7,	700,	'2022-06-15 08:20:15',	'2022-06-15 08:20:15');

DROP TABLE IF EXISTS `config`;
CREATE TABLE `config` (
  `id` int NOT NULL AUTO_INCREMENT,
  `type` varchar(255) CHARACTER SET utf8mb4 COLLATE utf8mb4_0900_ai_ci DEFAULT NULL,
  `link` varchar(255) CHARACTER SET utf8mb4 COLLATE utf8mb4_0900_ai_ci DEFAULT NULL,
  `content` varchar(255) CHARACTER SET utf8mb4 COLLATE utf8mb4_0900_ai_ci DEFAULT NULL,
  `createdAt` datetime NOT NULL DEFAULT CURRENT_TIMESTAMP,
  `updatedAt` datetime NOT NULL DEFAULT CURRENT_TIMESTAMP,
  PRIMARY KEY (`id`)
) ENGINE=InnoDB DEFAULT CHARSET=utf8mb4 COLLATE=utf8mb4_0900_ai_ci;

INSERT INTO `config` (`id`, `type`, `link`, `content`, `createdAt`, `updatedAt`) VALUES
(1,	'facebook',	'https://www.facebook.com/',	NULL,	'2022-06-15 15:38:40',	'2022-06-15 15:38:40'),
(3,	'youtobe',	'https://www.youtube.com/',	NULL,	'2022-06-15 15:39:05',	'2022-06-15 15:39:05'),
(4,	'tiktok',	'https://www.tiktok.com/',	NULL,	'2022-06-15 15:40:29',	'2022-06-15 15:40:29'),
(5,	'phone',	NULL,	'0917111666',	'2022-06-15 15:40:42',	'2022-06-15 15:40:42'),
(6,	'address',	NULL,	'268 Tô Hiến Thành, P.15 Q.10, Tp.HCM',	'2022-06-15 15:40:55',	'2022-06-15 15:40:55'),
(7,	'email',	NULL,	'tuannh@c3tek.biz',	'2022-06-15 15:41:06',	'2022-06-15 15:41:06');

DROP TABLE IF EXISTS `page`;
CREATE TABLE `page` (
  `id` int NOT NULL AUTO_INCREMENT,
  `name` varchar(255) NOT NULL,
  `page_type` enum('FRONT_PAGE','DEFAULT') NOT NULL DEFAULT 'DEFAULT',
  `user_id` int DEFAULT NULL,
  `createdAt` datetime NOT NULL DEFAULT CURRENT_TIMESTAMP,
  `updatedAt` datetime NOT NULL DEFAULT CURRENT_TIMESTAMP,
  PRIMARY KEY (`id`),
  UNIQUE KEY `name` (`name`),
  KEY `user_id` (`user_id`),
  CONSTRAINT `page_ibfk_1` FOREIGN KEY (`user_id`) REFERENCES `users` (`id`) ON DELETE CASCADE ON UPDATE CASCADE
) ENGINE=InnoDB DEFAULT CHARSET=utf8mb4 COLLATE=utf8mb4_0900_ai_ci;

INSERT INTO `page` (`id`, `name`, `page_type`, `user_id`, `createdAt`, `updatedAt`) VALUES
(1,	'HOME',	'FRONT_PAGE',	1,	'2022-06-15 04:44:05',	'2022-06-15 04:44:05'),
(2,	'ESport',	'DEFAULT',	4,	'2022-06-15 04:44:05',	'2022-06-15 04:44:05'),
(3,	'GameCard',	'DEFAULT',	1,	'2022-06-15 04:44:05',	'2022-06-15 04:44:05'),
(4,	'Discount',	'DEFAULT',	3,	'2022-06-15 04:44:05',	'2022-06-15 04:44:05'),
(5,	'Videos',	'DEFAULT',	1,	'2022-06-15 04:44:05',	'2022-06-15 04:44:05'),
(6,	'AGENCY',	'DEFAULT',	4,	'2022-06-15 04:44:05',	'2022-06-15 04:44:05'),
(7,	'SUBSCRIBE',	'DEFAULT',	2,	'2022-06-15 15:15:22',	'2022-06-15 15:15:22');

DROP TABLE IF EXISTS `page_items`;
CREATE TABLE `page_items` (
  `id` int NOT NULL AUTO_INCREMENT,
  `page_id` int NOT NULL,
  `page_type_id` int NOT NULL,
  `post_id` int NOT NULL,
  `order` int NOT NULL,
  `createdAt` datetime NOT NULL DEFAULT CURRENT_TIMESTAMP,
  `updatedAt` datetime NOT NULL DEFAULT CURRENT_TIMESTAMP,
  PRIMARY KEY (`id`),
  KEY `page_type_id` (`page_type_id`),
  KEY `page_id` (`page_id`),
  KEY `post_id` (`post_id`),
  CONSTRAINT `page_items_ibfk_1` FOREIGN KEY (`page_type_id`) REFERENCES `page_types` (`id`) ON DELETE CASCADE ON UPDATE CASCADE,
  CONSTRAINT `page_items_ibfk_2` FOREIGN KEY (`page_id`) REFERENCES `page` (`id`) ON DELETE CASCADE ON UPDATE CASCADE,
  CONSTRAINT `page_items_ibfk_3` FOREIGN KEY (`post_id`) REFERENCES `posts` (`id`) ON DELETE CASCADE ON UPDATE CASCADE
) ENGINE=InnoDB DEFAULT CHARSET=utf8mb4 COLLATE=utf8mb4_0900_ai_ci;

INSERT INTO `page_items` (`id`, `page_id`, `page_type_id`, `post_id`, `order`, `createdAt`, `updatedAt`) VALUES
(1,	1,	1,	325,	1,	'2022-06-15 14:09:41',	'2022-06-15 14:09:41'),
(2,	1,	1,	92,	2,	'2022-06-15 14:09:41',	'2022-06-15 14:09:41'),
(3,	1,	1,	98,	3,	'2022-06-15 14:09:41',	'2022-06-15 14:09:41'),
(4,	1,	1,	105,	4,	'2022-06-15 14:09:41',	'2022-06-15 14:09:41'),
(5,	1,	1,	111,	5,	'2022-06-15 14:09:41',	'2022-06-15 14:09:41'),
(6,	4,	13,	325,	1,	'2022-06-15 14:09:41',	'2022-06-15 14:09:41'),
(7,	4,	13,	92,	2,	'2022-06-15 14:09:41',	'2022-06-15 14:09:41'),
(8,	4,	13,	98,	3,	'2022-06-15 14:09:41',	'2022-06-15 14:09:41'),
(9,	4,	13,	105,	4,	'2022-06-15 14:09:41',	'2022-06-15 14:09:41'),
(10,	4,	13,	111,	5,	'2022-06-15 14:09:41',	'2022-06-15 14:09:41'),
(13,	5,	15,	3,	1,	'2022-06-15 14:09:41',	'2022-06-15 14:09:41'),
(14,	5,	15,	10,	2,	'2022-06-15 14:09:41',	'2022-06-15 14:09:41'),
(15,	5,	15,	16,	3,	'2022-06-15 14:09:41',	'2022-06-15 14:09:41'),
(16,	5,	15,	22,	4,	'2022-06-15 14:09:41',	'2022-06-15 14:09:41'),
(17,	5,	15,	28,	5,	'2022-06-15 14:09:41',	'2022-06-15 14:09:41'),
(20,	3,	9,	27,	1,	'2022-06-15 14:09:41',	'2022-06-15 14:09:41'),
(21,	3,	9,	14,	2,	'2022-06-15 14:09:41',	'2022-06-15 14:09:41'),
(22,	3,	9,	93,	3,	'2022-06-15 14:09:41',	'2022-06-15 14:09:41'),
(23,	3,	9,	1,	4,	'2022-06-15 14:09:41',	'2022-06-15 14:09:41'),
(24,	3,	9,	8,	5,	'2022-06-15 14:09:41',	'2022-06-15 14:09:41'),
(27,	2,	5,	325,	1,	'2022-06-15 14:09:41',	'2022-06-15 14:09:41'),
(28,	2,	5,	92,	2,	'2022-06-15 14:09:41',	'2022-06-15 14:09:41'),
(29,	2,	5,	98,	3,	'2022-06-15 14:09:41',	'2022-06-15 14:09:41'),
(30,	2,	5,	105,	4,	'2022-06-15 14:09:41',	'2022-06-15 14:09:41'),
(31,	2,	5,	111,	5,	'2022-06-15 14:09:41',	'2022-06-15 14:09:41'),
(34,	1,	2,	4,	1,	'2022-06-15 14:17:04',	'2022-06-15 14:17:04'),
(35,	1,	3,	12,	1,	'2022-06-15 14:32:14',	'2022-06-15 14:32:14'),
(36,	1,	20,	151,	1,	'2022-06-15 14:36:06',	'2022-06-15 14:36:06'),
(37,	1,	20,	156,	2,	'2022-06-15 14:36:06',	'2022-06-15 14:36:06'),
(38,	1,	20,	161,	3,	'2022-06-15 14:36:06',	'2022-06-15 14:36:06'),
(39,	1,	20,	167,	4,	'2022-06-15 14:36:06',	'2022-06-15 14:36:06'),
(40,	1,	20,	173,	5,	'2022-06-15 14:36:06',	'2022-06-15 14:36:06'),
(41,	1,	20,	177,	6,	'2022-06-15 14:36:06',	'2022-06-15 14:36:06'),
(42,	1,	20,	182,	7,	'2022-06-15 14:36:06',	'2022-06-15 14:36:06'),
(43,	2,	5,	325,	1,	'2022-06-15 14:09:41',	'2022-06-15 14:09:41'),
(44,	2,	5,	92,	2,	'2022-06-15 14:09:41',	'2022-06-15 14:09:41'),
(45,	2,	5,	98,	3,	'2022-06-15 14:09:41',	'2022-06-15 14:09:41'),
(46,	2,	5,	105,	4,	'2022-06-15 14:09:41',	'2022-06-15 14:09:41'),
(47,	2,	5,	111,	5,	'2022-06-15 14:09:41',	'2022-06-15 14:09:41'),
(50,	2,	6,	4,	1,	'2022-06-15 14:17:04',	'2022-06-15 14:17:04'),
(51,	3,	10,	4,	1,	'2022-06-15 14:17:04',	'2022-06-15 14:17:04'),
(52,	5,	16,	4,	1,	'2022-06-15 14:17:04',	'2022-06-15 14:17:04');

DROP TABLE IF EXISTS `page_types`;
CREATE TABLE `page_types` (
  `id` int NOT NULL AUTO_INCREMENT,
  `name` varchar(255) NOT NULL,
  `order` int NOT NULL,
  `type` enum('POST','CATEGORY','ADS') NOT NULL DEFAULT 'POST',
  `category_id` int DEFAULT NULL,
  `page_id` int NOT NULL,
  `user_id` int NOT NULL,
  `createdAt` datetime NOT NULL DEFAULT CURRENT_TIMESTAMP,
  `updatedAt` datetime NOT NULL DEFAULT CURRENT_TIMESTAMP,
  PRIMARY KEY (`id`),
  KEY `category_id` (`category_id`),
  KEY `page_id` (`page_id`),
  KEY `user_id` (`user_id`),
  CONSTRAINT `page_types_ibfk_1` FOREIGN KEY (`category_id`) REFERENCES `categories` (`id`) ON DELETE SET NULL ON UPDATE CASCADE,
  CONSTRAINT `page_types_ibfk_2` FOREIGN KEY (`page_id`) REFERENCES `page` (`id`) ON DELETE CASCADE ON UPDATE CASCADE,
  CONSTRAINT `page_types_ibfk_3` FOREIGN KEY (`user_id`) REFERENCES `users` (`id`) ON UPDATE CASCADE
) ENGINE=InnoDB DEFAULT CHARSET=utf8mb4 COLLATE=utf8mb4_0900_ai_ci;

INSERT INTO `page_types` (`id`, `name`, `order`, `type`, `category_id`, `page_id`, `user_id`, `createdAt`, `updatedAt`) VALUES
(1,	'Highlight',	1,	'POST',	NULL,	1,	4,	'2022-06-15 04:44:17',	'2022-06-15 04:44:17'),
(2,	'Advertisement 1',	2,	'ADS',	NULL,	1,	2,	'2022-06-15 04:44:17',	'2022-06-15 04:44:17'),
(3,	'Game Mobile Hot',	3,	'CATEGORY',	6,	1,	3,	'2022-06-15 04:44:17',	'2022-06-15 04:44:17'),
(4,	'Advertisement 2',	4,	'ADS',	NULL,	1,	3,	'2022-06-15 04:44:17',	'2022-06-15 04:44:17'),
(5,	'Highlight',	1,	'POST',	NULL,	2,	1,	'2022-06-15 04:44:17',	'2022-06-15 04:44:17'),
(6,	'Advertisement 1',	2,	'ADS',	NULL,	2,	1,	'2022-06-15 04:44:17',	'2022-06-15 04:44:17'),
(7,	'Game Mobile Hot',	3,	'CATEGORY',	6,	2,	1,	'2022-06-15 04:44:17',	'2022-06-15 04:44:17'),
(8,	'Post Lasted',	4,	'CATEGORY',	1,	2,	3,	'2022-06-15 04:44:17',	'2022-06-15 04:44:17'),
(9,	'Highlight',	1,	'POST',	NULL,	3,	2,	'2022-06-15 04:44:17',	'2022-06-15 04:44:17'),
(10,	'Advertisement 1',	2,	'ADS',	NULL,	3,	2,	'2022-06-15 04:44:17',	'2022-06-15 04:44:17'),
(11,	'Game Mobile Hot',	3,	'CATEGORY',	6,	3,	3,	'2022-06-15 04:44:17',	'2022-06-15 04:44:17'),
(12,	'Card Lasted',	4,	'CATEGORY',	2,	3,	4,	'2022-06-15 04:44:17',	'2022-06-15 04:44:17'),
(13,	'Highlight',	1,	'POST',	NULL,	4,	3,	'2022-06-15 04:44:17',	'2022-06-15 04:44:17'),
(14,	'Discount Lasted',	2,	'CATEGORY',	3,	4,	1,	'2022-06-15 04:44:17',	'2022-06-15 04:44:17'),
(15,	'Highlight',	1,	'POST',	NULL,	5,	4,	'2022-06-15 04:44:17',	'2022-06-15 04:44:17'),
(16,	'Advertisement 1',	2,	'ADS',	NULL,	5,	3,	'2022-06-15 04:44:17',	'2022-06-15 04:44:17'),
(17,	'Game Mobile Hot',	3,	'CATEGORY',	6,	5,	4,	'2022-06-15 04:44:17',	'2022-06-15 04:44:17'),
(18,	'Video Lasted',	4,	'CATEGORY',	4,	5,	1,	'2022-06-15 04:44:17',	'2022-06-15 04:44:17'),
(19,	'AGENCY',	1,	'CATEGORY',	5,	6,	1,	'2022-06-15 04:44:17',	'2022-06-15 04:44:17'),
(20,	'Most interested',	5,	'POST',	NULL,	1,	4,	'2022-06-15 04:44:17',	'2022-06-15 04:44:17'),
(21,	'SUBSCRIBE',	1,	'CATEGORY',	7,	7,	2,	'2022-06-15 15:17:49',	'2022-06-15 15:17:49');

DROP TABLE IF EXISTS `posts`;
CREATE TABLE `posts` (
  `id` int NOT NULL AUTO_INCREMENT,
  `title` varchar(255) DEFAULT NULL,
  `link` varchar(500) DEFAULT NULL,
  `image` varchar(500) DEFAULT NULL,
  `video` varchar(500) DEFAULT NULL,
  `content` varchar(255) DEFAULT NULL,
  `type` enum('DEFAULT','VIDEO','CARD','GAME_MOBILE','SUBSCRIBE','ADS','AGENCY') CHARACTER SET utf8mb4 COLLATE utf8mb4_0900_ai_ci DEFAULT 'DEFAULT',
  `promotion` int DEFAULT NULL,
  `view` int NOT NULL DEFAULT '0',
  `pricing` int DEFAULT '0',
  `user_id` int DEFAULT NULL,
  `createdAt` datetime NOT NULL DEFAULT CURRENT_TIMESTAMP,
  `updatedAt` datetime NOT NULL DEFAULT CURRENT_TIMESTAMP,
  PRIMARY KEY (`id`),
  KEY `user_id` (`user_id`),
  CONSTRAINT `posts_ibfk_1` FOREIGN KEY (`user_id`) REFERENCES `users` (`id`) ON DELETE CASCADE ON UPDATE CASCADE
) ENGINE=InnoDB DEFAULT CHARSET=utf8mb4 COLLATE=utf8mb4_0900_ai_ci;

INSERT INTO `posts` (`id`, `title`, `link`, `image`, `video`, `content`, `type`, `promotion`, `view`, `pricing`, `user_id`, `createdAt`, `updatedAt`) VALUES
(1,	'Người mua đất khu đô thị Thanh Hà Cienco 5 bị \"treo\" xây dựng',	'https://askubuntu.com/questions/617850/changing-from-user-to-superuser',	'https://www.zenithtechs.com/wp-content/uploads/2021/06/remove-background-from-image-with-remove-bg-tutorials.jpg',	NULL,	NULL,	'CARD',	30,	0,	50000,	1,	'2022-06-15 06:56:02',	'2022-06-15 06:56:02'),
(2,	'Thanh tra đường \"nhồi\" cao ốc Lê Văn Lương - Tố Hữu, lộ đầy rẫy vi phạm',	'https://dantri.com.vn/xa-hoi/vu-sung-sot-phat-hien-minh-da-chet-con-nhieu-ban-tuong-tu-20220612211104630.htm',	'https://helpx.adobe.com/content/dam/help/en/stock/how-to/visual-reverse-image-search/jcr_content/main-pars/image/visual-reverse-image-search-v2_intro.jpg',	NULL,	'(Dân trí) - Liên quan đến vụ Việt Á, đến nay, Cơ quan điều tra Bộ Công an, Bộ Quốc phòng và Công an các địa phương đã khởi tố 70 đối tượng, trong đó có hai cựu Bộ trưởng Bộ Y tế và Bộ Khoa học và Công nghệ.',	'DEFAULT',	NULL,	0,	0,	4,	'2022-06-15 06:56:02',	'2022-06-15 06:56:02'),
(3,	'Siết bất động sản có phải là \"bóp nghẹt\", gây khó?',	NULL,	NULL,	'https://www.youtube.com/embed/8g9fmiNVYNI',	NULL,	'VIDEO',	NULL,	0,	0,	1,	'2022-06-15 06:56:02',	'2022-06-15 06:56:02'),
(4,	'Siết bất động sản có phải là \"bóp nghẹt\", gây khó?',	'https://www.figma.com/file/0f0q91Q6btTLbfHnmAwaBg/Tin-t%E1%BB%A9c-game-Vi%E1%BB%87t?node-id=0%3A1',	'https://encrypted-tbn0.gstatic.com/images?q=tbn:ANd9GcRAd_Di-ZXvs7369z-X9C9o_tDblUPi3eVkk7wWUe8IXcPcRVxz9Fo8aKpwIhZTuEfxkv0&usqp=CAU',	NULL,	NULL,	'ADS',	NULL,	0,	0,	3,	'2022-06-15 06:56:02',	'2022-06-15 06:56:02'),
(5,	'Sau nhiều ồn ào đấu giá đất, Hà Nội có quy định mới tiền đặt cọc',	'https://dantri.com.vn/bat-dong-san/siet-bat-dong-san-co-phai-la-bop-nghet-gay-kho-20220531230948689.htm',	'https://encrypted-tbn0.gstatic.com/images?q=tbn:ANd9GcQ6wGBbcC_rZFSn3PEF6L34jkUjgR6oER7o2sFXzzRmB-Rx2fqaQxKjcZWbpU4vrveQM60&usqp=CAU',	NULL,	NULL,	'GAME_MOBILE',	NULL,	0,	0,	3,	'2022-06-15 06:56:02',	'2022-06-15 06:56:02'),
(6,	'Vạch loạt \"góc khuất\" trong đấu giá đất, dìm giá từ 500 tỷ đồng còn một nửa',	'https://dantri.com.vn/xa-hoi/mua-lon-o-ha-noi-nhieu-xe-sang-bay-bien-so-ngap-sau-trong-nuoc-20220613232004762.htm',	'https://encrypted-tbn0.gstatic.com/images?q=tbn:ANd9GcQ9quVJ8hZqsPWgDRlIhFNwhpH3fS5xE75fe6uotxvTB3s9o4LsYCufH6uNcUaNOsPdn-8&usqp=CAU',	NULL,	NULL,	'ADS',	NULL,	0,	0,	1,	'2022-06-15 06:56:02',	'2022-06-15 06:56:02'),
(7,	'Giá xăng \"phát sốt\", Bộ Tài chính lại đưa ra thêm đề xuất mới',	'https://www.figma.com/file/0f0q91Q6btTLbfHnmAwaBg/Tin-t%E1%BB%A9c-game-Vi%E1%BB%87t?node-id=0%3A1',	'https://encrypted-tbn0.gstatic.com/images?q=tbn:ANd9GcQ6wGBbcC_rZFSn3PEF6L34jkUjgR6oER7o2sFXzzRmB-Rx2fqaQxKjcZWbpU4vrveQM60&usqp=CAU',	NULL,	'(Dân trí) - UBND TP Hà Nội khẳng định, đến nay chủ đầu tư Khu đô thị Thanh Hà Cienco 5 (Hà Nội) chưa hoàn thiện thủ tục pháp lý... nên chưa đủ điều kiện để tiếp tục triển khai xây dựng công trình.',	'DEFAULT',	NULL,	0,	0,	1,	'2022-06-15 06:56:02',	'2022-06-15 06:56:02'),
(8,	'Vụ xăng Malaysia 13.000 đồng/lít: Thủ tướng yêu cầu theo dõi kỹ để xử lý',	'https://dantri.com.vn/phap-luat/tam-giu-dien-vien-hai-huu-tin-dieu-tra-tang-tru-to-chuc-su-dung-ma-tuy-20220614192059913.htm',	'https://encrypted-tbn0.gstatic.com/images?q=tbn:ANd9GcTa6CFxEdks8wGHKZfuVBi8CRioiObB-e9pWivva33j5OwkDB7CEC94NjFDCNwXjtwge64&usqp=CAU',	NULL,	NULL,	'CARD',	20,	0,	20000,	2,	'2022-06-15 06:56:02',	'2022-06-15 06:56:02'),
(9,	'Dự án nào tại đường Lê Văn Lương \"ăn bớt\" chỗ cây xanh, biến 5 lên 30 tầng?',	'https://dantri.com.vn/bat-dong-san/siet-bat-dong-san-co-phai-la-bop-nghet-gay-kho-20220531230948689.htm',	'https://encrypted-tbn0.gstatic.com/images?q=tbn:ANd9GcTa6CFxEdks8wGHKZfuVBi8CRioiObB-e9pWivva33j5OwkDB7CEC94NjFDCNwXjtwge64&usqp=CAU',	NULL,	NULL,	'ADS',	NULL,	0,	0,	4,	'2022-06-15 06:56:02',	'2022-06-15 06:56:02'),
(10,	'Siết bất động sản có phải là \"bóp nghẹt\", gây khó?',	NULL,	NULL,	'https://www.youtube.com/embed/G64FJCq1SnI',	NULL,	'VIDEO',	NULL,	0,	0,	4,	'2022-06-15 06:56:02',	'2022-06-15 06:56:02'),
(11,	'Người mua đất khu đô thị Thanh Hà Cienco 5 bị \"treo\" xây dựng',	'https://dantri.com.vn/xa-hoi/them-nhieu-thieu-nien-bi-dua-sang-campuchia-khi-di-tim-viec-nhe-luong-cao-20220615082701049.htm',	'https://png.pngtree.com/illustrations/20190327/ourmid/pngtree-cure-starry-sky-night-sky-star-png-image_38228.jpg',	NULL,	NULL,	'GAME_MOBILE',	NULL,	0,	0,	2,	'2022-06-15 06:56:02',	'2022-06-15 06:56:02'),
(12,	'Giá vàng SJC tiếp tục \"bốc hơi\"',	'https://dantri.com.vn/phap-luat/tam-giu-dien-vien-hai-huu-tin-dieu-tra-tang-tru-to-chuc-su-dung-ma-tuy-20220614192059913.htm',	'https://cdn.searchenginejournal.com/wp-content/uploads/2019/08/c573bf41-6a7c-4927-845c-4ca0260aad6b-1520x800.jpeg',	NULL,	NULL,	'ADS',	NULL,	0,	0,	4,	'2022-06-15 06:56:02',	'2022-06-15 06:56:02'),
(13,	'Giá xăng \"phát sốt\", Bộ Tài chính lại đưa ra thêm đề xuất mới',	'https://dantri.com.vn/phap-luat/truy-sat-o-quan-oc-song-nua-doi-nguoi-toi-chua-thay-canh-kinh-hoang-vay-20220611184236270.htm',	'https://encrypted-tbn0.gstatic.com/images?q=tbn:ANd9GcTa6CFxEdks8wGHKZfuVBi8CRioiObB-e9pWivva33j5OwkDB7CEC94NjFDCNwXjtwge64&usqp=CAU',	NULL,	'(Dân trí) - Theo cáo buộc, \"bà trùm\" Nguyễn Thị Nguyệt cùng chồng liên hệ nhân viên 3 ngân hàng lớn để thực hiện chuyển tiền dưới hình thức thanh toán quốc tế.',	'DEFAULT',	NULL,	0,	0,	3,	'2022-06-15 06:56:02',	'2022-06-15 06:56:02'),
(14,	'Vạch loạt \"góc khuất\" trong đấu giá đất, dìm giá từ 500 tỷ đồng còn một nửa',	'https://dantri.com.vn/bat-dong-san/siet-bat-dong-san-co-phai-la-bop-nghet-gay-kho-20220531230948689.htm',	'https://helpx.adobe.com/content/dam/help/en/stock/how-to/visual-reverse-image-search/jcr_content/main-pars/image/visual-reverse-image-search-v2_intro.jpg',	NULL,	NULL,	'CARD',	40,	0,	100000,	1,	'2022-06-15 06:56:02',	'2022-06-15 06:56:02'),
(15,	'Gần 200 căn biệt thự, liền kề tiền tỷ được \"chốt đơn\" chỉ trong một ngày',	'https://dantri.com.vn/xa-hoi/vu-sung-sot-phat-hien-minh-da-chet-con-nhieu-ban-tuong-tu-20220612211104630.htm',	'https://encrypted-tbn0.gstatic.com/images?q=tbn:ANd9GcQ6wGBbcC_rZFSn3PEF6L34jkUjgR6oER7o2sFXzzRmB-Rx2fqaQxKjcZWbpU4vrveQM60&usqp=CAU',	NULL,	NULL,	'ADS',	NULL,	0,	0,	3,	'2022-06-15 06:56:02',	'2022-06-15 06:56:02'),
(16,	'Giá xăng \"phát sốt\", Bộ Tài chính lại đưa ra thêm đề xuất mới',	NULL,	NULL,	'https://www.youtube.com/embed/apeFjGZ1jzA',	NULL,	'VIDEO',	NULL,	0,	0,	4,	'2022-06-15 06:56:02',	'2022-06-15 06:56:02'),
(17,	'Sau nhiều ồn ào đấu giá đất, Hà Nội có quy định mới tiền đặt cọc',	'https://dantri.com.vn/xa-hoi/mua-lon-o-ha-noi-nhieu-xe-sang-bay-bien-so-ngap-sau-trong-nuoc-20220613232004762.htm',	'https://www.zenithtechs.com/wp-content/uploads/2021/06/remove-background-from-image-with-remove-bg-tutorials.jpg',	NULL,	NULL,	'GAME_MOBILE',	NULL,	0,	0,	1,	'2022-06-15 06:56:02',	'2022-06-15 06:56:02'),
(18,	'Vạch loạt \"góc khuất\" trong đấu giá đất, dìm giá từ 500 tỷ đồng còn một nửa',	'https://dantri.com.vn/xa-hoi/them-nhieu-thieu-nien-bi-dua-sang-campuchia-khi-di-tim-viec-nhe-luong-cao-20220615082701049.htm',	'https://i.pinimg.com/originals/62/ae/fb/62aefb044922a5a847546e30b9036913.jpg',	NULL,	NULL,	'ADS',	NULL,	0,	0,	1,	'2022-06-15 06:56:02',	'2022-06-15 06:56:02'),
(19,	'Sau nhiều ồn ào đấu giá đất, Hà Nội có quy định mới tiền đặt cọc',	'https://dantri.com.vn/xa-hoi/mua-lon-o-ha-noi-nhieu-xe-sang-bay-bien-so-ngap-sau-trong-nuoc-20220613232004762.htm',	'https://static.remove.bg/remove-bg-web/eb1bb48845c5007c3ec8d72ce7972fc8b76733b1/assets/start-1abfb4fe2980eabfbbaaa4365a0692539f7cd2725f324f904565a9a744f8e214.jpg',	NULL,	'(Dân trí) - Theo cáo buộc, \"bà trùm\" Nguyễn Thị Nguyệt cùng chồng liên hệ nhân viên 3 ngân hàng lớn để thực hiện chuyển tiền dưới hình thức thanh toán quốc tế.',	'DEFAULT',	NULL,	0,	0,	4,	'2022-06-15 06:56:02',	'2022-06-15 06:56:02'),
(20,	'\"Chất\" riêng của Bình Châu - Hồ Tràm trong xu hướng wellness travel',	'https://askubuntu.com/questions/617850/changing-from-user-to-superuser',	'https://encrypted-tbn0.gstatic.com/images?q=tbn:ANd9GcRAd_Di-ZXvs7369z-X9C9o_tDblUPi3eVkk7wWUe8IXcPcRVxz9Fo8aKpwIhZTuEfxkv0&usqp=CAU',	NULL,	NULL,	'ADS',	NULL,	0,	0,	2,	'2022-06-15 06:56:02',	'2022-06-15 06:56:02'),
(21,	'Vụ xăng Malaysia 13.000 đồng/lít: Thủ tướng yêu cầu theo dõi kỹ để xử lý',	'https://www.figma.com/file/0f0q91Q6btTLbfHnmAwaBg/Tin-t%E1%BB%A9c-game-Vi%E1%BB%87t?node-id=0%3A1',	'https://cdn.searchenginejournal.com/wp-content/uploads/2019/08/c573bf41-6a7c-4927-845c-4ca0260aad6b-1520x800.jpeg',	NULL,	NULL,	'CARD',	40,	0,	50000,	3,	'2022-06-15 06:56:02',	'2022-06-15 06:56:02'),
(22,	'Vạch loạt \"góc khuất\" trong đấu giá đất, dìm giá từ 500 tỷ đồng còn một nửa',	NULL,	NULL,	'https://www.youtube.com/embed/G64FJCq1SnI',	NULL,	'VIDEO',	NULL,	0,	0,	3,	'2022-06-15 06:56:02',	'2022-06-15 06:56:02'),
(23,	'Thanh tra đường \"nhồi\" cao ốc Lê Văn Lương - Tố Hữu, lộ đầy rẫy vi phạm',	'https://dantri.com.vn/xa-hoi/ve-chiu-tang-me-viet-nam-anh-hung-111-tuoi-chau-noi-tu-nan-o-ninh-binh-20220614152406799.htm',	'https://encrypted-tbn0.gstatic.com/images?q=tbn:ANd9GcTa6CFxEdks8wGHKZfuVBi8CRioiObB-e9pWivva33j5OwkDB7CEC94NjFDCNwXjtwge64&usqp=CAU',	NULL,	NULL,	'GAME_MOBILE',	NULL,	0,	0,	2,	'2022-06-15 06:56:02',	'2022-06-15 06:56:02'),
(24,	'Giá xăng \"phát sốt\", Bộ Tài chính lại đưa ra thêm đề xuất mới',	'https://dantri.com.vn/xa-hoi/ve-chiu-tang-me-viet-nam-anh-hung-111-tuoi-chau-noi-tu-nan-o-ninh-binh-20220614152406799.htm',	'https://encrypted-tbn0.gstatic.com/images?q=tbn:ANd9GcQ9quVJ8hZqsPWgDRlIhFNwhpH3fS5xE75fe6uotxvTB3s9o4LsYCufH6uNcUaNOsPdn-8&usqp=CAU',	NULL,	NULL,	'ADS',	NULL,	0,	0,	2,	'2022-06-15 06:56:02',	'2022-06-15 06:56:02'),
(25,	'Gần 200 căn biệt thự, liền kề tiền tỷ được \"chốt đơn\" chỉ trong một ngày',	'https://dantri.com.vn/phap-luat/truy-sat-o-quan-oc-song-nua-doi-nguoi-toi-chua-thay-canh-kinh-hoang-vay-20220611184236270.htm',	'https://png.pngtree.com/illustrations/20190327/ourmid/pngtree-cure-starry-sky-night-sky-star-png-image_38228.jpg',	NULL,	'(Dân trí) - Vàng SJC có một phiên giao dịch sóng gió khi \"bốc hơi\" 700.000 đồng/lượng trong ngày 13/6, đến 14/6 thì tiếp tục giảm.',	'DEFAULT',	NULL,	0,	0,	2,	'2022-06-15 06:56:02',	'2022-06-15 06:56:02'),
(26,	'Vụ xăng Malaysia 13.000 đồng/lít: Thủ tướng yêu cầu theo dõi kỹ để xử lý',	'https://dantri.com.vn/xa-hoi/ve-chiu-tang-me-viet-nam-anh-hung-111-tuoi-chau-noi-tu-nan-o-ninh-binh-20220614152406799.htm',	'https://encrypted-tbn0.gstatic.com/images?q=tbn:ANd9GcRAd_Di-ZXvs7369z-X9C9o_tDblUPi3eVkk7wWUe8IXcPcRVxz9Fo8aKpwIhZTuEfxkv0&usqp=CAU',	NULL,	NULL,	'ADS',	NULL,	0,	0,	4,	'2022-06-15 06:56:02',	'2022-06-15 06:56:02'),
(27,	'Sau nhiều ồn ào đấu giá đất, Hà Nội có quy định mới tiền đặt cọc',	'https://dantri.com.vn/bat-dong-san/du-an-duong-vanh-dai-4-ha-noi-co-gi-dac-biet-20220520160243792.htm',	'https://www.zenithtechs.com/wp-content/uploads/2021/06/remove-background-from-image-with-remove-bg-tutorials.jpg',	NULL,	NULL,	'CARD',	20,	0,	50000,	4,	'2022-06-15 06:56:02',	'2022-06-15 06:56:02'),
(28,	'Vụ xăng Malaysia 13.000 đồng/lít: Thủ tướng yêu cầu theo dõi kỹ để xử lý',	NULL,	NULL,	'https://www.youtube.com/embed/G64FJCq1SnI',	NULL,	'VIDEO',	NULL,	0,	0,	4,	'2022-06-15 06:56:02',	'2022-06-15 06:56:02'),
(29,	'Dự án nào tại đường Lê Văn Lương \"ăn bớt\" chỗ cây xanh, biến 5 lên 30 tầng?',	'https://dantri.com.vn/xa-hoi/them-nhieu-thieu-nien-bi-dua-sang-campuchia-khi-di-tim-viec-nhe-luong-cao-20220615082701049.htm',	'https://encrypted-tbn0.gstatic.com/images?q=tbn:ANd9GcQ6wGBbcC_rZFSn3PEF6L34jkUjgR6oER7o2sFXzzRmB-Rx2fqaQxKjcZWbpU4vrveQM60&usqp=CAU',	NULL,	NULL,	'GAME_MOBILE',	NULL,	0,	0,	3,	'2022-06-15 06:56:02',	'2022-06-15 06:56:02'),
(30,	'\"Chất\" riêng của Bình Châu - Hồ Tràm trong xu hướng wellness travel',	'https://askubuntu.com/questions/617850/changing-from-user-to-superuser',	'https://encrypted-tbn0.gstatic.com/images?q=tbn:ANd9GcRAd_Di-ZXvs7369z-X9C9o_tDblUPi3eVkk7wWUe8IXcPcRVxz9Fo8aKpwIhZTuEfxkv0&usqp=CAU',	NULL,	NULL,	'ADS',	NULL,	0,	0,	3,	'2022-06-15 06:56:02',	'2022-06-15 06:56:02'),
(31,	'Sau nhiều ồn ào đấu giá đất, Hà Nội có quy định mới tiền đặt cọc',	'https://dantri.com.vn/xa-hoi/them-nhieu-thieu-nien-bi-dua-sang-campuchia-khi-di-tim-viec-nhe-luong-cao-20220615082701049.htm',	'https://static.remove.bg/remove-bg-web/eb1bb48845c5007c3ec8d72ce7972fc8b76733b1/assets/start-1abfb4fe2980eabfbbaaa4365a0692539f7cd2725f324f904565a9a744f8e214.jpg',	NULL,	'Vua hài của làng giải trí châu Á\" Châu Tinh Trì sở hữu khối tài ước tính gần 7 nghìn tỷ đồng nhưng không kết hôn, không có con. Người thân của ông chỉ có mẹ cùng em gái và chị gái.',	'DEFAULT',	NULL,	0,	0,	4,	'2022-06-15 06:56:02',	'2022-06-15 06:56:02'),
(32,	'Dự án nào tại đường Lê Văn Lương \"ăn bớt\" chỗ cây xanh, biến 5 lên 30 tầng?',	'https://dantri.com.vn/xa-hoi/mua-lon-o-ha-noi-nhieu-xe-sang-bay-bien-so-ngap-sau-trong-nuoc-20220613232004762.htm',	'https://static.remove.bg/remove-bg-web/eb1bb48845c5007c3ec8d72ce7972fc8b76733b1/assets/start-1abfb4fe2980eabfbbaaa4365a0692539f7cd2725f324f904565a9a744f8e214.jpg',	NULL,	NULL,	'ADS',	NULL,	0,	0,	4,	'2022-06-15 06:56:02',	'2022-06-15 06:56:02'),
(33,	'Giá vàng SJC tiếp tục \"bốc hơi\"',	'https://dantri.com.vn/phap-luat/truy-sat-o-quan-oc-song-nua-doi-nguoi-toi-chua-thay-canh-kinh-hoang-vay-20220611184236270.htm',	'https://encrypted-tbn0.gstatic.com/images?q=tbn:ANd9GcQ6wGBbcC_rZFSn3PEF6L34jkUjgR6oER7o2sFXzzRmB-Rx2fqaQxKjcZWbpU4vrveQM60&usqp=CAU',	NULL,	NULL,	'CARD',	60,	0,	50000,	1,	'2022-06-15 06:56:02',	'2022-06-15 06:56:02'),
(34,	'Thanh tra đường \"nhồi\" cao ốc Lê Văn Lương - Tố Hữu, lộ đầy rẫy vi phạm',	NULL,	NULL,	'https://www.youtube.com/embed/G64FJCq1SnI',	NULL,	'VIDEO',	NULL,	0,	0,	2,	'2022-06-15 06:56:02',	'2022-06-15 06:56:02'),
(35,	'Thanh tra đường \"nhồi\" cao ốc Lê Văn Lương - Tố Hữu, lộ đầy rẫy vi phạm',	'https://dantri.com.vn/phap-luat/tam-giu-dien-vien-hai-huu-tin-dieu-tra-tang-tru-to-chuc-su-dung-ma-tuy-20220614192059913.htm',	'https://encrypted-tbn0.gstatic.com/images?q=tbn:ANd9GcRAd_Di-ZXvs7369z-X9C9o_tDblUPi3eVkk7wWUe8IXcPcRVxz9Fo8aKpwIhZTuEfxkv0&usqp=CAU',	NULL,	NULL,	'ADS',	NULL,	0,	0,	4,	'2022-06-15 06:56:02',	'2022-06-15 06:56:02'),
(36,	'Vạch loạt \"góc khuất\" trong đấu giá đất, dìm giá từ 500 tỷ đồng còn một nửa',	'https://dantri.com.vn/phap-luat/tam-giu-dien-vien-hai-huu-tin-dieu-tra-tang-tru-to-chuc-su-dung-ma-tuy-20220614192059913.htm',	'https://helpx.adobe.com/content/dam/help/en/stock/how-to/visual-reverse-image-search/jcr_content/main-pars/image/visual-reverse-image-search-v2_intro.jpg',	NULL,	NULL,	'GAME_MOBILE',	NULL,	0,	0,	3,	'2022-06-15 06:56:02',	'2022-06-15 06:56:02'),
(37,	'Thanh tra đường \"nhồi\" cao ốc Lê Văn Lương - Tố Hữu, lộ đầy rẫy vi phạm',	'https://dantri.com.vn/phap-luat/tam-giu-dien-vien-hai-huu-tin-dieu-tra-tang-tru-to-chuc-su-dung-ma-tuy-20220614192059913.htm',	'https://encrypted-tbn0.gstatic.com/images?q=tbn:ANd9GcTa6CFxEdks8wGHKZfuVBi8CRioiObB-e9pWivva33j5OwkDB7CEC94NjFDCNwXjtwge64&usqp=CAU',	NULL,	'Vua hài của làng giải trí châu Á\" Châu Tinh Trì sở hữu khối tài ước tính gần 7 nghìn tỷ đồng nhưng không kết hôn, không có con. Người thân của ông chỉ có mẹ cùng em gái và chị gái.',	'DEFAULT',	NULL,	0,	0,	2,	'2022-06-15 06:56:02',	'2022-06-15 06:56:02'),
(38,	'Thanh tra đường \"nhồi\" cao ốc Lê Văn Lương - Tố Hữu, lộ đầy rẫy vi phạm',	'https://dantri.com.vn/xa-hoi/ve-chiu-tang-me-viet-nam-anh-hung-111-tuoi-chau-noi-tu-nan-o-ninh-binh-20220614152406799.htm',	'https://helpx.adobe.com/content/dam/help/en/stock/how-to/visual-reverse-image-search/jcr_content/main-pars/image/visual-reverse-image-search-v2_intro.jpg',	NULL,	NULL,	'ADS',	NULL,	0,	0,	4,	'2022-06-15 06:56:02',	'2022-06-15 06:56:02'),
(39,	'Dự án nào tại đường Lê Văn Lương \"ăn bớt\" chỗ cây xanh, biến 5 lên 30 tầng?',	'https://askubuntu.com/questions/617850/changing-from-user-to-superuser',	'https://encrypted-tbn0.gstatic.com/images?q=tbn:ANd9GcQ9quVJ8hZqsPWgDRlIhFNwhpH3fS5xE75fe6uotxvTB3s9o4LsYCufH6uNcUaNOsPdn-8&usqp=CAU',	NULL,	NULL,	'CARD',	50,	0,	50000,	1,	'2022-06-15 06:56:02',	'2022-06-15 06:56:02'),
(40,	'Vụ xăng Malaysia 13.000 đồng/lít: Thủ tướng yêu cầu theo dõi kỹ để xử lý',	NULL,	NULL,	'https://www.youtube.com/embed/apeFjGZ1jzA',	NULL,	'VIDEO',	NULL,	0,	0,	1,	'2022-06-15 06:56:02',	'2022-06-15 06:56:02'),
(41,	'Vạch loạt \"góc khuất\" trong đấu giá đất, dìm giá từ 500 tỷ đồng còn một nửa',	'https://dantri.com.vn/phap-luat/tam-giu-dien-vien-hai-huu-tin-dieu-tra-tang-tru-to-chuc-su-dung-ma-tuy-20220614192059913.htm',	'https://encrypted-tbn0.gstatic.com/images?q=tbn:ANd9GcRAd_Di-ZXvs7369z-X9C9o_tDblUPi3eVkk7wWUe8IXcPcRVxz9Fo8aKpwIhZTuEfxkv0&usqp=CAU',	NULL,	NULL,	'ADS',	NULL,	0,	0,	4,	'2022-06-15 06:56:02',	'2022-06-15 06:56:02'),
(42,	'Người mua đất khu đô thị Thanh Hà Cienco 5 bị \"treo\" xây dựng',	'https://dantri.com.vn/xa-hoi/vu-sung-sot-phat-hien-minh-da-chet-con-nhieu-ban-tuong-tu-20220612211104630.htm',	'https://i.pinimg.com/originals/62/ae/fb/62aefb044922a5a847546e30b9036913.jpg',	NULL,	NULL,	'GAME_MOBILE',	NULL,	0,	0,	4,	'2022-06-15 06:56:02',	'2022-06-15 06:56:02'),
(43,	'\"Chất\" riêng của Bình Châu - Hồ Tràm trong xu hướng wellness travel',	'https://dantri.com.vn/bat-dong-san/du-an-duong-vanh-dai-4-ha-noi-co-gi-dac-biet-20220520160243792.htm',	'https://encrypted-tbn0.gstatic.com/images?q=tbn:ANd9GcTa6CFxEdks8wGHKZfuVBi8CRioiObB-e9pWivva33j5OwkDB7CEC94NjFDCNwXjtwge64&usqp=CAU',	NULL,	'(Dân trí) - Vàng SJC có một phiên giao dịch sóng gió khi \"bốc hơi\" 700.000 đồng/lượng trong ngày 13/6, đến 14/6 thì tiếp tục giảm.',	'DEFAULT',	NULL,	0,	0,	2,	'2022-06-15 06:56:02',	'2022-06-15 06:56:02'),
(44,	'Vụ xăng Malaysia 13.000 đồng/lít: Thủ tướng yêu cầu theo dõi kỹ để xử lý',	'https://dantri.com.vn/xa-hoi/vu-sung-sot-phat-hien-minh-da-chet-con-nhieu-ban-tuong-tu-20220612211104630.htm',	'https://cdn.searchenginejournal.com/wp-content/uploads/2019/08/c573bf41-6a7c-4927-845c-4ca0260aad6b-1520x800.jpeg',	NULL,	NULL,	'ADS',	NULL,	0,	0,	2,	'2022-06-15 06:56:02',	'2022-06-15 06:56:02'),
(45,	'Giá xăng \"phát sốt\", Bộ Tài chính lại đưa ra thêm đề xuất mới',	'https://www.figma.com/file/0f0q91Q6btTLbfHnmAwaBg/Tin-t%E1%BB%A9c-game-Vi%E1%BB%87t?node-id=0%3A1',	'https://helpx.adobe.com/content/dam/help/en/stock/how-to/visual-reverse-image-search/jcr_content/main-pars/image/visual-reverse-image-search-v2_intro.jpg',	NULL,	NULL,	'CARD',	10,	0,	50000,	4,	'2022-06-15 06:56:02',	'2022-06-15 06:56:02'),
(46,	'Giá vàng SJC tiếp tục \"bốc hơi\"',	NULL,	NULL,	'https://www.youtube.com/embed/dCdxj-3IrWM',	NULL,	'VIDEO',	NULL,	0,	0,	3,	'2022-06-15 06:56:02',	'2022-06-15 06:56:02'),
(47,	'Người mua đất khu đô thị Thanh Hà Cienco 5 bị \"treo\" xây dựng',	'https://dantri.com.vn/xa-hoi/mua-lon-o-ha-noi-nhieu-xe-sang-bay-bien-so-ngap-sau-trong-nuoc-20220613232004762.htm',	'https://encrypted-tbn0.gstatic.com/images?q=tbn:ANd9GcRAd_Di-ZXvs7369z-X9C9o_tDblUPi3eVkk7wWUe8IXcPcRVxz9Fo8aKpwIhZTuEfxkv0&usqp=CAU',	NULL,	NULL,	'ADS',	NULL,	0,	0,	3,	'2022-06-15 06:56:02',	'2022-06-15 06:56:02'),
(48,	'Sau nhiều ồn ào đấu giá đất, Hà Nội có quy định mới tiền đặt cọc',	'https://dantri.com.vn/xa-hoi/mua-lon-o-ha-noi-nhieu-xe-sang-bay-bien-so-ngap-sau-trong-nuoc-20220613232004762.htm',	'https://helpx.adobe.com/content/dam/help/en/stock/how-to/visual-reverse-image-search/jcr_content/main-pars/image/visual-reverse-image-search-v2_intro.jpg',	NULL,	NULL,	'GAME_MOBILE',	NULL,	0,	0,	4,	'2022-06-15 06:56:02',	'2022-06-15 06:56:02'),
(49,	'Siết bất động sản có phải là \"bóp nghẹt\", gây khó?',	'https://dantri.com.vn/xa-hoi/mua-lon-o-ha-noi-nhieu-xe-sang-bay-bien-so-ngap-sau-trong-nuoc-20220613232004762.htm',	'https://cdn.searchenginejournal.com/wp-content/uploads/2019/08/c573bf41-6a7c-4927-845c-4ca0260aad6b-1520x800.jpeg',	NULL,	'(Dân trí) - \"Sống hơn nửa đời người rồi mà tôi chưa bao giờ thấy cảnh kinh hoàng như vậy. Ai ai cũng cầm mã tấu, dao, tiếng bom xăng cứ nổ khiến tôi ám ảnh\", bà H. (nhân chứng vụ truy sát ở quán ốc) hãi hùng kể.',	'DEFAULT',	NULL,	0,	0,	1,	'2022-06-15 06:56:02',	'2022-06-15 06:56:02'),
(50,	'Vụ xăng Malaysia 13.000 đồng/lít: Thủ tướng yêu cầu theo dõi kỹ để xử lý',	'https://dantri.com.vn/bat-dong-san/siet-bat-dong-san-co-phai-la-bop-nghet-gay-kho-20220531230948689.htm',	'https://png.pngtree.com/illustrations/20190327/ourmid/pngtree-cure-starry-sky-night-sky-star-png-image_38228.jpg',	NULL,	NULL,	'ADS',	NULL,	0,	0,	4,	'2022-06-15 06:56:02',	'2022-06-15 06:56:02'),
(51,	'Vạch loạt \"góc khuất\" trong đấu giá đất, dìm giá từ 500 tỷ đồng còn một nửa',	'https://dantri.com.vn/xa-hoi/mua-lon-o-ha-noi-nhieu-xe-sang-bay-bien-so-ngap-sau-trong-nuoc-20220613232004762.htm',	'https://static.remove.bg/remove-bg-web/eb1bb48845c5007c3ec8d72ce7972fc8b76733b1/assets/start-1abfb4fe2980eabfbbaaa4365a0692539f7cd2725f324f904565a9a744f8e214.jpg',	NULL,	NULL,	'CARD',	10,	0,	100000,	4,	'2022-06-15 06:56:02',	'2022-06-15 06:56:02'),
(52,	'Dự án nào tại đường Lê Văn Lương \"ăn bớt\" chỗ cây xanh, biến 5 lên 30 tầng?',	NULL,	NULL,	'https://www.youtube.com/embed/G64FJCq1SnI',	NULL,	'VIDEO',	NULL,	0,	0,	2,	'2022-06-15 06:56:02',	'2022-06-15 06:56:02'),
(53,	'Gần 200 căn biệt thự, liền kề tiền tỷ được \"chốt đơn\" chỉ trong một ngày',	'https://dantri.com.vn/xa-hoi/mua-lon-o-ha-noi-nhieu-xe-sang-bay-bien-so-ngap-sau-trong-nuoc-20220613232004762.htm',	'https://encrypted-tbn0.gstatic.com/images?q=tbn:ANd9GcQ6wGBbcC_rZFSn3PEF6L34jkUjgR6oER7o2sFXzzRmB-Rx2fqaQxKjcZWbpU4vrveQM60&usqp=CAU',	NULL,	NULL,	'ADS',	NULL,	0,	0,	2,	'2022-06-15 06:56:02',	'2022-06-15 06:56:02'),
(54,	'Siết bất động sản có phải là \"bóp nghẹt\", gây khó?',	'https://dantri.com.vn/bat-dong-san/vach-loat-he-luy-tu-cuoc-dau-gia-dat-khung-tai-thu-thiem-20220531210238087.htm',	'https://static.remove.bg/remove-bg-web/eb1bb48845c5007c3ec8d72ce7972fc8b76733b1/assets/start-1abfb4fe2980eabfbbaaa4365a0692539f7cd2725f324f904565a9a744f8e214.jpg',	NULL,	NULL,	'GAME_MOBILE',	NULL,	0,	0,	4,	'2022-06-15 06:56:02',	'2022-06-15 06:56:02'),
(55,	'Giá xăng \"phát sốt\", Bộ Tài chính lại đưa ra thêm đề xuất mới',	'https://dantri.com.vn/xa-hoi/vu-sung-sot-phat-hien-minh-da-chet-con-nhieu-ban-tuong-tu-20220612211104630.htm',	'https://encrypted-tbn0.gstatic.com/images?q=tbn:ANd9GcQ9quVJ8hZqsPWgDRlIhFNwhpH3fS5xE75fe6uotxvTB3s9o4LsYCufH6uNcUaNOsPdn-8&usqp=CAU',	NULL,	'(Dân trí) - Du lịch Việt hồi sinh trở lại kéo theo xu hướng wellness travel bùng nổ. Điều này đã tác động mạnh đến thị trường bất động sản biển, trong đó, những điểm đến có thế mạnh phục hồi và chăm sóc sức khỏe sẽ có nhiều điều kiện bứt phá.',	'DEFAULT',	NULL,	0,	0,	3,	'2022-06-15 06:56:02',	'2022-06-15 06:56:02'),
(56,	'Gần 200 căn biệt thự, liền kề tiền tỷ được \"chốt đơn\" chỉ trong một ngày',	'https://dantri.com.vn/xa-hoi/ve-chiu-tang-me-viet-nam-anh-hung-111-tuoi-chau-noi-tu-nan-o-ninh-binh-20220614152406799.htm',	'https://encrypted-tbn0.gstatic.com/images?q=tbn:ANd9GcRAd_Di-ZXvs7369z-X9C9o_tDblUPi3eVkk7wWUe8IXcPcRVxz9Fo8aKpwIhZTuEfxkv0&usqp=CAU',	NULL,	NULL,	'ADS',	NULL,	0,	0,	3,	'2022-06-15 06:56:02',	'2022-06-15 06:56:02'),
(57,	'Siết bất động sản có phải là \"bóp nghẹt\", gây khó?',	'https://dantri.com.vn/phap-luat/tam-giu-dien-vien-hai-huu-tin-dieu-tra-tang-tru-to-chuc-su-dung-ma-tuy-20220614192059913.htm',	'https://encrypted-tbn0.gstatic.com/images?q=tbn:ANd9GcTa6CFxEdks8wGHKZfuVBi8CRioiObB-e9pWivva33j5OwkDB7CEC94NjFDCNwXjtwge64&usqp=CAU',	NULL,	NULL,	'CARD',	10,	0,	30000,	4,	'2022-06-15 06:56:02',	'2022-06-15 06:56:02'),
(58,	'Người mua đất khu đô thị Thanh Hà Cienco 5 bị \"treo\" xây dựng',	NULL,	NULL,	'https://www.youtube.com/embed/G64FJCq1SnI',	NULL,	'VIDEO',	NULL,	0,	0,	1,	'2022-06-15 06:56:02',	'2022-06-15 06:56:02'),
(59,	'Dự án nào tại đường Lê Văn Lương \"ăn bớt\" chỗ cây xanh, biến 5 lên 30 tầng?',	'https://dantri.com.vn/xa-hoi/them-nhieu-thieu-nien-bi-dua-sang-campuchia-khi-di-tim-viec-nhe-luong-cao-20220615082701049.htm',	'https://encrypted-tbn0.gstatic.com/images?q=tbn:ANd9GcQ6wGBbcC_rZFSn3PEF6L34jkUjgR6oER7o2sFXzzRmB-Rx2fqaQxKjcZWbpU4vrveQM60&usqp=CAU',	NULL,	NULL,	'ADS',	NULL,	0,	0,	3,	'2022-06-15 06:56:02',	'2022-06-15 06:56:02'),
(60,	'\"Chất\" riêng của Bình Châu - Hồ Tràm trong xu hướng wellness travel',	'https://askubuntu.com/questions/617850/changing-from-user-to-superuser',	'https://static.remove.bg/remove-bg-web/eb1bb48845c5007c3ec8d72ce7972fc8b76733b1/assets/start-1abfb4fe2980eabfbbaaa4365a0692539f7cd2725f324f904565a9a744f8e214.jpg',	NULL,	NULL,	'GAME_MOBILE',	NULL,	0,	0,	2,	'2022-06-15 06:56:02',	'2022-06-15 06:56:02'),
(61,	'Sau nhiều ồn ào đấu giá đất, Hà Nội có quy định mới tiền đặt cọc',	'https://askubuntu.com/questions/617850/changing-from-user-to-superuser',	'https://cdn.searchenginejournal.com/wp-content/uploads/2019/08/c573bf41-6a7c-4927-845c-4ca0260aad6b-1520x800.jpeg',	NULL,	'(Dân trí) - Lần đầu \"chạm ngõ\" màn ảnh với vai nam chính trong phim \"Lối nhỏ vào đời\", Long Hoàng chia sẻ với PV Dân trí rằng, đó sự may mắn và tiết lộ hoàn cảnh của mình cũng khác xa trên phim.',	'DEFAULT',	NULL,	0,	0,	2,	'2022-06-15 06:56:02',	'2022-06-15 06:56:02'),
(62,	'Vụ xăng Malaysia 13.000 đồng/lít: Thủ tướng yêu cầu theo dõi kỹ để xử lý',	'https://dantri.com.vn/xa-hoi/ve-chiu-tang-me-viet-nam-anh-hung-111-tuoi-chau-noi-tu-nan-o-ninh-binh-20220614152406799.htm',	'https://cdn.searchenginejournal.com/wp-content/uploads/2019/08/c573bf41-6a7c-4927-845c-4ca0260aad6b-1520x800.jpeg',	NULL,	NULL,	'ADS',	NULL,	0,	0,	3,	'2022-06-15 06:56:02',	'2022-06-15 06:56:02'),
(63,	'Dự án nào tại đường Lê Văn Lương \"ăn bớt\" chỗ cây xanh, biến 5 lên 30 tầng?',	'https://askubuntu.com/questions/617850/changing-from-user-to-superuser',	'https://static.remove.bg/remove-bg-web/eb1bb48845c5007c3ec8d72ce7972fc8b76733b1/assets/start-1abfb4fe2980eabfbbaaa4365a0692539f7cd2725f324f904565a9a744f8e214.jpg',	NULL,	NULL,	'CARD',	20,	0,	50000,	2,	'2022-06-15 06:56:02',	'2022-06-15 06:56:02'),
(64,	'\"Chất\" riêng của Bình Châu - Hồ Tràm trong xu hướng wellness travel',	NULL,	NULL,	'https://www.youtube.com/embed/G64FJCq1SnI',	NULL,	'VIDEO',	NULL,	0,	0,	2,	'2022-06-15 06:56:02',	'2022-06-15 06:56:02'),
(65,	'Siết bất động sản có phải là \"bóp nghẹt\", gây khó?',	'https://dantri.com.vn/xa-hoi/vu-sung-sot-phat-hien-minh-da-chet-con-nhieu-ban-tuong-tu-20220612211104630.htm',	'https://encrypted-tbn0.gstatic.com/images?q=tbn:ANd9GcTa6CFxEdks8wGHKZfuVBi8CRioiObB-e9pWivva33j5OwkDB7CEC94NjFDCNwXjtwge64&usqp=CAU',	NULL,	NULL,	'GAME_MOBILE',	NULL,	0,	0,	3,	'2022-06-15 06:56:02',	'2022-06-15 06:56:02'),
(66,	'Siết bất động sản có phải là \"bóp nghẹt\", gây khó?',	'https://dantri.com.vn/xa-hoi/ve-chiu-tang-me-viet-nam-anh-hung-111-tuoi-chau-noi-tu-nan-o-ninh-binh-20220614152406799.htm',	'https://i.pinimg.com/originals/62/ae/fb/62aefb044922a5a847546e30b9036913.jpg',	NULL,	NULL,	'ADS',	NULL,	0,	0,	3,	'2022-06-15 06:56:02',	'2022-06-15 06:56:02'),
(67,	'Dự án nào tại đường Lê Văn Lương \"ăn bớt\" chỗ cây xanh, biến 5 lên 30 tầng?',	'https://dantri.com.vn/phap-luat/tam-giu-dien-vien-hai-huu-tin-dieu-tra-tang-tru-to-chuc-su-dung-ma-tuy-20220614192059913.htm',	'https://encrypted-tbn0.gstatic.com/images?q=tbn:ANd9GcTa6CFxEdks8wGHKZfuVBi8CRioiObB-e9pWivva33j5OwkDB7CEC94NjFDCNwXjtwge64&usqp=CAU',	NULL,	'Văn phòng Chính phủ vừa có văn bản gửi Bộ Công Thương truyền đạt ý kiến chỉ đạo của Thủ tướng Chính phủ Phạm Minh Chính về thông tin giá xăng dầu và khả năng cung cấp xăng dầu của Malaysia cho Việt Nam.',	'DEFAULT',	NULL,	0,	0,	1,	'2022-06-15 06:56:02',	'2022-06-15 06:56:02'),
(68,	'\"Chất\" riêng của Bình Châu - Hồ Tràm trong xu hướng wellness travel',	NULL,	NULL,	'https://www.youtube.com/embed/apeFjGZ1jzA',	NULL,	'VIDEO',	NULL,	0,	0,	2,	'2022-06-15 06:56:02',	'2022-06-15 06:56:02'),
(69,	'Siết bất động sản có phải là \"bóp nghẹt\", gây khó?',	'https://dantri.com.vn/xa-hoi/them-nhieu-thieu-nien-bi-dua-sang-campuchia-khi-di-tim-viec-nhe-luong-cao-20220615082701049.htm',	'https://helpx.adobe.com/content/dam/help/en/stock/how-to/visual-reverse-image-search/jcr_content/main-pars/image/visual-reverse-image-search-v2_intro.jpg',	NULL,	NULL,	'ADS',	NULL,	0,	0,	1,	'2022-06-15 06:56:02',	'2022-06-15 06:56:02'),
(70,	'Sau nhiều ồn ào đấu giá đất, Hà Nội có quy định mới tiền đặt cọc',	'https://dantri.com.vn/xa-hoi/ve-chiu-tang-me-viet-nam-anh-hung-111-tuoi-chau-noi-tu-nan-o-ninh-binh-20220614152406799.htm',	'https://cdn.searchenginejournal.com/wp-content/uploads/2019/08/c573bf41-6a7c-4927-845c-4ca0260aad6b-1520x800.jpeg',	NULL,	NULL,	'CARD',	0,	0,	20000,	2,	'2022-06-15 06:56:02',	'2022-06-15 06:56:02'),
(71,	'Dự án nào tại đường Lê Văn Lương \"ăn bớt\" chỗ cây xanh, biến 5 lên 30 tầng?',	'https://dantri.com.vn/xa-hoi/them-nhieu-thieu-nien-bi-dua-sang-campuchia-khi-di-tim-viec-nhe-luong-cao-20220615082701049.htm',	'https://static.remove.bg/remove-bg-web/eb1bb48845c5007c3ec8d72ce7972fc8b76733b1/assets/start-1abfb4fe2980eabfbbaaa4365a0692539f7cd2725f324f904565a9a744f8e214.jpg',	NULL,	NULL,	'GAME_MOBILE',	NULL,	0,	0,	3,	'2022-06-15 06:56:02',	'2022-06-15 06:56:02'),
(72,	'Vụ xăng Malaysia 13.000 đồng/lít: Thủ tướng yêu cầu theo dõi kỹ để xử lý',	'https://askubuntu.com/questions/617850/changing-from-user-to-superuser',	'https://encrypted-tbn0.gstatic.com/images?q=tbn:ANd9GcTa6CFxEdks8wGHKZfuVBi8CRioiObB-e9pWivva33j5OwkDB7CEC94NjFDCNwXjtwge64&usqp=CAU',	NULL,	NULL,	'ADS',	NULL,	0,	0,	4,	'2022-06-15 06:56:02',	'2022-06-15 06:56:02'),
(73,	'Gần 200 căn biệt thự, liền kề tiền tỷ được \"chốt đơn\" chỉ trong một ngày',	'https://dantri.com.vn/bat-dong-san/du-an-duong-vanh-dai-4-ha-noi-co-gi-dac-biet-20220520160243792.htm',	'https://cdn.searchenginejournal.com/wp-content/uploads/2019/08/c573bf41-6a7c-4927-845c-4ca0260aad6b-1520x800.jpeg',	NULL,	'(Dân trí) - Bất chấp việc đã giảm 50% thuế bảo vệ môi trường, giá một lít xăng ở Việt Nam vẫn phải \"gánh còng lưng\" thuế phí. Nếu mua 100.000 đồng tiền xăng, người dân phải đóng 34.200 đồng là thuế phí.',	'DEFAULT',	NULL,	0,	0,	3,	'2022-06-15 06:56:02',	'2022-06-15 06:56:02'),
(74,	'Giá vàng SJC tiếp tục \"bốc hơi\"',	NULL,	NULL,	'https://www.youtube.com/embed/8g9fmiNVYNI',	NULL,	'VIDEO',	NULL,	0,	0,	2,	'2022-06-15 06:56:02',	'2022-06-15 06:56:02'),
(75,	'Thanh tra đường \"nhồi\" cao ốc Lê Văn Lương - Tố Hữu, lộ đầy rẫy vi phạm',	'https://askubuntu.com/questions/617850/changing-from-user-to-superuser',	'https://cdn.searchenginejournal.com/wp-content/uploads/2019/08/c573bf41-6a7c-4927-845c-4ca0260aad6b-1520x800.jpeg',	NULL,	NULL,	'ADS',	NULL,	0,	0,	4,	'2022-06-15 06:56:02',	'2022-06-15 06:56:02'),
(76,	'Vụ xăng Malaysia 13.000 đồng/lít: Thủ tướng yêu cầu theo dõi kỹ để xử lý',	'https://askubuntu.com/questions/617850/changing-from-user-to-superuser',	'https://cdn.searchenginejournal.com/wp-content/uploads/2019/08/c573bf41-6a7c-4927-845c-4ca0260aad6b-1520x800.jpeg',	NULL,	NULL,	'CARD',	0,	0,	100000,	3,	'2022-06-15 06:56:02',	'2022-06-15 06:56:02'),
(77,	'Sau nhiều ồn ào đấu giá đất, Hà Nội có quy định mới tiền đặt cọc',	'https://dantri.com.vn/xa-hoi/them-nhieu-thieu-nien-bi-dua-sang-campuchia-khi-di-tim-viec-nhe-luong-cao-20220615082701049.htm',	'https://static.remove.bg/remove-bg-web/eb1bb48845c5007c3ec8d72ce7972fc8b76733b1/assets/start-1abfb4fe2980eabfbbaaa4365a0692539f7cd2725f324f904565a9a744f8e214.jpg',	NULL,	NULL,	'GAME_MOBILE',	NULL,	0,	0,	2,	'2022-06-15 06:56:02',	'2022-06-15 06:56:02'),
(78,	'\"Chất\" riêng của Bình Châu - Hồ Tràm trong xu hướng wellness travel',	'https://askubuntu.com/questions/617850/changing-from-user-to-superuser',	'https://encrypted-tbn0.gstatic.com/images?q=tbn:ANd9GcQ9quVJ8hZqsPWgDRlIhFNwhpH3fS5xE75fe6uotxvTB3s9o4LsYCufH6uNcUaNOsPdn-8&usqp=CAU',	NULL,	NULL,	'ADS',	NULL,	0,	0,	1,	'2022-06-15 06:56:02',	'2022-06-15 06:56:02'),
(79,	'\"Chất\" riêng của Bình Châu - Hồ Tràm trong xu hướng wellness travel',	'https://dantri.com.vn/bat-dong-san/siet-bat-dong-san-co-phai-la-bop-nghet-gay-kho-20220531230948689.htm',	'https://encrypted-tbn0.gstatic.com/images?q=tbn:ANd9GcQ9quVJ8hZqsPWgDRlIhFNwhpH3fS5xE75fe6uotxvTB3s9o4LsYCufH6uNcUaNOsPdn-8&usqp=CAU',	NULL,	'(Dân trí) - Trong vòng một tháng, Công ty cổ phần Tập đoàn Gelex đã tổ chức 4 đợt mua lại trái phiếu với tổng giá trị 1.500 tỷ đồng.',	'DEFAULT',	NULL,	0,	0,	2,	'2022-06-15 06:56:02',	'2022-06-15 06:56:02'),
(80,	'Thanh tra đường \"nhồi\" cao ốc Lê Văn Lương - Tố Hữu, lộ đầy rẫy vi phạm',	NULL,	NULL,	'https://www.youtube.com/embed/dCdxj-3IrWM',	NULL,	'VIDEO',	NULL,	0,	0,	1,	'2022-06-15 06:56:02',	'2022-06-15 06:56:02'),
(81,	'Siết bất động sản có phải là \"bóp nghẹt\", gây khó?',	'https://dantri.com.vn/xa-hoi/ve-chiu-tang-me-viet-nam-anh-hung-111-tuoi-chau-noi-tu-nan-o-ninh-binh-20220614152406799.htm',	'https://static.remove.bg/remove-bg-web/eb1bb48845c5007c3ec8d72ce7972fc8b76733b1/assets/start-1abfb4fe2980eabfbbaaa4365a0692539f7cd2725f324f904565a9a744f8e214.jpg',	NULL,	NULL,	'ADS',	NULL,	0,	0,	3,	'2022-06-15 06:56:02',	'2022-06-15 06:56:02'),
(82,	'Dự án nào tại đường Lê Văn Lương \"ăn bớt\" chỗ cây xanh, biến 5 lên 30 tầng?',	'https://dantri.com.vn/xa-hoi/mua-lon-o-ha-noi-nhieu-xe-sang-bay-bien-so-ngap-sau-trong-nuoc-20220613232004762.htm',	'https://cdn.searchenginejournal.com/wp-content/uploads/2019/08/c573bf41-6a7c-4927-845c-4ca0260aad6b-1520x800.jpeg',	NULL,	NULL,	'CARD',	10,	0,	20000,	2,	'2022-06-15 06:56:02',	'2022-06-15 06:56:02'),
(83,	'Dự án nào tại đường Lê Văn Lương \"ăn bớt\" chỗ cây xanh, biến 5 lên 30 tầng?',	'https://askubuntu.com/questions/617850/changing-from-user-to-superuser',	'https://encrypted-tbn0.gstatic.com/images?q=tbn:ANd9GcTa6CFxEdks8wGHKZfuVBi8CRioiObB-e9pWivva33j5OwkDB7CEC94NjFDCNwXjtwge64&usqp=CAU',	NULL,	NULL,	'GAME_MOBILE',	NULL,	0,	0,	2,	'2022-06-15 06:56:02',	'2022-06-15 06:56:02'),
(84,	'Giá vàng SJC tiếp tục \"bốc hơi\"',	'https://dantri.com.vn/xa-hoi/ve-chiu-tang-me-viet-nam-anh-hung-111-tuoi-chau-noi-tu-nan-o-ninh-binh-20220614152406799.htm',	'https://i.pinimg.com/originals/62/ae/fb/62aefb044922a5a847546e30b9036913.jpg',	NULL,	NULL,	'ADS',	NULL,	0,	0,	4,	'2022-06-15 06:56:02',	'2022-06-15 06:56:02'),
(85,	'Thanh tra đường \"nhồi\" cao ốc Lê Văn Lương - Tố Hữu, lộ đầy rẫy vi phạm',	'https://dantri.com.vn/phap-luat/truy-sat-o-quan-oc-song-nua-doi-nguoi-toi-chua-thay-canh-kinh-hoang-vay-20220611184236270.htm',	'https://cdn.searchenginejournal.com/wp-content/uploads/2019/08/c573bf41-6a7c-4927-845c-4ca0260aad6b-1520x800.jpeg',	NULL,	'(Dân trí) - Lần đầu \"chạm ngõ\" màn ảnh với vai nam chính trong phim \"Lối nhỏ vào đời\", Long Hoàng chia sẻ với PV Dân trí rằng, đó sự may mắn và tiết lộ hoàn cảnh của mình cũng khác xa trên phim.',	'DEFAULT',	NULL,	0,	0,	3,	'2022-06-15 06:56:02',	'2022-06-15 06:56:02'),
(86,	'Người mua đất khu đô thị Thanh Hà Cienco 5 bị \"treo\" xây dựng',	NULL,	NULL,	'https://www.youtube.com/embed/G64FJCq1SnI',	NULL,	'VIDEO',	NULL,	0,	0,	2,	'2022-06-15 06:56:02',	'2022-06-15 06:56:02'),
(87,	'Siết bất động sản có phải là \"bóp nghẹt\", gây khó?',	'https://dantri.com.vn/bat-dong-san/du-an-duong-vanh-dai-4-ha-noi-co-gi-dac-biet-20220520160243792.htm',	'https://encrypted-tbn0.gstatic.com/images?q=tbn:ANd9GcTa6CFxEdks8wGHKZfuVBi8CRioiObB-e9pWivva33j5OwkDB7CEC94NjFDCNwXjtwge64&usqp=CAU',	NULL,	NULL,	'ADS',	NULL,	0,	0,	4,	'2022-06-15 06:56:02',	'2022-06-15 06:56:02'),
(88,	'Thanh tra đường \"nhồi\" cao ốc Lê Văn Lương - Tố Hữu, lộ đầy rẫy vi phạm',	'https://dantri.com.vn/bat-dong-san/vach-loat-he-luy-tu-cuoc-dau-gia-dat-khung-tai-thu-thiem-20220531210238087.htm',	'https://static.remove.bg/remove-bg-web/eb1bb48845c5007c3ec8d72ce7972fc8b76733b1/assets/start-1abfb4fe2980eabfbbaaa4365a0692539f7cd2725f324f904565a9a744f8e214.jpg',	NULL,	NULL,	'CARD',	10,	0,	100000,	2,	'2022-06-15 06:56:02',	'2022-06-15 06:56:02'),
(89,	'\"Chất\" riêng của Bình Châu - Hồ Tràm trong xu hướng wellness travel',	'https://dantri.com.vn/phap-luat/truy-sat-o-quan-oc-song-nua-doi-nguoi-toi-chua-thay-canh-kinh-hoang-vay-20220611184236270.htm',	'https://i.pinimg.com/originals/62/ae/fb/62aefb044922a5a847546e30b9036913.jpg',	NULL,	NULL,	'GAME_MOBILE',	NULL,	0,	0,	3,	'2022-06-15 06:56:02',	'2022-06-15 06:56:02'),
(90,	'Giá xăng \"phát sốt\", Bộ Tài chính lại đưa ra thêm đề xuất mới',	'https://askubuntu.com/questions/617850/changing-from-user-to-superuser',	'https://helpx.adobe.com/content/dam/help/en/stock/how-to/visual-reverse-image-search/jcr_content/main-pars/image/visual-reverse-image-search-v2_intro.jpg',	NULL,	NULL,	'ADS',	NULL,	0,	0,	1,	'2022-06-15 06:56:02',	'2022-06-15 06:56:02'),
(91,	'Vạch loạt \"góc khuất\" trong đấu giá đất, dìm giá từ 500 tỷ đồng còn một nửa',	NULL,	NULL,	'https://www.youtube.com/embed/dCdxj-3IrWM',	NULL,	'VIDEO',	NULL,	0,	0,	1,	'2022-06-15 06:56:02',	'2022-06-15 06:56:02'),
(92,	'Siết bất động sản có phải là \"bóp nghẹt\", gây khó?',	'https://askubuntu.com/questions/617850/changing-from-user-to-superuser',	'https://png.pngtree.com/illustrations/20190327/ourmid/pngtree-cure-starry-sky-night-sky-star-png-image_38228.jpg',	NULL,	'(Dân trí) - Có mức thu nhập từ vài trăm đến cả tỷ đồng mỗi năm nhưng một số hộ dân tại xã Krông Jing (huyện M\'Đrắk, Đắk Lắk) bất ngờ khi biết gia đình mình có tên trong danh sách hộ nghèo từ nhiều năm trước.',	'DEFAULT',	NULL,	0,	0,	3,	'2022-06-15 06:56:02',	'2022-06-15 06:56:02'),
(93,	'Sau nhiều ồn ào đấu giá đất, Hà Nội có quy định mới tiền đặt cọc',	'https://dantri.com.vn/phap-luat/truy-sat-o-quan-oc-song-nua-doi-nguoi-toi-chua-thay-canh-kinh-hoang-vay-20220611184236270.htm',	'https://encrypted-tbn0.gstatic.com/images?q=tbn:ANd9GcQ6wGBbcC_rZFSn3PEF6L34jkUjgR6oER7o2sFXzzRmB-Rx2fqaQxKjcZWbpU4vrveQM60&usqp=CAU',	NULL,	NULL,	'CARD',	80,	0,	100000,	4,	'2022-06-15 06:56:02',	'2022-06-15 06:56:02'),
(94,	'Sau nhiều ồn ào đấu giá đất, Hà Nội có quy định mới tiền đặt cọc',	'https://dantri.com.vn/phap-luat/tam-giu-dien-vien-hai-huu-tin-dieu-tra-tang-tru-to-chuc-su-dung-ma-tuy-20220614192059913.htm',	'https://helpx.adobe.com/content/dam/help/en/stock/how-to/visual-reverse-image-search/jcr_content/main-pars/image/visual-reverse-image-search-v2_intro.jpg',	NULL,	NULL,	'ADS',	NULL,	0,	0,	3,	'2022-06-15 06:56:02',	'2022-06-15 06:56:02'),
(95,	'Giá vàng SJC tiếp tục \"bốc hơi\"',	'https://dantri.com.vn/xa-hoi/them-nhieu-thieu-nien-bi-dua-sang-campuchia-khi-di-tim-viec-nhe-luong-cao-20220615082701049.htm',	'https://encrypted-tbn0.gstatic.com/images?q=tbn:ANd9GcQ9quVJ8hZqsPWgDRlIhFNwhpH3fS5xE75fe6uotxvTB3s9o4LsYCufH6uNcUaNOsPdn-8&usqp=CAU',	NULL,	NULL,	'GAME_MOBILE',	NULL,	0,	0,	4,	'2022-06-15 06:56:02',	'2022-06-15 06:56:02'),
(96,	'Vạch loạt \"góc khuất\" trong đấu giá đất, dìm giá từ 500 tỷ đồng còn một nửa',	'https://dantri.com.vn/xa-hoi/ve-chiu-tang-me-viet-nam-anh-hung-111-tuoi-chau-noi-tu-nan-o-ninh-binh-20220614152406799.htm',	'https://cdn.searchenginejournal.com/wp-content/uploads/2019/08/c573bf41-6a7c-4927-845c-4ca0260aad6b-1520x800.jpeg',	NULL,	NULL,	'ADS',	NULL,	0,	0,	3,	'2022-06-15 06:56:02',	'2022-06-15 06:56:02'),
(97,	'Thanh tra đường \"nhồi\" cao ốc Lê Văn Lương - Tố Hữu, lộ đầy rẫy vi phạm',	NULL,	NULL,	'https://www.youtube.com/embed/dCdxj-3IrWM',	NULL,	'VIDEO',	NULL,	0,	0,	2,	'2022-06-15 06:56:02',	'2022-06-15 06:56:02'),
(98,	'Vụ xăng Malaysia 13.000 đồng/lít: Thủ tướng yêu cầu theo dõi kỹ để xử lý',	'https://dantri.com.vn/xa-hoi/mua-lon-o-ha-noi-nhieu-xe-sang-bay-bien-so-ngap-sau-trong-nuoc-20220613232004762.htm',	'https://www.zenithtechs.com/wp-content/uploads/2021/06/remove-background-from-image-with-remove-bg-tutorials.jpg',	NULL,	'(Dân trí) - \"Sống hơn nửa đời người rồi mà tôi chưa bao giờ thấy cảnh kinh hoàng như vậy. Ai ai cũng cầm mã tấu, dao, tiếng bom xăng cứ nổ khiến tôi ám ảnh\", bà H. (nhân chứng vụ truy sát ở quán ốc) hãi hùng kể.',	'DEFAULT',	NULL,	0,	0,	2,	'2022-06-15 06:56:02',	'2022-06-15 06:56:02'),
(99,	'Dự án nào tại đường Lê Văn Lương \"ăn bớt\" chỗ cây xanh, biến 5 lên 30 tầng?',	'https://dantri.com.vn/bat-dong-san/vach-loat-he-luy-tu-cuoc-dau-gia-dat-khung-tai-thu-thiem-20220531210238087.htm',	'https://encrypted-tbn0.gstatic.com/images?q=tbn:ANd9GcQ6wGBbcC_rZFSn3PEF6L34jkUjgR6oER7o2sFXzzRmB-Rx2fqaQxKjcZWbpU4vrveQM60&usqp=CAU',	NULL,	NULL,	'CARD',	80,	0,	30000,	3,	'2022-06-15 06:56:02',	'2022-06-15 06:56:02'),
(100,	'Vạch loạt \"góc khuất\" trong đấu giá đất, dìm giá từ 500 tỷ đồng còn một nửa',	'https://dantri.com.vn/xa-hoi/vu-sung-sot-phat-hien-minh-da-chet-con-nhieu-ban-tuong-tu-20220612211104630.htm',	'https://encrypted-tbn0.gstatic.com/images?q=tbn:ANd9GcQ9quVJ8hZqsPWgDRlIhFNwhpH3fS5xE75fe6uotxvTB3s9o4LsYCufH6uNcUaNOsPdn-8&usqp=CAU',	NULL,	NULL,	'ADS',	NULL,	0,	0,	4,	'2022-06-15 06:56:02',	'2022-06-15 06:56:02'),
(101,	'Siết bất động sản có phải là \"bóp nghẹt\", gây khó?',	'https://dantri.com.vn/bat-dong-san/siet-bat-dong-san-co-phai-la-bop-nghet-gay-kho-20220531230948689.htm',	'https://encrypted-tbn0.gstatic.com/images?q=tbn:ANd9GcTa6CFxEdks8wGHKZfuVBi8CRioiObB-e9pWivva33j5OwkDB7CEC94NjFDCNwXjtwge64&usqp=CAU',	NULL,	NULL,	'GAME_MOBILE',	NULL,	0,	0,	4,	'2022-06-15 06:56:02',	'2022-06-15 06:56:02'),
(102,	'Dự án nào tại đường Lê Văn Lương \"ăn bớt\" chỗ cây xanh, biến 5 lên 30 tầng?',	'https://www.figma.com/file/0f0q91Q6btTLbfHnmAwaBg/Tin-t%E1%BB%A9c-game-Vi%E1%BB%87t?node-id=0%3A1',	'https://png.pngtree.com/illustrations/20190327/ourmid/pngtree-cure-starry-sky-night-sky-star-png-image_38228.jpg',	NULL,	NULL,	'ADS',	NULL,	0,	0,	3,	'2022-06-15 06:56:02',	'2022-06-15 06:56:02'),
(103,	'Giá xăng \"phát sốt\", Bộ Tài chính lại đưa ra thêm đề xuất mới',	NULL,	NULL,	'https://www.youtube.com/embed/dCdxj-3IrWM',	NULL,	'VIDEO',	NULL,	0,	0,	4,	'2022-06-15 06:56:02',	'2022-06-15 06:56:02'),
(104,	'Thanh tra đường \"nhồi\" cao ốc Lê Văn Lương - Tố Hữu, lộ đầy rẫy vi phạm',	'https://askubuntu.com/questions/617850/changing-from-user-to-superuser',	'https://encrypted-tbn0.gstatic.com/images?q=tbn:ANd9GcTa6CFxEdks8wGHKZfuVBi8CRioiObB-e9pWivva33j5OwkDB7CEC94NjFDCNwXjtwge64&usqp=CAU',	NULL,	NULL,	'CARD',	50,	0,	100000,	4,	'2022-06-15 06:56:02',	'2022-06-15 06:56:02'),
(105,	'Gần 200 căn biệt thự, liền kề tiền tỷ được \"chốt đơn\" chỉ trong một ngày',	'https://dantri.com.vn/xa-hoi/them-nhieu-thieu-nien-bi-dua-sang-campuchia-khi-di-tim-viec-nhe-luong-cao-20220615082701049.htm',	'https://encrypted-tbn0.gstatic.com/images?q=tbn:ANd9GcQ9quVJ8hZqsPWgDRlIhFNwhpH3fS5xE75fe6uotxvTB3s9o4LsYCufH6uNcUaNOsPdn-8&usqp=CAU',	NULL,	'(Dân trí) - Nhiều người xuất cảnh sang Campuchia bị tra tấn, đánh đập khi tìm cách trốn khỏi nơi làm việc. Những người muốn quay về Việt Nam thì bị bắt ký khống giấy nợ và yêu cầu bồi thường hàng ngàn USD',	'DEFAULT',	NULL,	0,	0,	4,	'2022-06-15 06:56:02',	'2022-06-15 06:56:02'),
(106,	'Siết bất động sản có phải là \"bóp nghẹt\", gây khó?',	'https://dantri.com.vn/bat-dong-san/du-an-duong-vanh-dai-4-ha-noi-co-gi-dac-biet-20220520160243792.htm',	'https://encrypted-tbn0.gstatic.com/images?q=tbn:ANd9GcTa6CFxEdks8wGHKZfuVBi8CRioiObB-e9pWivva33j5OwkDB7CEC94NjFDCNwXjtwge64&usqp=CAU',	NULL,	NULL,	'ADS',	NULL,	0,	0,	4,	'2022-06-15 06:56:02',	'2022-06-15 06:56:02'),
(107,	'Sau nhiều ồn ào đấu giá đất, Hà Nội có quy định mới tiền đặt cọc',	'https://www.figma.com/file/0f0q91Q6btTLbfHnmAwaBg/Tin-t%E1%BB%A9c-game-Vi%E1%BB%87t?node-id=0%3A1',	'https://png.pngtree.com/illustrations/20190327/ourmid/pngtree-cure-starry-sky-night-sky-star-png-image_38228.jpg',	NULL,	NULL,	'CARD',	30,	0,	20000,	2,	'2022-06-15 06:56:02',	'2022-06-15 06:56:02'),
(108,	'Vụ xăng Malaysia 13.000 đồng/lít: Thủ tướng yêu cầu theo dõi kỹ để xử lý',	'https://dantri.com.vn/xa-hoi/ve-chiu-tang-me-viet-nam-anh-hung-111-tuoi-chau-noi-tu-nan-o-ninh-binh-20220614152406799.htm',	'https://encrypted-tbn0.gstatic.com/images?q=tbn:ANd9GcQ9quVJ8hZqsPWgDRlIhFNwhpH3fS5xE75fe6uotxvTB3s9o4LsYCufH6uNcUaNOsPdn-8&usqp=CAU',	NULL,	NULL,	'GAME_MOBILE',	NULL,	0,	0,	2,	'2022-06-15 06:56:02',	'2022-06-15 06:56:02'),
(109,	'Vụ xăng Malaysia 13.000 đồng/lít: Thủ tướng yêu cầu theo dõi kỹ để xử lý',	'https://dantri.com.vn/phap-luat/truy-sat-o-quan-oc-song-nua-doi-nguoi-toi-chua-thay-canh-kinh-hoang-vay-20220611184236270.htm',	'https://helpx.adobe.com/content/dam/help/en/stock/how-to/visual-reverse-image-search/jcr_content/main-pars/image/visual-reverse-image-search-v2_intro.jpg',	NULL,	NULL,	'ADS',	NULL,	0,	0,	4,	'2022-06-15 06:56:02',	'2022-06-15 06:56:02'),
(110,	'Giá xăng \"phát sốt\", Bộ Tài chính lại đưa ra thêm đề xuất mới',	NULL,	NULL,	'https://www.youtube.com/embed/dCdxj-3IrWM',	NULL,	'VIDEO',	NULL,	0,	0,	3,	'2022-06-15 06:56:02',	'2022-06-15 06:56:02'),
(111,	'Dự án nào tại đường Lê Văn Lương \"ăn bớt\" chỗ cây xanh, biến 5 lên 30 tầng?',	'https://www.figma.com/file/0f0q91Q6btTLbfHnmAwaBg/Tin-t%E1%BB%A9c-game-Vi%E1%BB%87t?node-id=0%3A1',	'https://encrypted-tbn0.gstatic.com/images?q=tbn:ANd9GcQ9quVJ8hZqsPWgDRlIhFNwhpH3fS5xE75fe6uotxvTB3s9o4LsYCufH6uNcUaNOsPdn-8&usqp=CAU',	NULL,	'(Dân trí) - Lần đầu \"chạm ngõ\" màn ảnh với vai nam chính trong phim \"Lối nhỏ vào đời\", Long Hoàng chia sẻ với PV Dân trí rằng, đó sự may mắn và tiết lộ hoàn cảnh của mình cũng khác xa trên phim.',	'DEFAULT',	NULL,	0,	0,	3,	'2022-06-15 06:56:02',	'2022-06-15 06:56:02'),
(112,	'Thanh tra đường \"nhồi\" cao ốc Lê Văn Lương - Tố Hữu, lộ đầy rẫy vi phạm',	'https://dantri.com.vn/phap-luat/truy-sat-o-quan-oc-song-nua-doi-nguoi-toi-chua-thay-canh-kinh-hoang-vay-20220611184236270.htm',	'https://cdn.searchenginejournal.com/wp-content/uploads/2019/08/c573bf41-6a7c-4927-845c-4ca0260aad6b-1520x800.jpeg',	NULL,	NULL,	'ADS',	NULL,	0,	0,	4,	'2022-06-15 06:56:02',	'2022-06-15 06:56:02'),
(113,	'Gần 200 căn biệt thự, liền kề tiền tỷ được \"chốt đơn\" chỉ trong một ngày',	'https://dantri.com.vn/xa-hoi/ve-chiu-tang-me-viet-nam-anh-hung-111-tuoi-chau-noi-tu-nan-o-ninh-binh-20220614152406799.htm',	'https://encrypted-tbn0.gstatic.com/images?q=tbn:ANd9GcRAd_Di-ZXvs7369z-X9C9o_tDblUPi3eVkk7wWUe8IXcPcRVxz9Fo8aKpwIhZTuEfxkv0&usqp=CAU',	NULL,	NULL,	'GAME_MOBILE',	NULL,	0,	0,	2,	'2022-06-15 06:56:02',	'2022-06-15 06:56:02'),
(114,	'Siết bất động sản có phải là \"bóp nghẹt\", gây khó?',	'https://dantri.com.vn/phap-luat/truy-sat-o-quan-oc-song-nua-doi-nguoi-toi-chua-thay-canh-kinh-hoang-vay-20220611184236270.htm',	'https://www.zenithtechs.com/wp-content/uploads/2021/06/remove-background-from-image-with-remove-bg-tutorials.jpg',	NULL,	NULL,	'CARD',	40,	0,	100000,	3,	'2022-06-15 06:56:02',	'2022-06-15 06:56:02'),
(115,	'Gần 200 căn biệt thự, liền kề tiền tỷ được \"chốt đơn\" chỉ trong một ngày',	'https://dantri.com.vn/xa-hoi/them-nhieu-thieu-nien-bi-dua-sang-campuchia-khi-di-tim-viec-nhe-luong-cao-20220615082701049.htm',	'https://encrypted-tbn0.gstatic.com/images?q=tbn:ANd9GcQ9quVJ8hZqsPWgDRlIhFNwhpH3fS5xE75fe6uotxvTB3s9o4LsYCufH6uNcUaNOsPdn-8&usqp=CAU',	NULL,	NULL,	'ADS',	NULL,	0,	0,	1,	'2022-06-15 06:56:02',	'2022-06-15 06:56:02'),
(116,	'Dự án nào tại đường Lê Văn Lương \"ăn bớt\" chỗ cây xanh, biến 5 lên 30 tầng?',	NULL,	NULL,	'https://www.youtube.com/embed/8g9fmiNVYNI',	NULL,	'VIDEO',	NULL,	0,	0,	4,	'2022-06-15 06:56:02',	'2022-06-15 06:56:02'),
(117,	'Gần 200 căn biệt thự, liền kề tiền tỷ được \"chốt đơn\" chỉ trong một ngày',	'https://www.figma.com/file/0f0q91Q6btTLbfHnmAwaBg/Tin-t%E1%BB%A9c-game-Vi%E1%BB%87t?node-id=0%3A1',	'https://www.zenithtechs.com/wp-content/uploads/2021/06/remove-background-from-image-with-remove-bg-tutorials.jpg',	NULL,	'Vua hài của làng giải trí châu Á\" Châu Tinh Trì sở hữu khối tài ước tính gần 7 nghìn tỷ đồng nhưng không kết hôn, không có con. Người thân của ông chỉ có mẹ cùng em gái và chị gái.',	'DEFAULT',	NULL,	0,	0,	3,	'2022-06-15 06:56:02',	'2022-06-15 06:56:02'),
(118,	'Vạch loạt \"góc khuất\" trong đấu giá đất, dìm giá từ 500 tỷ đồng còn một nửa',	'https://dantri.com.vn/xa-hoi/them-nhieu-thieu-nien-bi-dua-sang-campuchia-khi-di-tim-viec-nhe-luong-cao-20220615082701049.htm',	'https://helpx.adobe.com/content/dam/help/en/stock/how-to/visual-reverse-image-search/jcr_content/main-pars/image/visual-reverse-image-search-v2_intro.jpg',	NULL,	NULL,	'ADS',	NULL,	0,	0,	3,	'2022-06-15 06:56:02',	'2022-06-15 06:56:02'),
(119,	'Người mua đất khu đô thị Thanh Hà Cienco 5 bị \"treo\" xây dựng',	'https://dantri.com.vn/phap-luat/truy-sat-o-quan-oc-song-nua-doi-nguoi-toi-chua-thay-canh-kinh-hoang-vay-20220611184236270.htm',	'https://png.pngtree.com/illustrations/20190327/ourmid/pngtree-cure-starry-sky-night-sky-star-png-image_38228.jpg',	NULL,	NULL,	'GAME_MOBILE',	NULL,	0,	0,	4,	'2022-06-15 06:56:02',	'2022-06-15 06:56:02'),
(120,	'Giá xăng \"phát sốt\", Bộ Tài chính lại đưa ra thêm đề xuất mới',	'https://dantri.com.vn/bat-dong-san/vach-loat-he-luy-tu-cuoc-dau-gia-dat-khung-tai-thu-thiem-20220531210238087.htm',	'https://helpx.adobe.com/content/dam/help/en/stock/how-to/visual-reverse-image-search/jcr_content/main-pars/image/visual-reverse-image-search-v2_intro.jpg',	NULL,	NULL,	'ADS',	NULL,	0,	0,	1,	'2022-06-15 06:56:02',	'2022-06-15 06:56:02'),
(121,	'Dự án nào tại đường Lê Văn Lương \"ăn bớt\" chỗ cây xanh, biến 5 lên 30 tầng?',	'https://dantri.com.vn/xa-hoi/ve-chiu-tang-me-viet-nam-anh-hung-111-tuoi-chau-noi-tu-nan-o-ninh-binh-20220614152406799.htm',	'https://helpx.adobe.com/content/dam/help/en/stock/how-to/visual-reverse-image-search/jcr_content/main-pars/image/visual-reverse-image-search-v2_intro.jpg',	NULL,	NULL,	'CARD',	0,	0,	100000,	1,	'2022-06-15 06:56:02',	'2022-06-15 06:56:02'),
(122,	'Vụ xăng Malaysia 13.000 đồng/lít: Thủ tướng yêu cầu theo dõi kỹ để xử lý',	NULL,	NULL,	'https://www.youtube.com/embed/apeFjGZ1jzA',	NULL,	'VIDEO',	NULL,	0,	0,	3,	'2022-06-15 06:56:02',	'2022-06-15 06:56:02'),
(123,	'Thanh tra đường \"nhồi\" cao ốc Lê Văn Lương - Tố Hữu, lộ đầy rẫy vi phạm',	'https://dantri.com.vn/bat-dong-san/vach-loat-he-luy-tu-cuoc-dau-gia-dat-khung-tai-thu-thiem-20220531210238087.htm',	'https://encrypted-tbn0.gstatic.com/images?q=tbn:ANd9GcRAd_Di-ZXvs7369z-X9C9o_tDblUPi3eVkk7wWUe8IXcPcRVxz9Fo8aKpwIhZTuEfxkv0&usqp=CAU',	NULL,	'(Dân trí) - Theo cáo buộc, \"bà trùm\" Nguyễn Thị Nguyệt cùng chồng liên hệ nhân viên 3 ngân hàng lớn để thực hiện chuyển tiền dưới hình thức thanh toán quốc tế.',	'DEFAULT',	NULL,	0,	0,	2,	'2022-06-15 06:56:02',	'2022-06-15 06:56:02'),
(124,	'Sau nhiều ồn ào đấu giá đất, Hà Nội có quy định mới tiền đặt cọc',	'https://dantri.com.vn/xa-hoi/vu-sung-sot-phat-hien-minh-da-chet-con-nhieu-ban-tuong-tu-20220612211104630.htm',	'https://encrypted-tbn0.gstatic.com/images?q=tbn:ANd9GcTa6CFxEdks8wGHKZfuVBi8CRioiObB-e9pWivva33j5OwkDB7CEC94NjFDCNwXjtwge64&usqp=CAU',	NULL,	NULL,	'ADS',	NULL,	0,	0,	4,	'2022-06-15 06:56:02',	'2022-06-15 06:56:02'),
(125,	'Siết bất động sản có phải là \"bóp nghẹt\", gây khó?',	'https://dantri.com.vn/xa-hoi/vu-sung-sot-phat-hien-minh-da-chet-con-nhieu-ban-tuong-tu-20220612211104630.htm',	'https://png.pngtree.com/illustrations/20190327/ourmid/pngtree-cure-starry-sky-night-sky-star-png-image_38228.jpg',	NULL,	NULL,	'GAME_MOBILE',	NULL,	0,	0,	3,	'2022-06-15 06:56:02',	'2022-06-15 06:56:02'),
(126,	'\"Chất\" riêng của Bình Châu - Hồ Tràm trong xu hướng wellness travel',	'https://dantri.com.vn/xa-hoi/them-nhieu-thieu-nien-bi-dua-sang-campuchia-khi-di-tim-viec-nhe-luong-cao-20220615082701049.htm',	'https://encrypted-tbn0.gstatic.com/images?q=tbn:ANd9GcRAd_Di-ZXvs7369z-X9C9o_tDblUPi3eVkk7wWUe8IXcPcRVxz9Fo8aKpwIhZTuEfxkv0&usqp=CAU',	NULL,	NULL,	'ADS',	NULL,	0,	0,	3,	'2022-06-15 06:56:02',	'2022-06-15 06:56:02'),
(127,	'Gần 200 căn biệt thự, liền kề tiền tỷ được \"chốt đơn\" chỉ trong một ngày',	'https://dantri.com.vn/phap-luat/tam-giu-dien-vien-hai-huu-tin-dieu-tra-tang-tru-to-chuc-su-dung-ma-tuy-20220614192059913.htm',	'https://cdn.searchenginejournal.com/wp-content/uploads/2019/08/c573bf41-6a7c-4927-845c-4ca0260aad6b-1520x800.jpeg',	NULL,	NULL,	'CARD',	50,	0,	100000,	1,	'2022-06-15 06:56:02',	'2022-06-15 06:56:02'),
(128,	'Vạch loạt \"góc khuất\" trong đấu giá đất, dìm giá từ 500 tỷ đồng còn một nửa',	NULL,	NULL,	'https://www.youtube.com/embed/dCdxj-3IrWM',	NULL,	'VIDEO',	NULL,	0,	0,	1,	'2022-06-15 06:56:02',	'2022-06-15 06:56:02'),
(129,	'Người mua đất khu đô thị Thanh Hà Cienco 5 bị \"treo\" xây dựng',	'https://dantri.com.vn/phap-luat/tam-giu-dien-vien-hai-huu-tin-dieu-tra-tang-tru-to-chuc-su-dung-ma-tuy-20220614192059913.htm',	'https://i.pinimg.com/originals/62/ae/fb/62aefb044922a5a847546e30b9036913.jpg',	NULL,	'Vua hài của làng giải trí châu Á\" Châu Tinh Trì sở hữu khối tài ước tính gần 7 nghìn tỷ đồng nhưng không kết hôn, không có con. Người thân của ông chỉ có mẹ cùng em gái và chị gái.',	'DEFAULT',	NULL,	0,	0,	1,	'2022-06-15 06:56:02',	'2022-06-15 06:56:02'),
(130,	'Giá xăng \"phát sốt\", Bộ Tài chính lại đưa ra thêm đề xuất mới',	'https://dantri.com.vn/phap-luat/tam-giu-dien-vien-hai-huu-tin-dieu-tra-tang-tru-to-chuc-su-dung-ma-tuy-20220614192059913.htm',	'https://encrypted-tbn0.gstatic.com/images?q=tbn:ANd9GcTa6CFxEdks8wGHKZfuVBi8CRioiObB-e9pWivva33j5OwkDB7CEC94NjFDCNwXjtwge64&usqp=CAU',	NULL,	NULL,	'ADS',	NULL,	0,	0,	1,	'2022-06-15 06:56:02',	'2022-06-15 06:56:02'),
(131,	'\"Chất\" riêng của Bình Châu - Hồ Tràm trong xu hướng wellness travel',	'https://www.figma.com/file/0f0q91Q6btTLbfHnmAwaBg/Tin-t%E1%BB%A9c-game-Vi%E1%BB%87t?node-id=0%3A1',	'https://png.pngtree.com/illustrations/20190327/ourmid/pngtree-cure-starry-sky-night-sky-star-png-image_38228.jpg',	NULL,	NULL,	'GAME_MOBILE',	NULL,	0,	0,	1,	'2022-06-15 06:56:02',	'2022-06-15 06:56:02'),
(132,	'Giá xăng \"phát sốt\", Bộ Tài chính lại đưa ra thêm đề xuất mới',	NULL,	NULL,	'https://www.youtube.com/embed/G64FJCq1SnI',	NULL,	'VIDEO',	NULL,	0,	0,	1,	'2022-06-15 06:56:02',	'2022-06-15 06:56:02'),
(133,	'Siết bất động sản có phải là \"bóp nghẹt\", gây khó?',	'https://dantri.com.vn/phap-luat/truy-sat-o-quan-oc-song-nua-doi-nguoi-toi-chua-thay-canh-kinh-hoang-vay-20220611184236270.htm',	'https://encrypted-tbn0.gstatic.com/images?q=tbn:ANd9GcQ6wGBbcC_rZFSn3PEF6L34jkUjgR6oER7o2sFXzzRmB-Rx2fqaQxKjcZWbpU4vrveQM60&usqp=CAU',	NULL,	NULL,	'CARD',	0,	0,	30000,	4,	'2022-06-15 06:56:02',	'2022-06-15 06:56:02'),
(134,	'Giá xăng \"phát sốt\", Bộ Tài chính lại đưa ra thêm đề xuất mới',	'https://dantri.com.vn/bat-dong-san/vach-loat-he-luy-tu-cuoc-dau-gia-dat-khung-tai-thu-thiem-20220531210238087.htm',	'https://encrypted-tbn0.gstatic.com/images?q=tbn:ANd9GcQ9quVJ8hZqsPWgDRlIhFNwhpH3fS5xE75fe6uotxvTB3s9o4LsYCufH6uNcUaNOsPdn-8&usqp=CAU',	NULL,	NULL,	'ADS',	NULL,	0,	0,	1,	'2022-06-15 06:56:02',	'2022-06-15 06:56:02'),
(135,	'Vạch loạt \"góc khuất\" trong đấu giá đất, dìm giá từ 500 tỷ đồng còn một nửa',	'https://dantri.com.vn/bat-dong-san/du-an-duong-vanh-dai-4-ha-noi-co-gi-dac-biet-20220520160243792.htm',	'https://encrypted-tbn0.gstatic.com/images?q=tbn:ANd9GcQ6wGBbcC_rZFSn3PEF6L34jkUjgR6oER7o2sFXzzRmB-Rx2fqaQxKjcZWbpU4vrveQM60&usqp=CAU',	NULL,	'(Dân trí) - Vàng SJC có một phiên giao dịch sóng gió khi \"bốc hơi\" 700.000 đồng/lượng trong ngày 13/6, đến 14/6 thì tiếp tục giảm.',	'DEFAULT',	NULL,	0,	0,	4,	'2022-06-15 06:56:02',	'2022-06-15 06:56:02'),
(136,	'Giá xăng \"phát sốt\", Bộ Tài chính lại đưa ra thêm đề xuất mới',	'https://dantri.com.vn/bat-dong-san/vach-loat-he-luy-tu-cuoc-dau-gia-dat-khung-tai-thu-thiem-20220531210238087.htm',	'https://i.pinimg.com/originals/62/ae/fb/62aefb044922a5a847546e30b9036913.jpg',	NULL,	NULL,	'ADS',	NULL,	0,	0,	3,	'2022-06-15 06:56:02',	'2022-06-15 06:56:02'),
(137,	'Sau nhiều ồn ào đấu giá đất, Hà Nội có quy định mới tiền đặt cọc',	NULL,	NULL,	'https://www.youtube.com/embed/G64FJCq1SnI',	NULL,	'VIDEO',	NULL,	0,	0,	3,	'2022-06-15 06:56:02',	'2022-06-15 06:56:02'),
(138,	'Người mua đất khu đô thị Thanh Hà Cienco 5 bị \"treo\" xây dựng',	'https://dantri.com.vn/bat-dong-san/vach-loat-he-luy-tu-cuoc-dau-gia-dat-khung-tai-thu-thiem-20220531210238087.htm',	'https://encrypted-tbn0.gstatic.com/images?q=tbn:ANd9GcQ6wGBbcC_rZFSn3PEF6L34jkUjgR6oER7o2sFXzzRmB-Rx2fqaQxKjcZWbpU4vrveQM60&usqp=CAU',	NULL,	NULL,	'GAME_MOBILE',	NULL,	0,	0,	4,	'2022-06-15 06:56:02',	'2022-06-15 06:56:02'),
(139,	'Người mua đất khu đô thị Thanh Hà Cienco 5 bị \"treo\" xây dựng',	'https://dantri.com.vn/xa-hoi/mua-lon-o-ha-noi-nhieu-xe-sang-bay-bien-so-ngap-sau-trong-nuoc-20220613232004762.htm',	'https://i.pinimg.com/originals/62/ae/fb/62aefb044922a5a847546e30b9036913.jpg',	NULL,	NULL,	'CARD',	0,	0,	100000,	3,	'2022-06-15 06:56:02',	'2022-06-15 06:56:02'),
(140,	'Giá xăng \"phát sốt\", Bộ Tài chính lại đưa ra thêm đề xuất mới',	'https://dantri.com.vn/bat-dong-san/siet-bat-dong-san-co-phai-la-bop-nghet-gay-kho-20220531230948689.htm',	'https://encrypted-tbn0.gstatic.com/images?q=tbn:ANd9GcTa6CFxEdks8wGHKZfuVBi8CRioiObB-e9pWivva33j5OwkDB7CEC94NjFDCNwXjtwge64&usqp=CAU',	NULL,	NULL,	'ADS',	NULL,	0,	0,	1,	'2022-06-15 06:56:02',	'2022-06-15 06:56:02'),
(141,	'Giá xăng \"phát sốt\", Bộ Tài chính lại đưa ra thêm đề xuất mới',	'https://dantri.com.vn/xa-hoi/them-nhieu-thieu-nien-bi-dua-sang-campuchia-khi-di-tim-viec-nhe-luong-cao-20220615082701049.htm',	'https://helpx.adobe.com/content/dam/help/en/stock/how-to/visual-reverse-image-search/jcr_content/main-pars/image/visual-reverse-image-search-v2_intro.jpg',	NULL,	'(Dân trí) - \"Sống hơn nửa đời người rồi mà tôi chưa bao giờ thấy cảnh kinh hoàng như vậy. Ai ai cũng cầm mã tấu, dao, tiếng bom xăng cứ nổ khiến tôi ám ảnh\", bà H. (nhân chứng vụ truy sát ở quán ốc) hãi hùng kể.',	'DEFAULT',	NULL,	0,	0,	2,	'2022-06-15 06:56:02',	'2022-06-15 06:56:02'),
(142,	'Giá xăng \"phát sốt\", Bộ Tài chính lại đưa ra thêm đề xuất mới',	NULL,	NULL,	'https://www.youtube.com/embed/dCdxj-3IrWM',	NULL,	'VIDEO',	NULL,	0,	0,	2,	'2022-06-15 06:56:02',	'2022-06-15 06:56:02'),
(143,	'Giá vàng SJC tiếp tục \"bốc hơi\"',	'https://dantri.com.vn/bat-dong-san/vach-loat-he-luy-tu-cuoc-dau-gia-dat-khung-tai-thu-thiem-20220531210238087.htm',	'https://i.pinimg.com/originals/62/ae/fb/62aefb044922a5a847546e30b9036913.jpg',	NULL,	NULL,	'ADS',	NULL,	0,	0,	1,	'2022-06-15 06:56:02',	'2022-06-15 06:56:02'),
(144,	'Người mua đất khu đô thị Thanh Hà Cienco 5 bị \"treo\" xây dựng',	'https://askubuntu.com/questions/617850/changing-from-user-to-superuser',	'https://encrypted-tbn0.gstatic.com/images?q=tbn:ANd9GcQ9quVJ8hZqsPWgDRlIhFNwhpH3fS5xE75fe6uotxvTB3s9o4LsYCufH6uNcUaNOsPdn-8&usqp=CAU',	NULL,	NULL,	'GAME_MOBILE',	NULL,	0,	0,	4,	'2022-06-15 06:56:02',	'2022-06-15 06:56:02'),
(145,	'Gần 200 căn biệt thự, liền kề tiền tỷ được \"chốt đơn\" chỉ trong một ngày',	'https://askubuntu.com/questions/617850/changing-from-user-to-superuser',	'https://www.zenithtechs.com/wp-content/uploads/2021/06/remove-background-from-image-with-remove-bg-tutorials.jpg',	NULL,	'(Dân trí) - Có mức thu nhập từ vài trăm đến cả tỷ đồng mỗi năm nhưng một số hộ dân tại xã Krông Jing (huyện M\'Đrắk, Đắk Lắk) bất ngờ khi biết gia đình mình có tên trong danh sách hộ nghèo từ nhiều năm trước.',	'DEFAULT',	NULL,	0,	0,	1,	'2022-06-15 06:56:02',	'2022-06-15 06:56:02'),
(146,	'Vụ xăng Malaysia 13.000 đồng/lít: Thủ tướng yêu cầu theo dõi kỹ để xử lý',	'https://dantri.com.vn/xa-hoi/mua-lon-o-ha-noi-nhieu-xe-sang-bay-bien-so-ngap-sau-trong-nuoc-20220613232004762.htm',	'https://static.remove.bg/remove-bg-web/eb1bb48845c5007c3ec8d72ce7972fc8b76733b1/assets/start-1abfb4fe2980eabfbbaaa4365a0692539f7cd2725f324f904565a9a744f8e214.jpg',	NULL,	NULL,	'CARD',	50,	0,	100000,	2,	'2022-06-15 06:56:02',	'2022-06-15 06:56:02'),
(147,	'Gần 200 căn biệt thự, liền kề tiền tỷ được \"chốt đơn\" chỉ trong một ngày',	'https://askubuntu.com/questions/617850/changing-from-user-to-superuser',	'https://encrypted-tbn0.gstatic.com/images?q=tbn:ANd9GcQ6wGBbcC_rZFSn3PEF6L34jkUjgR6oER7o2sFXzzRmB-Rx2fqaQxKjcZWbpU4vrveQM60&usqp=CAU',	NULL,	NULL,	'ADS',	NULL,	0,	0,	4,	'2022-06-15 06:56:02',	'2022-06-15 06:56:02'),
(148,	'Vụ xăng Malaysia 13.000 đồng/lít: Thủ tướng yêu cầu theo dõi kỹ để xử lý',	'https://dantri.com.vn/bat-dong-san/vach-loat-he-luy-tu-cuoc-dau-gia-dat-khung-tai-thu-thiem-20220531210238087.htm',	'https://static.remove.bg/remove-bg-web/eb1bb48845c5007c3ec8d72ce7972fc8b76733b1/assets/start-1abfb4fe2980eabfbbaaa4365a0692539f7cd2725f324f904565a9a744f8e214.jpg',	NULL,	NULL,	'ADS',	NULL,	0,	0,	1,	'2022-06-15 06:56:02',	'2022-06-15 06:56:02'),
(149,	'Dự án nào tại đường Lê Văn Lương \"ăn bớt\" chỗ cây xanh, biến 5 lên 30 tầng?',	NULL,	NULL,	'https://www.youtube.com/embed/8g9fmiNVYNI',	NULL,	'VIDEO',	NULL,	0,	0,	1,	'2022-06-15 06:56:02',	'2022-06-15 06:56:02'),
(150,	'Vụ xăng Malaysia 13.000 đồng/lít: Thủ tướng yêu cầu theo dõi kỹ để xử lý',	'https://dantri.com.vn/xa-hoi/mua-lon-o-ha-noi-nhieu-xe-sang-bay-bien-so-ngap-sau-trong-nuoc-20220613232004762.htm',	'https://static.remove.bg/remove-bg-web/eb1bb48845c5007c3ec8d72ce7972fc8b76733b1/assets/start-1abfb4fe2980eabfbbaaa4365a0692539f7cd2725f324f904565a9a744f8e214.jpg',	NULL,	NULL,	'GAME_MOBILE',	NULL,	0,	0,	3,	'2022-06-15 06:56:02',	'2022-06-15 06:56:02'),
(151,	'Vạch loạt \"góc khuất\" trong đấu giá đất, dìm giá từ 500 tỷ đồng còn một nửa',	'https://www.figma.com/file/0f0q91Q6btTLbfHnmAwaBg/Tin-t%E1%BB%A9c-game-Vi%E1%BB%87t?node-id=0%3A1',	'https://static.remove.bg/remove-bg-web/eb1bb48845c5007c3ec8d72ce7972fc8b76733b1/assets/start-1abfb4fe2980eabfbbaaa4365a0692539f7cd2725f324f904565a9a744f8e214.jpg',	NULL,	'(Dân trí) - Nhiều người xuất cảnh sang Campuchia bị tra tấn, đánh đập khi tìm cách trốn khỏi nơi làm việc. Những người muốn quay về Việt Nam thì bị bắt ký khống giấy nợ và yêu cầu bồi thường hàng ngàn USD',	'DEFAULT',	NULL,	0,	0,	3,	'2022-06-15 06:56:02',	'2022-06-15 06:56:02'),
(152,	'Người mua đất khu đô thị Thanh Hà Cienco 5 bị \"treo\" xây dựng',	'https://dantri.com.vn/phap-luat/truy-sat-o-quan-oc-song-nua-doi-nguoi-toi-chua-thay-canh-kinh-hoang-vay-20220611184236270.htm',	'https://encrypted-tbn0.gstatic.com/images?q=tbn:ANd9GcRAd_Di-ZXvs7369z-X9C9o_tDblUPi3eVkk7wWUe8IXcPcRVxz9Fo8aKpwIhZTuEfxkv0&usqp=CAU',	NULL,	NULL,	'CARD',	60,	0,	100000,	3,	'2022-06-15 06:56:02',	'2022-06-15 06:56:02'),
(153,	'Giá xăng \"phát sốt\", Bộ Tài chính lại đưa ra thêm đề xuất mới',	'https://dantri.com.vn/xa-hoi/ve-chiu-tang-me-viet-nam-anh-hung-111-tuoi-chau-noi-tu-nan-o-ninh-binh-20220614152406799.htm',	'https://encrypted-tbn0.gstatic.com/images?q=tbn:ANd9GcTa6CFxEdks8wGHKZfuVBi8CRioiObB-e9pWivva33j5OwkDB7CEC94NjFDCNwXjtwge64&usqp=CAU',	NULL,	NULL,	'ADS',	NULL,	0,	0,	2,	'2022-06-15 06:56:02',	'2022-06-15 06:56:02'),
(154,	'Người mua đất khu đô thị Thanh Hà Cienco 5 bị \"treo\" xây dựng',	'https://dantri.com.vn/bat-dong-san/du-an-duong-vanh-dai-4-ha-noi-co-gi-dac-biet-20220520160243792.htm',	'https://cdn.searchenginejournal.com/wp-content/uploads/2019/08/c573bf41-6a7c-4927-845c-4ca0260aad6b-1520x800.jpeg',	NULL,	NULL,	'ADS',	NULL,	0,	0,	2,	'2022-06-15 06:56:02',	'2022-06-15 06:56:02'),
(155,	'Người mua đất khu đô thị Thanh Hà Cienco 5 bị \"treo\" xây dựng',	NULL,	NULL,	'https://www.youtube.com/embed/apeFjGZ1jzA',	NULL,	'VIDEO',	NULL,	0,	0,	2,	'2022-06-15 06:56:02',	'2022-06-15 06:56:02'),
(156,	'Dự án nào tại đường Lê Văn Lương \"ăn bớt\" chỗ cây xanh, biến 5 lên 30 tầng?',	'https://dantri.com.vn/bat-dong-san/siet-bat-dong-san-co-phai-la-bop-nghet-gay-kho-20220531230948689.htm',	'https://encrypted-tbn0.gstatic.com/images?q=tbn:ANd9GcQ9quVJ8hZqsPWgDRlIhFNwhpH3fS5xE75fe6uotxvTB3s9o4LsYCufH6uNcUaNOsPdn-8&usqp=CAU',	NULL,	'Vua hài của làng giải trí châu Á\" Châu Tinh Trì sở hữu khối tài ước tính gần 7 nghìn tỷ đồng nhưng không kết hôn, không có con. Người thân của ông chỉ có mẹ cùng em gái và chị gái.',	'DEFAULT',	NULL,	0,	0,	1,	'2022-06-15 06:56:02',	'2022-06-15 06:56:02'),
(157,	'Sau nhiều ồn ào đấu giá đất, Hà Nội có quy định mới tiền đặt cọc',	'https://askubuntu.com/questions/617850/changing-from-user-to-superuser',	'https://www.zenithtechs.com/wp-content/uploads/2021/06/remove-background-from-image-with-remove-bg-tutorials.jpg',	NULL,	NULL,	'GAME_MOBILE',	NULL,	0,	0,	2,	'2022-06-15 06:56:02',	'2022-06-15 06:56:02'),
(158,	'Người mua đất khu đô thị Thanh Hà Cienco 5 bị \"treo\" xây dựng',	'https://dantri.com.vn/bat-dong-san/siet-bat-dong-san-co-phai-la-bop-nghet-gay-kho-20220531230948689.htm',	'https://encrypted-tbn0.gstatic.com/images?q=tbn:ANd9GcRAd_Di-ZXvs7369z-X9C9o_tDblUPi3eVkk7wWUe8IXcPcRVxz9Fo8aKpwIhZTuEfxkv0&usqp=CAU',	NULL,	NULL,	'CARD',	10,	0,	100000,	3,	'2022-06-15 06:56:02',	'2022-06-15 06:56:02'),
(159,	'Gần 200 căn biệt thự, liền kề tiền tỷ được \"chốt đơn\" chỉ trong một ngày',	'https://askubuntu.com/questions/617850/changing-from-user-to-superuser',	'https://www.zenithtechs.com/wp-content/uploads/2021/06/remove-background-from-image-with-remove-bg-tutorials.jpg',	NULL,	NULL,	'ADS',	NULL,	0,	0,	2,	'2022-06-15 06:56:02',	'2022-06-15 06:56:02'),
(160,	'Siết bất động sản có phải là \"bóp nghẹt\", gây khó?',	NULL,	NULL,	'https://www.youtube.com/embed/8g9fmiNVYNI',	NULL,	'VIDEO',	NULL,	0,	0,	4,	'2022-06-15 06:56:02',	'2022-06-15 06:56:02'),
(161,	'Người mua đất khu đô thị Thanh Hà Cienco 5 bị \"treo\" xây dựng',	'https://dantri.com.vn/bat-dong-san/siet-bat-dong-san-co-phai-la-bop-nghet-gay-kho-20220531230948689.htm',	'https://static.remove.bg/remove-bg-web/eb1bb48845c5007c3ec8d72ce7972fc8b76733b1/assets/start-1abfb4fe2980eabfbbaaa4365a0692539f7cd2725f324f904565a9a744f8e214.jpg',	NULL,	'(Dân trí) - Mỹ đang khuyến khích các công ty tăng cường mua phân bón của Nga trong bối cảnh giá lương thực trên toàn cầu gia tăng và xuất hiện tình trạng thiếu hụt.',	'DEFAULT',	NULL,	0,	0,	3,	'2022-06-15 06:56:02',	'2022-06-15 06:56:02'),
(162,	'Giá vàng SJC tiếp tục \"bốc hơi\"',	'https://dantri.com.vn/xa-hoi/vu-sung-sot-phat-hien-minh-da-chet-con-nhieu-ban-tuong-tu-20220612211104630.htm',	'https://cdn.searchenginejournal.com/wp-content/uploads/2019/08/c573bf41-6a7c-4927-845c-4ca0260aad6b-1520x800.jpeg',	NULL,	NULL,	'GAME_MOBILE',	NULL,	0,	0,	1,	'2022-06-15 06:56:02',	'2022-06-15 06:56:02'),
(163,	'Siết bất động sản có phải là \"bóp nghẹt\", gây khó?',	'https://dantri.com.vn/bat-dong-san/siet-bat-dong-san-co-phai-la-bop-nghet-gay-kho-20220531230948689.htm',	'https://www.zenithtechs.com/wp-content/uploads/2021/06/remove-background-from-image-with-remove-bg-tutorials.jpg',	NULL,	NULL,	'ADS',	NULL,	0,	0,	1,	'2022-06-15 06:56:02',	'2022-06-15 06:56:02'),
(164,	'Gần 200 căn biệt thự, liền kề tiền tỷ được \"chốt đơn\" chỉ trong một ngày',	'https://dantri.com.vn/bat-dong-san/siet-bat-dong-san-co-phai-la-bop-nghet-gay-kho-20220531230948689.htm',	'https://encrypted-tbn0.gstatic.com/images?q=tbn:ANd9GcQ6wGBbcC_rZFSn3PEF6L34jkUjgR6oER7o2sFXzzRmB-Rx2fqaQxKjcZWbpU4vrveQM60&usqp=CAU',	NULL,	NULL,	'CARD',	0,	0,	20000,	3,	'2022-06-15 06:56:02',	'2022-06-15 06:56:02'),
(165,	'Giá xăng \"phát sốt\", Bộ Tài chính lại đưa ra thêm đề xuất mới',	NULL,	NULL,	'https://www.youtube.com/embed/G64FJCq1SnI',	NULL,	'VIDEO',	NULL,	0,	0,	1,	'2022-06-15 06:56:02',	'2022-06-15 06:56:02'),
(166,	'Gần 200 căn biệt thự, liền kề tiền tỷ được \"chốt đơn\" chỉ trong một ngày',	'https://dantri.com.vn/xa-hoi/mua-lon-o-ha-noi-nhieu-xe-sang-bay-bien-so-ngap-sau-trong-nuoc-20220613232004762.htm',	'https://cdn.searchenginejournal.com/wp-content/uploads/2019/08/c573bf41-6a7c-4927-845c-4ca0260aad6b-1520x800.jpeg',	NULL,	NULL,	'ADS',	NULL,	0,	0,	1,	'2022-06-15 06:56:02',	'2022-06-15 06:56:02'),
(167,	'Giá vàng SJC tiếp tục \"bốc hơi\"',	'https://dantri.com.vn/bat-dong-san/siet-bat-dong-san-co-phai-la-bop-nghet-gay-kho-20220531230948689.htm',	'https://cdn.searchenginejournal.com/wp-content/uploads/2019/08/c573bf41-6a7c-4927-845c-4ca0260aad6b-1520x800.jpeg',	NULL,	'(Dân trí) - Liên quan đến vụ Việt Á, đến nay, Cơ quan điều tra Bộ Công an, Bộ Quốc phòng và Công an các địa phương đã khởi tố 70 đối tượng, trong đó có hai cựu Bộ trưởng Bộ Y tế và Bộ Khoa học và Công nghệ.',	'DEFAULT',	NULL,	0,	0,	3,	'2022-06-15 06:56:02',	'2022-06-15 06:56:02'),
(168,	'Siết bất động sản có phải là \"bóp nghẹt\", gây khó?',	'https://dantri.com.vn/xa-hoi/vu-sung-sot-phat-hien-minh-da-chet-con-nhieu-ban-tuong-tu-20220612211104630.htm',	'https://png.pngtree.com/illustrations/20190327/ourmid/pngtree-cure-starry-sky-night-sky-star-png-image_38228.jpg',	NULL,	NULL,	'ADS',	NULL,	0,	0,	3,	'2022-06-15 06:56:02',	'2022-06-15 06:56:02'),
(169,	'Vạch loạt \"góc khuất\" trong đấu giá đất, dìm giá từ 500 tỷ đồng còn một nửa',	'https://dantri.com.vn/phap-luat/tam-giu-dien-vien-hai-huu-tin-dieu-tra-tang-tru-to-chuc-su-dung-ma-tuy-20220614192059913.htm',	'https://static.remove.bg/remove-bg-web/eb1bb48845c5007c3ec8d72ce7972fc8b76733b1/assets/start-1abfb4fe2980eabfbbaaa4365a0692539f7cd2725f324f904565a9a744f8e214.jpg',	NULL,	NULL,	'GAME_MOBILE',	NULL,	0,	0,	3,	'2022-06-15 06:56:02',	'2022-06-15 06:56:02'),
(170,	'Dự án nào tại đường Lê Văn Lương \"ăn bớt\" chỗ cây xanh, biến 5 lên 30 tầng?',	'https://www.figma.com/file/0f0q91Q6btTLbfHnmAwaBg/Tin-t%E1%BB%A9c-game-Vi%E1%BB%87t?node-id=0%3A1',	'https://cdn.searchenginejournal.com/wp-content/uploads/2019/08/c573bf41-6a7c-4927-845c-4ca0260aad6b-1520x800.jpeg',	NULL,	NULL,	'CARD',	80,	0,	50000,	3,	'2022-06-15 06:56:02',	'2022-06-15 06:56:02'),
(171,	'Giá vàng SJC tiếp tục \"bốc hơi\"',	NULL,	NULL,	'https://www.youtube.com/embed/apeFjGZ1jzA',	NULL,	'VIDEO',	NULL,	0,	0,	1,	'2022-06-15 06:56:02',	'2022-06-15 06:56:02'),
(172,	'Vạch loạt \"góc khuất\" trong đấu giá đất, dìm giá từ 500 tỷ đồng còn một nửa',	'https://askubuntu.com/questions/617850/changing-from-user-to-superuser',	'https://encrypted-tbn0.gstatic.com/images?q=tbn:ANd9GcQ9quVJ8hZqsPWgDRlIhFNwhpH3fS5xE75fe6uotxvTB3s9o4LsYCufH6uNcUaNOsPdn-8&usqp=CAU',	NULL,	NULL,	'ADS',	NULL,	0,	0,	3,	'2022-06-15 06:56:02',	'2022-06-15 06:56:02'),
(173,	'\"Chất\" riêng của Bình Châu - Hồ Tràm trong xu hướng wellness travel',	'https://dantri.com.vn/xa-hoi/mua-lon-o-ha-noi-nhieu-xe-sang-bay-bien-so-ngap-sau-trong-nuoc-20220613232004762.htm',	'https://helpx.adobe.com/content/dam/help/en/stock/how-to/visual-reverse-image-search/jcr_content/main-pars/image/visual-reverse-image-search-v2_intro.jpg',	NULL,	'(Dân trí) - Nhiều người xuất cảnh sang Campuchia bị tra tấn, đánh đập khi tìm cách trốn khỏi nơi làm việc. Những người muốn quay về Việt Nam thì bị bắt ký khống giấy nợ và yêu cầu bồi thường hàng ngàn USD',	'DEFAULT',	NULL,	0,	0,	4,	'2022-06-15 06:56:02',	'2022-06-15 06:56:02'),
(174,	'Người mua đất khu đô thị Thanh Hà Cienco 5 bị \"treo\" xây dựng',	'https://dantri.com.vn/phap-luat/tam-giu-dien-vien-hai-huu-tin-dieu-tra-tang-tru-to-chuc-su-dung-ma-tuy-20220614192059913.htm',	'https://i.pinimg.com/originals/62/ae/fb/62aefb044922a5a847546e30b9036913.jpg',	NULL,	NULL,	'ADS',	NULL,	0,	0,	1,	'2022-06-15 06:56:02',	'2022-06-15 06:56:02'),
(175,	'Dự án nào tại đường Lê Văn Lương \"ăn bớt\" chỗ cây xanh, biến 5 lên 30 tầng?',	'https://dantri.com.vn/xa-hoi/ve-chiu-tang-me-viet-nam-anh-hung-111-tuoi-chau-noi-tu-nan-o-ninh-binh-20220614152406799.htm',	'https://i.pinimg.com/originals/62/ae/fb/62aefb044922a5a847546e30b9036913.jpg',	NULL,	NULL,	'GAME_MOBILE',	NULL,	0,	0,	2,	'2022-06-15 06:56:02',	'2022-06-15 06:56:02'),
(176,	'Giá vàng SJC tiếp tục \"bốc hơi\"',	'https://www.figma.com/file/0f0q91Q6btTLbfHnmAwaBg/Tin-t%E1%BB%A9c-game-Vi%E1%BB%87t?node-id=0%3A1',	'https://static.remove.bg/remove-bg-web/eb1bb48845c5007c3ec8d72ce7972fc8b76733b1/assets/start-1abfb4fe2980eabfbbaaa4365a0692539f7cd2725f324f904565a9a744f8e214.jpg',	NULL,	NULL,	'CARD',	60,	0,	30000,	2,	'2022-06-15 06:56:02',	'2022-06-15 06:56:02'),
(177,	'Vạch loạt \"góc khuất\" trong đấu giá đất, dìm giá từ 500 tỷ đồng còn một nửa',	'https://dantri.com.vn/bat-dong-san/du-an-duong-vanh-dai-4-ha-noi-co-gi-dac-biet-20220520160243792.htm',	'https://static.remove.bg/remove-bg-web/eb1bb48845c5007c3ec8d72ce7972fc8b76733b1/assets/start-1abfb4fe2980eabfbbaaa4365a0692539f7cd2725f324f904565a9a744f8e214.jpg',	NULL,	'(Dân trí) - Trong vòng một tháng, Công ty cổ phần Tập đoàn Gelex đã tổ chức 4 đợt mua lại trái phiếu với tổng giá trị 1.500 tỷ đồng.',	'DEFAULT',	NULL,	0,	0,	1,	'2022-06-15 06:56:02',	'2022-06-15 06:56:02'),
(178,	'Người mua đất khu đô thị Thanh Hà Cienco 5 bị \"treo\" xây dựng',	NULL,	NULL,	'https://www.youtube.com/embed/G64FJCq1SnI',	NULL,	'VIDEO',	NULL,	0,	0,	4,	'2022-06-15 06:56:02',	'2022-06-15 06:56:02'),
(179,	'Giá xăng \"phát sốt\", Bộ Tài chính lại đưa ra thêm đề xuất mới',	'https://dantri.com.vn/xa-hoi/mua-lon-o-ha-noi-nhieu-xe-sang-bay-bien-so-ngap-sau-trong-nuoc-20220613232004762.htm',	'https://png.pngtree.com/illustrations/20190327/ourmid/pngtree-cure-starry-sky-night-sky-star-png-image_38228.jpg',	NULL,	NULL,	'ADS',	NULL,	0,	0,	1,	'2022-06-15 06:56:02',	'2022-06-15 06:56:02'),
(180,	'Siết bất động sản có phải là \"bóp nghẹt\", gây khó?',	'https://dantri.com.vn/xa-hoi/mua-lon-o-ha-noi-nhieu-xe-sang-bay-bien-so-ngap-sau-trong-nuoc-20220613232004762.htm',	'https://png.pngtree.com/illustrations/20190327/ourmid/pngtree-cure-starry-sky-night-sky-star-png-image_38228.jpg',	NULL,	NULL,	'ADS',	NULL,	0,	0,	1,	'2022-06-15 06:56:02',	'2022-06-15 06:56:02'),
(181,	'Người mua đất khu đô thị Thanh Hà Cienco 5 bị \"treo\" xây dựng',	'https://www.figma.com/file/0f0q91Q6btTLbfHnmAwaBg/Tin-t%E1%BB%A9c-game-Vi%E1%BB%87t?node-id=0%3A1',	'https://encrypted-tbn0.gstatic.com/images?q=tbn:ANd9GcRAd_Di-ZXvs7369z-X9C9o_tDblUPi3eVkk7wWUe8IXcPcRVxz9Fo8aKpwIhZTuEfxkv0&usqp=CAU',	NULL,	NULL,	'CARD',	60,	0,	100000,	2,	'2022-06-15 06:56:02',	'2022-06-15 06:56:02'),
(182,	'Sau nhiều ồn ào đấu giá đất, Hà Nội có quy định mới tiền đặt cọc',	'https://dantri.com.vn/xa-hoi/them-nhieu-thieu-nien-bi-dua-sang-campuchia-khi-di-tim-viec-nhe-luong-cao-20220615082701049.htm',	'https://www.zenithtechs.com/wp-content/uploads/2021/06/remove-background-from-image-with-remove-bg-tutorials.jpg',	NULL,	'(Dân trí) - Vàng SJC có một phiên giao dịch sóng gió khi \"bốc hơi\" 700.000 đồng/lượng trong ngày 13/6, đến 14/6 thì tiếp tục giảm.',	'DEFAULT',	NULL,	0,	0,	2,	'2022-06-15 06:56:02',	'2022-06-15 06:56:02'),
(183,	'Người mua đất khu đô thị Thanh Hà Cienco 5 bị \"treo\" xây dựng',	'https://dantri.com.vn/bat-dong-san/vach-loat-he-luy-tu-cuoc-dau-gia-dat-khung-tai-thu-thiem-20220531210238087.htm',	'https://cdn.searchenginejournal.com/wp-content/uploads/2019/08/c573bf41-6a7c-4927-845c-4ca0260aad6b-1520x800.jpeg',	NULL,	NULL,	'GAME_MOBILE',	NULL,	0,	0,	3,	'2022-06-15 06:56:02',	'2022-06-15 06:56:02'),
(184,	'Vạch loạt \"góc khuất\" trong đấu giá đất, dìm giá từ 500 tỷ đồng còn một nửa',	NULL,	NULL,	'https://www.youtube.com/embed/8g9fmiNVYNI',	NULL,	'VIDEO',	NULL,	0,	0,	2,	'2022-06-15 06:56:02',	'2022-06-15 06:56:02'),
(185,	'Siết bất động sản có phải là \"bóp nghẹt\", gây khó?',	'https://dantri.com.vn/xa-hoi/vu-sung-sot-phat-hien-minh-da-chet-con-nhieu-ban-tuong-tu-20220612211104630.htm',	'https://png.pngtree.com/illustrations/20190327/ourmid/pngtree-cure-starry-sky-night-sky-star-png-image_38228.jpg',	NULL,	NULL,	'ADS',	NULL,	0,	0,	4,	'2022-06-15 06:56:02',	'2022-06-15 06:56:02'),
(186,	'Gần 200 căn biệt thự, liền kề tiền tỷ được \"chốt đơn\" chỉ trong một ngày',	'https://dantri.com.vn/phap-luat/tam-giu-dien-vien-hai-huu-tin-dieu-tra-tang-tru-to-chuc-su-dung-ma-tuy-20220614192059913.htm',	'https://cdn.searchenginejournal.com/wp-content/uploads/2019/08/c573bf41-6a7c-4927-845c-4ca0260aad6b-1520x800.jpeg',	NULL,	NULL,	'ADS',	NULL,	0,	0,	2,	'2022-06-15 06:56:02',	'2022-06-15 06:56:02'),
(187,	'Gần 200 căn biệt thự, liền kề tiền tỷ được \"chốt đơn\" chỉ trong một ngày',	'https://dantri.com.vn/xa-hoi/vu-sung-sot-phat-hien-minh-da-chet-con-nhieu-ban-tuong-tu-20220612211104630.htm',	'https://helpx.adobe.com/content/dam/help/en/stock/how-to/visual-reverse-image-search/jcr_content/main-pars/image/visual-reverse-image-search-v2_intro.jpg',	NULL,	'(Dân trí) - UBND TP Hà Nội khẳng định, đến nay chủ đầu tư Khu đô thị Thanh Hà Cienco 5 (Hà Nội) chưa hoàn thiện thủ tục pháp lý... nên chưa đủ điều kiện để tiếp tục triển khai xây dựng công trình.',	'DEFAULT',	NULL,	0,	0,	2,	'2022-06-15 06:56:02',	'2022-06-15 06:56:02'),
(188,	'Gần 200 căn biệt thự, liền kề tiền tỷ được \"chốt đơn\" chỉ trong một ngày',	'https://dantri.com.vn/bat-dong-san/vach-loat-he-luy-tu-cuoc-dau-gia-dat-khung-tai-thu-thiem-20220531210238087.htm',	'https://www.zenithtechs.com/wp-content/uploads/2021/06/remove-background-from-image-with-remove-bg-tutorials.jpg',	NULL,	NULL,	'CARD',	60,	0,	100000,	1,	'2022-06-15 06:56:02',	'2022-06-15 06:56:02'),
(189,	'Vạch loạt \"góc khuất\" trong đấu giá đất, dìm giá từ 500 tỷ đồng còn một nửa',	'https://dantri.com.vn/xa-hoi/them-nhieu-thieu-nien-bi-dua-sang-campuchia-khi-di-tim-viec-nhe-luong-cao-20220615082701049.htm',	'https://helpx.adobe.com/content/dam/help/en/stock/how-to/visual-reverse-image-search/jcr_content/main-pars/image/visual-reverse-image-search-v2_intro.jpg',	NULL,	NULL,	'GAME_MOBILE',	NULL,	0,	0,	4,	'2022-06-15 06:56:02',	'2022-06-15 06:56:02'),
(190,	'Vụ xăng Malaysia 13.000 đồng/lít: Thủ tướng yêu cầu theo dõi kỹ để xử lý',	'https://dantri.com.vn/xa-hoi/ve-chiu-tang-me-viet-nam-anh-hung-111-tuoi-chau-noi-tu-nan-o-ninh-binh-20220614152406799.htm',	'https://encrypted-tbn0.gstatic.com/images?q=tbn:ANd9GcTa6CFxEdks8wGHKZfuVBi8CRioiObB-e9pWivva33j5OwkDB7CEC94NjFDCNwXjtwge64&usqp=CAU',	NULL,	NULL,	'ADS',	NULL,	0,	0,	4,	'2022-06-15 06:56:02',	'2022-06-15 06:56:02'),
(191,	'Thanh tra đường \"nhồi\" cao ốc Lê Văn Lương - Tố Hữu, lộ đầy rẫy vi phạm',	NULL,	NULL,	'https://www.youtube.com/embed/G64FJCq1SnI',	NULL,	'VIDEO',	NULL,	0,	0,	4,	'2022-06-15 06:56:02',	'2022-06-15 06:56:02'),
(192,	'Dự án nào tại đường Lê Văn Lương \"ăn bớt\" chỗ cây xanh, biến 5 lên 30 tầng?',	'https://askubuntu.com/questions/617850/changing-from-user-to-superuser',	'https://encrypted-tbn0.gstatic.com/images?q=tbn:ANd9GcQ9quVJ8hZqsPWgDRlIhFNwhpH3fS5xE75fe6uotxvTB3s9o4LsYCufH6uNcUaNOsPdn-8&usqp=CAU',	NULL,	'(Dân trí) - Liên quan đến vụ Việt Á, đến nay, Cơ quan điều tra Bộ Công an, Bộ Quốc phòng và Công an các địa phương đã khởi tố 70 đối tượng, trong đó có hai cựu Bộ trưởng Bộ Y tế và Bộ Khoa học và Công nghệ.',	'DEFAULT',	NULL,	0,	0,	1,	'2022-06-15 06:56:02',	'2022-06-15 06:56:02'),
(193,	'\"Chất\" riêng của Bình Châu - Hồ Tràm trong xu hướng wellness travel',	'https://dantri.com.vn/xa-hoi/mua-lon-o-ha-noi-nhieu-xe-sang-bay-bien-so-ngap-sau-trong-nuoc-20220613232004762.htm',	'https://helpx.adobe.com/content/dam/help/en/stock/how-to/visual-reverse-image-search/jcr_content/main-pars/image/visual-reverse-image-search-v2_intro.jpg',	NULL,	NULL,	'ADS',	NULL,	0,	0,	4,	'2022-06-15 06:56:02',	'2022-06-15 06:56:02'),
(194,	'Vạch loạt \"góc khuất\" trong đấu giá đất, dìm giá từ 500 tỷ đồng còn một nửa',	'https://dantri.com.vn/phap-luat/truy-sat-o-quan-oc-song-nua-doi-nguoi-toi-chua-thay-canh-kinh-hoang-vay-20220611184236270.htm',	'https://i.pinimg.com/originals/62/ae/fb/62aefb044922a5a847546e30b9036913.jpg',	NULL,	NULL,	'GAME_MOBILE',	NULL,	0,	0,	1,	'2022-06-15 06:56:02',	'2022-06-15 06:56:02'),
(195,	'Vạch loạt \"góc khuất\" trong đấu giá đất, dìm giá từ 500 tỷ đồng còn một nửa',	'https://dantri.com.vn/bat-dong-san/du-an-duong-vanh-dai-4-ha-noi-co-gi-dac-biet-20220520160243792.htm',	'https://i.pinimg.com/originals/62/ae/fb/62aefb044922a5a847546e30b9036913.jpg',	NULL,	NULL,	'CARD',	10,	0,	20000,	2,	'2022-06-15 06:56:02',	'2022-06-15 06:56:02'),
(196,	'Gần 200 căn biệt thự, liền kề tiền tỷ được \"chốt đơn\" chỉ trong một ngày',	'https://dantri.com.vn/bat-dong-san/siet-bat-dong-san-co-phai-la-bop-nghet-gay-kho-20220531230948689.htm',	'https://encrypted-tbn0.gstatic.com/images?q=tbn:ANd9GcQ6wGBbcC_rZFSn3PEF6L34jkUjgR6oER7o2sFXzzRmB-Rx2fqaQxKjcZWbpU4vrveQM60&usqp=CAU',	NULL,	NULL,	'ADS',	NULL,	0,	0,	2,	'2022-06-15 06:56:02',	'2022-06-15 06:56:02'),
(197,	'Vụ xăng Malaysia 13.000 đồng/lít: Thủ tướng yêu cầu theo dõi kỹ để xử lý',	NULL,	NULL,	'https://www.youtube.com/embed/apeFjGZ1jzA',	NULL,	'VIDEO',	NULL,	0,	0,	3,	'2022-06-15 06:56:02',	'2022-06-15 06:56:02'),
(198,	'\"Chất\" riêng của Bình Châu - Hồ Tràm trong xu hướng wellness travel',	'https://dantri.com.vn/phap-luat/tam-giu-dien-vien-hai-huu-tin-dieu-tra-tang-tru-to-chuc-su-dung-ma-tuy-20220614192059913.htm',	'https://www.zenithtechs.com/wp-content/uploads/2021/06/remove-background-from-image-with-remove-bg-tutorials.jpg',	NULL,	'(Dân trí) - Phó Giáo sư - Tiến sĩ Bùi Hoài Sơn, Đại biểu Quốc hội khóa XV, Ủy viên Thường trực Ủy ban Văn hóa, Giáo dục của Quốc hội đã thẳng thắn trao đổi với phóng viên Dân trí về vấn đề này.',	'DEFAULT',	NULL,	0,	0,	1,	'2022-06-15 06:56:03',	'2022-06-15 06:56:03'),
(199,	'Vạch loạt \"góc khuất\" trong đấu giá đất, dìm giá từ 500 tỷ đồng còn một nửa',	'https://dantri.com.vn/xa-hoi/ve-chiu-tang-me-viet-nam-anh-hung-111-tuoi-chau-noi-tu-nan-o-ninh-binh-20220614152406799.htm',	'https://encrypted-tbn0.gstatic.com/images?q=tbn:ANd9GcRAd_Di-ZXvs7369z-X9C9o_tDblUPi3eVkk7wWUe8IXcPcRVxz9Fo8aKpwIhZTuEfxkv0&usqp=CAU',	NULL,	NULL,	'ADS',	NULL,	0,	0,	1,	'2022-06-15 06:56:03',	'2022-06-15 06:56:03'),
(200,	'Sau nhiều ồn ào đấu giá đất, Hà Nội có quy định mới tiền đặt cọc',	'https://dantri.com.vn/bat-dong-san/siet-bat-dong-san-co-phai-la-bop-nghet-gay-kho-20220531230948689.htm',	'https://encrypted-tbn0.gstatic.com/images?q=tbn:ANd9GcQ9quVJ8hZqsPWgDRlIhFNwhpH3fS5xE75fe6uotxvTB3s9o4LsYCufH6uNcUaNOsPdn-8&usqp=CAU',	NULL,	NULL,	'GAME_MOBILE',	NULL,	0,	0,	4,	'2022-06-15 06:56:03',	'2022-06-15 06:56:03'),
(201,	'Giá xăng \"phát sốt\", Bộ Tài chính lại đưa ra thêm đề xuất mới',	'https://dantri.com.vn/xa-hoi/vu-sung-sot-phat-hien-minh-da-chet-con-nhieu-ban-tuong-tu-20220612211104630.htm',	'https://helpx.adobe.com/content/dam/help/en/stock/how-to/visual-reverse-image-search/jcr_content/main-pars/image/visual-reverse-image-search-v2_intro.jpg',	NULL,	NULL,	'CARD',	10,	0,	30000,	3,	'2022-06-15 06:56:03',	'2022-06-15 06:56:03'),
(202,	'Dự án nào tại đường Lê Văn Lương \"ăn bớt\" chỗ cây xanh, biến 5 lên 30 tầng?',	'https://askubuntu.com/questions/617850/changing-from-user-to-superuser',	'https://cdn.searchenginejournal.com/wp-content/uploads/2019/08/c573bf41-6a7c-4927-845c-4ca0260aad6b-1520x800.jpeg',	NULL,	NULL,	'ADS',	NULL,	0,	0,	3,	'2022-06-15 06:56:03',	'2022-06-15 06:56:03'),
(203,	'Người mua đất khu đô thị Thanh Hà Cienco 5 bị \"treo\" xây dựng',	NULL,	NULL,	'https://www.youtube.com/embed/apeFjGZ1jzA',	NULL,	'VIDEO',	NULL,	0,	0,	2,	'2022-06-15 06:56:03',	'2022-06-15 06:56:03'),
(204,	'Vụ xăng Malaysia 13.000 đồng/lít: Thủ tướng yêu cầu theo dõi kỹ để xử lý',	'https://dantri.com.vn/bat-dong-san/vach-loat-he-luy-tu-cuoc-dau-gia-dat-khung-tai-thu-thiem-20220531210238087.htm',	'https://encrypted-tbn0.gstatic.com/images?q=tbn:ANd9GcRAd_Di-ZXvs7369z-X9C9o_tDblUPi3eVkk7wWUe8IXcPcRVxz9Fo8aKpwIhZTuEfxkv0&usqp=CAU',	NULL,	NULL,	'ADS',	NULL,	0,	0,	3,	'2022-06-15 06:56:03',	'2022-06-15 06:56:03'),
(205,	'Vụ xăng Malaysia 13.000 đồng/lít: Thủ tướng yêu cầu theo dõi kỹ để xử lý',	'https://dantri.com.vn/xa-hoi/them-nhieu-thieu-nien-bi-dua-sang-campuchia-khi-di-tim-viec-nhe-luong-cao-20220615082701049.htm',	'https://static.remove.bg/remove-bg-web/eb1bb48845c5007c3ec8d72ce7972fc8b76733b1/assets/start-1abfb4fe2980eabfbbaaa4365a0692539f7cd2725f324f904565a9a744f8e214.jpg',	NULL,	'(Dân trí) - Mỹ đang khuyến khích các công ty tăng cường mua phân bón của Nga trong bối cảnh giá lương thực trên toàn cầu gia tăng và xuất hiện tình trạng thiếu hụt.',	'DEFAULT',	NULL,	0,	0,	1,	'2022-06-15 06:56:03',	'2022-06-15 06:56:03'),
(206,	'Người mua đất khu đô thị Thanh Hà Cienco 5 bị \"treo\" xây dựng',	'https://www.figma.com/file/0f0q91Q6btTLbfHnmAwaBg/Tin-t%E1%BB%A9c-game-Vi%E1%BB%87t?node-id=0%3A1',	'https://i.pinimg.com/originals/62/ae/fb/62aefb044922a5a847546e30b9036913.jpg',	NULL,	NULL,	'GAME_MOBILE',	NULL,	0,	0,	4,	'2022-06-15 06:56:03',	'2022-06-15 06:56:03'),
(207,	'Dự án nào tại đường Lê Văn Lương \"ăn bớt\" chỗ cây xanh, biến 5 lên 30 tầng?',	'https://dantri.com.vn/bat-dong-san/du-an-duong-vanh-dai-4-ha-noi-co-gi-dac-biet-20220520160243792.htm',	'https://static.remove.bg/remove-bg-web/eb1bb48845c5007c3ec8d72ce7972fc8b76733b1/assets/start-1abfb4fe2980eabfbbaaa4365a0692539f7cd2725f324f904565a9a744f8e214.jpg',	NULL,	NULL,	'CARD',	10,	0,	30000,	2,	'2022-06-15 06:56:03',	'2022-06-15 06:56:03'),
(208,	'Sau nhiều ồn ào đấu giá đất, Hà Nội có quy định mới tiền đặt cọc',	'https://dantri.com.vn/phap-luat/tam-giu-dien-vien-hai-huu-tin-dieu-tra-tang-tru-to-chuc-su-dung-ma-tuy-20220614192059913.htm',	'https://cdn.searchenginejournal.com/wp-content/uploads/2019/08/c573bf41-6a7c-4927-845c-4ca0260aad6b-1520x800.jpeg',	NULL,	NULL,	'ADS',	NULL,	0,	0,	2,	'2022-06-15 06:56:03',	'2022-06-15 06:56:03'),
(209,	'Vạch loạt \"góc khuất\" trong đấu giá đất, dìm giá từ 500 tỷ đồng còn một nửa',	NULL,	NULL,	'https://www.youtube.com/embed/apeFjGZ1jzA',	NULL,	'VIDEO',	NULL,	0,	0,	4,	'2022-06-15 06:56:03',	'2022-06-15 06:56:03'),
(210,	'Giá xăng \"phát sốt\", Bộ Tài chính lại đưa ra thêm đề xuất mới',	'https://www.figma.com/file/0f0q91Q6btTLbfHnmAwaBg/Tin-t%E1%BB%A9c-game-Vi%E1%BB%87t?node-id=0%3A1',	'https://encrypted-tbn0.gstatic.com/images?q=tbn:ANd9GcQ9quVJ8hZqsPWgDRlIhFNwhpH3fS5xE75fe6uotxvTB3s9o4LsYCufH6uNcUaNOsPdn-8&usqp=CAU',	NULL,	'(Dân trí) - Lần đầu \"chạm ngõ\" màn ảnh với vai nam chính trong phim \"Lối nhỏ vào đời\", Long Hoàng chia sẻ với PV Dân trí rằng, đó sự may mắn và tiết lộ hoàn cảnh của mình cũng khác xa trên phim.',	'DEFAULT',	NULL,	0,	0,	1,	'2022-06-15 06:56:03',	'2022-06-15 06:56:03'),
(211,	'Vạch loạt \"góc khuất\" trong đấu giá đất, dìm giá từ 500 tỷ đồng còn một nửa',	'https://askubuntu.com/questions/617850/changing-from-user-to-superuser',	'https://i.pinimg.com/originals/62/ae/fb/62aefb044922a5a847546e30b9036913.jpg',	NULL,	NULL,	'GAME_MOBILE',	NULL,	0,	0,	1,	'2022-06-15 06:56:03',	'2022-06-15 06:56:03'),
(212,	'Thanh tra đường \"nhồi\" cao ốc Lê Văn Lương - Tố Hữu, lộ đầy rẫy vi phạm',	'https://dantri.com.vn/bat-dong-san/vach-loat-he-luy-tu-cuoc-dau-gia-dat-khung-tai-thu-thiem-20220531210238087.htm',	'https://encrypted-tbn0.gstatic.com/images?q=tbn:ANd9GcQ6wGBbcC_rZFSn3PEF6L34jkUjgR6oER7o2sFXzzRmB-Rx2fqaQxKjcZWbpU4vrveQM60&usqp=CAU',	NULL,	NULL,	'ADS',	NULL,	0,	0,	3,	'2022-06-15 06:56:03',	'2022-06-15 06:56:03'),
(213,	'Giá vàng SJC tiếp tục \"bốc hơi\"',	'https://dantri.com.vn/phap-luat/truy-sat-o-quan-oc-song-nua-doi-nguoi-toi-chua-thay-canh-kinh-hoang-vay-20220611184236270.htm',	'https://i.pinimg.com/originals/62/ae/fb/62aefb044922a5a847546e30b9036913.jpg',	NULL,	NULL,	'CARD',	40,	0,	100000,	1,	'2022-06-15 06:56:03',	'2022-06-15 06:56:03'),
(214,	'Siết bất động sản có phải là \"bóp nghẹt\", gây khó?',	'https://dantri.com.vn/xa-hoi/vu-sung-sot-phat-hien-minh-da-chet-con-nhieu-ban-tuong-tu-20220612211104630.htm',	'https://encrypted-tbn0.gstatic.com/images?q=tbn:ANd9GcQ9quVJ8hZqsPWgDRlIhFNwhpH3fS5xE75fe6uotxvTB3s9o4LsYCufH6uNcUaNOsPdn-8&usqp=CAU',	NULL,	NULL,	'ADS',	NULL,	0,	0,	4,	'2022-06-15 06:56:03',	'2022-06-15 06:56:03'),
(215,	'Gần 200 căn biệt thự, liền kề tiền tỷ được \"chốt đơn\" chỉ trong một ngày',	NULL,	NULL,	'https://www.youtube.com/embed/8g9fmiNVYNI',	NULL,	'VIDEO',	NULL,	0,	0,	2,	'2022-06-15 06:56:03',	'2022-06-15 06:56:03'),
(216,	'Sau nhiều ồn ào đấu giá đất, Hà Nội có quy định mới tiền đặt cọc',	'https://dantri.com.vn/phap-luat/tam-giu-dien-vien-hai-huu-tin-dieu-tra-tang-tru-to-chuc-su-dung-ma-tuy-20220614192059913.htm',	'https://helpx.adobe.com/content/dam/help/en/stock/how-to/visual-reverse-image-search/jcr_content/main-pars/image/visual-reverse-image-search-v2_intro.jpg',	NULL,	'(Dân trí) - Mỹ đang khuyến khích các công ty tăng cường mua phân bón của Nga trong bối cảnh giá lương thực trên toàn cầu gia tăng và xuất hiện tình trạng thiếu hụt.',	'DEFAULT',	NULL,	0,	0,	3,	'2022-06-15 06:56:03',	'2022-06-15 06:56:03'),
(217,	'Thanh tra đường \"nhồi\" cao ốc Lê Văn Lương - Tố Hữu, lộ đầy rẫy vi phạm',	'https://dantri.com.vn/bat-dong-san/vach-loat-he-luy-tu-cuoc-dau-gia-dat-khung-tai-thu-thiem-20220531210238087.htm',	'https://encrypted-tbn0.gstatic.com/images?q=tbn:ANd9GcRAd_Di-ZXvs7369z-X9C9o_tDblUPi3eVkk7wWUe8IXcPcRVxz9Fo8aKpwIhZTuEfxkv0&usqp=CAU',	NULL,	NULL,	'GAME_MOBILE',	NULL,	0,	0,	3,	'2022-06-15 06:56:03',	'2022-06-15 06:56:03'),
(218,	'Người mua đất khu đô thị Thanh Hà Cienco 5 bị \"treo\" xây dựng',	'https://dantri.com.vn/phap-luat/truy-sat-o-quan-oc-song-nua-doi-nguoi-toi-chua-thay-canh-kinh-hoang-vay-20220611184236270.htm',	'https://www.zenithtechs.com/wp-content/uploads/2021/06/remove-background-from-image-with-remove-bg-tutorials.jpg',	NULL,	NULL,	'ADS',	NULL,	0,	0,	1,	'2022-06-15 06:56:03',	'2022-06-15 06:56:03'),
(219,	'Thanh tra đường \"nhồi\" cao ốc Lê Văn Lương - Tố Hữu, lộ đầy rẫy vi phạm',	'https://dantri.com.vn/xa-hoi/them-nhieu-thieu-nien-bi-dua-sang-campuchia-khi-di-tim-viec-nhe-luong-cao-20220615082701049.htm',	'https://png.pngtree.com/illustrations/20190327/ourmid/pngtree-cure-starry-sky-night-sky-star-png-image_38228.jpg',	NULL,	NULL,	'CARD',	20,	0,	100000,	1,	'2022-06-15 06:56:03',	'2022-06-15 06:56:03'),
(220,	'Gần 200 căn biệt thự, liền kề tiền tỷ được \"chốt đơn\" chỉ trong một ngày',	'https://askubuntu.com/questions/617850/changing-from-user-to-superuser',	'https://encrypted-tbn0.gstatic.com/images?q=tbn:ANd9GcTa6CFxEdks8wGHKZfuVBi8CRioiObB-e9pWivva33j5OwkDB7CEC94NjFDCNwXjtwge64&usqp=CAU',	NULL,	NULL,	'ADS',	NULL,	0,	0,	4,	'2022-06-15 06:56:03',	'2022-06-15 06:56:03'),
(221,	'Người mua đất khu đô thị Thanh Hà Cienco 5 bị \"treo\" xây dựng',	NULL,	NULL,	'https://www.youtube.com/embed/apeFjGZ1jzA',	NULL,	'VIDEO',	NULL,	0,	0,	1,	'2022-06-15 06:56:03',	'2022-06-15 06:56:03'),
(222,	'\"Chất\" riêng của Bình Châu - Hồ Tràm trong xu hướng wellness travel',	'https://dantri.com.vn/phap-luat/tam-giu-dien-vien-hai-huu-tin-dieu-tra-tang-tru-to-chuc-su-dung-ma-tuy-20220614192059913.htm',	'https://encrypted-tbn0.gstatic.com/images?q=tbn:ANd9GcQ9quVJ8hZqsPWgDRlIhFNwhpH3fS5xE75fe6uotxvTB3s9o4LsYCufH6uNcUaNOsPdn-8&usqp=CAU',	NULL,	'(Dân trí) - Mỹ đang khuyến khích các công ty tăng cường mua phân bón của Nga trong bối cảnh giá lương thực trên toàn cầu gia tăng và xuất hiện tình trạng thiếu hụt.',	'DEFAULT',	NULL,	0,	0,	1,	'2022-06-15 06:56:03',	'2022-06-15 06:56:03'),
(223,	'Vụ xăng Malaysia 13.000 đồng/lít: Thủ tướng yêu cầu theo dõi kỹ để xử lý',	'https://askubuntu.com/questions/617850/changing-from-user-to-superuser',	'https://encrypted-tbn0.gstatic.com/images?q=tbn:ANd9GcRAd_Di-ZXvs7369z-X9C9o_tDblUPi3eVkk7wWUe8IXcPcRVxz9Fo8aKpwIhZTuEfxkv0&usqp=CAU',	NULL,	NULL,	'GAME_MOBILE',	NULL,	0,	0,	4,	'2022-06-15 06:56:03',	'2022-06-15 06:56:03'),
(224,	'Giá xăng \"phát sốt\", Bộ Tài chính lại đưa ra thêm đề xuất mới',	'https://dantri.com.vn/bat-dong-san/du-an-duong-vanh-dai-4-ha-noi-co-gi-dac-biet-20220520160243792.htm',	'https://png.pngtree.com/illustrations/20190327/ourmid/pngtree-cure-starry-sky-night-sky-star-png-image_38228.jpg',	NULL,	NULL,	'ADS',	NULL,	0,	0,	1,	'2022-06-15 06:56:03',	'2022-06-15 06:56:03'),
(225,	'Dự án nào tại đường Lê Văn Lương \"ăn bớt\" chỗ cây xanh, biến 5 lên 30 tầng?',	'https://dantri.com.vn/phap-luat/truy-sat-o-quan-oc-song-nua-doi-nguoi-toi-chua-thay-canh-kinh-hoang-vay-20220611184236270.htm',	'https://i.pinimg.com/originals/62/ae/fb/62aefb044922a5a847546e30b9036913.jpg',	NULL,	NULL,	'CARD',	40,	0,	100000,	2,	'2022-06-15 06:56:03',	'2022-06-15 06:56:03'),
(226,	'Thanh tra đường \"nhồi\" cao ốc Lê Văn Lương - Tố Hữu, lộ đầy rẫy vi phạm',	'https://dantri.com.vn/bat-dong-san/vach-loat-he-luy-tu-cuoc-dau-gia-dat-khung-tai-thu-thiem-20220531210238087.htm',	'https://cdn.searchenginejournal.com/wp-content/uploads/2019/08/c573bf41-6a7c-4927-845c-4ca0260aad6b-1520x800.jpeg',	NULL,	NULL,	'ADS',	NULL,	0,	0,	3,	'2022-06-15 06:56:03',	'2022-06-15 06:56:03'),
(227,	'\"Chất\" riêng của Bình Châu - Hồ Tràm trong xu hướng wellness travel',	NULL,	NULL,	'https://www.youtube.com/embed/G64FJCq1SnI',	NULL,	'VIDEO',	NULL,	0,	0,	2,	'2022-06-15 06:56:03',	'2022-06-15 06:56:03'),
(228,	'Siết bất động sản có phải là \"bóp nghẹt\", gây khó?',	'https://www.figma.com/file/0f0q91Q6btTLbfHnmAwaBg/Tin-t%E1%BB%A9c-game-Vi%E1%BB%87t?node-id=0%3A1',	'https://cdn.searchenginejournal.com/wp-content/uploads/2019/08/c573bf41-6a7c-4927-845c-4ca0260aad6b-1520x800.jpeg',	NULL,	'(Dân trí) - Du lịch Việt hồi sinh trở lại kéo theo xu hướng wellness travel bùng nổ. Điều này đã tác động mạnh đến thị trường bất động sản biển, trong đó, những điểm đến có thế mạnh phục hồi và chăm sóc sức khỏe sẽ có nhiều điều kiện bứt phá.',	'DEFAULT',	NULL,	0,	0,	3,	'2022-06-15 06:56:03',	'2022-06-15 06:56:03'),
(229,	'Dự án nào tại đường Lê Văn Lương \"ăn bớt\" chỗ cây xanh, biến 5 lên 30 tầng?',	'https://dantri.com.vn/xa-hoi/them-nhieu-thieu-nien-bi-dua-sang-campuchia-khi-di-tim-viec-nhe-luong-cao-20220615082701049.htm',	'https://www.zenithtechs.com/wp-content/uploads/2021/06/remove-background-from-image-with-remove-bg-tutorials.jpg',	NULL,	NULL,	'GAME_MOBILE',	NULL,	0,	0,	2,	'2022-06-15 06:56:03',	'2022-06-15 06:56:03'),
(230,	'Thanh tra đường \"nhồi\" cao ốc Lê Văn Lương - Tố Hữu, lộ đầy rẫy vi phạm',	'https://dantri.com.vn/bat-dong-san/du-an-duong-vanh-dai-4-ha-noi-co-gi-dac-biet-20220520160243792.htm',	'https://encrypted-tbn0.gstatic.com/images?q=tbn:ANd9GcRAd_Di-ZXvs7369z-X9C9o_tDblUPi3eVkk7wWUe8IXcPcRVxz9Fo8aKpwIhZTuEfxkv0&usqp=CAU',	NULL,	NULL,	'ADS',	NULL,	0,	0,	2,	'2022-06-15 06:56:03',	'2022-06-15 06:56:03'),
(231,	'Giá vàng SJC tiếp tục \"bốc hơi\"',	'https://dantri.com.vn/xa-hoi/mua-lon-o-ha-noi-nhieu-xe-sang-bay-bien-so-ngap-sau-trong-nuoc-20220613232004762.htm',	'https://png.pngtree.com/illustrations/20190327/ourmid/pngtree-cure-starry-sky-night-sky-star-png-image_38228.jpg',	NULL,	NULL,	'CARD',	40,	0,	30000,	4,	'2022-06-15 06:56:03',	'2022-06-15 06:56:03'),
(232,	'Người mua đất khu đô thị Thanh Hà Cienco 5 bị \"treo\" xây dựng',	'https://dantri.com.vn/bat-dong-san/siet-bat-dong-san-co-phai-la-bop-nghet-gay-kho-20220531230948689.htm',	'https://encrypted-tbn0.gstatic.com/images?q=tbn:ANd9GcQ9quVJ8hZqsPWgDRlIhFNwhpH3fS5xE75fe6uotxvTB3s9o4LsYCufH6uNcUaNOsPdn-8&usqp=CAU',	NULL,	NULL,	'ADS',	NULL,	0,	0,	3,	'2022-06-15 06:56:03',	'2022-06-15 06:56:03'),
(233,	'\"Chất\" riêng của Bình Châu - Hồ Tràm trong xu hướng wellness travel',	NULL,	NULL,	'https://www.youtube.com/embed/G64FJCq1SnI',	NULL,	'VIDEO',	NULL,	0,	0,	1,	'2022-06-15 06:56:03',	'2022-06-15 06:56:03'),
(234,	'Giá xăng \"phát sốt\", Bộ Tài chính lại đưa ra thêm đề xuất mới',	'https://dantri.com.vn/xa-hoi/them-nhieu-thieu-nien-bi-dua-sang-campuchia-khi-di-tim-viec-nhe-luong-cao-20220615082701049.htm',	'https://encrypted-tbn0.gstatic.com/images?q=tbn:ANd9GcQ6wGBbcC_rZFSn3PEF6L34jkUjgR6oER7o2sFXzzRmB-Rx2fqaQxKjcZWbpU4vrveQM60&usqp=CAU',	NULL,	NULL,	'GAME_MOBILE',	NULL,	0,	0,	1,	'2022-06-15 06:56:03',	'2022-06-15 06:56:03'),
(235,	'Siết bất động sản có phải là \"bóp nghẹt\", gây khó?',	'https://dantri.com.vn/bat-dong-san/vach-loat-he-luy-tu-cuoc-dau-gia-dat-khung-tai-thu-thiem-20220531210238087.htm',	'https://i.pinimg.com/originals/62/ae/fb/62aefb044922a5a847546e30b9036913.jpg',	NULL,	'Vua hài của làng giải trí châu Á\" Châu Tinh Trì sở hữu khối tài ước tính gần 7 nghìn tỷ đồng nhưng không kết hôn, không có con. Người thân của ông chỉ có mẹ cùng em gái và chị gái.',	'DEFAULT',	NULL,	0,	0,	1,	'2022-06-15 06:56:03',	'2022-06-15 06:56:03'),
(236,	'Vụ xăng Malaysia 13.000 đồng/lít: Thủ tướng yêu cầu theo dõi kỹ để xử lý',	'https://dantri.com.vn/bat-dong-san/vach-loat-he-luy-tu-cuoc-dau-gia-dat-khung-tai-thu-thiem-20220531210238087.htm',	'https://encrypted-tbn0.gstatic.com/images?q=tbn:ANd9GcTa6CFxEdks8wGHKZfuVBi8CRioiObB-e9pWivva33j5OwkDB7CEC94NjFDCNwXjtwge64&usqp=CAU',	NULL,	NULL,	'ADS',	NULL,	0,	0,	1,	'2022-06-15 06:56:03',	'2022-06-15 06:56:03'),
(237,	'\"Chất\" riêng của Bình Châu - Hồ Tràm trong xu hướng wellness travel',	'https://dantri.com.vn/bat-dong-san/siet-bat-dong-san-co-phai-la-bop-nghet-gay-kho-20220531230948689.htm',	'https://encrypted-tbn0.gstatic.com/images?q=tbn:ANd9GcRAd_Di-ZXvs7369z-X9C9o_tDblUPi3eVkk7wWUe8IXcPcRVxz9Fo8aKpwIhZTuEfxkv0&usqp=CAU',	NULL,	NULL,	'CARD',	80,	0,	30000,	1,	'2022-06-15 06:56:03',	'2022-06-15 06:56:03'),
(238,	'Giá xăng \"phát sốt\", Bộ Tài chính lại đưa ra thêm đề xuất mới',	'https://www.figma.com/file/0f0q91Q6btTLbfHnmAwaBg/Tin-t%E1%BB%A9c-game-Vi%E1%BB%87t?node-id=0%3A1',	'https://encrypted-tbn0.gstatic.com/images?q=tbn:ANd9GcQ9quVJ8hZqsPWgDRlIhFNwhpH3fS5xE75fe6uotxvTB3s9o4LsYCufH6uNcUaNOsPdn-8&usqp=CAU',	NULL,	NULL,	'ADS',	NULL,	0,	0,	1,	'2022-06-15 06:56:03',	'2022-06-15 06:56:03'),
(239,	'Siết bất động sản có phải là \"bóp nghẹt\", gây khó?',	'https://dantri.com.vn/xa-hoi/them-nhieu-thieu-nien-bi-dua-sang-campuchia-khi-di-tim-viec-nhe-luong-cao-20220615082701049.htm',	'https://png.pngtree.com/illustrations/20190327/ourmid/pngtree-cure-starry-sky-night-sky-star-png-image_38228.jpg',	NULL,	'(Dân trí) - Lần đầu \"chạm ngõ\" màn ảnh với vai nam chính trong phim \"Lối nhỏ vào đời\", Long Hoàng chia sẻ với PV Dân trí rằng, đó sự may mắn và tiết lộ hoàn cảnh của mình cũng khác xa trên phim.',	'DEFAULT',	NULL,	0,	0,	2,	'2022-06-15 06:56:03',	'2022-06-15 06:56:03'),
(240,	'Giá vàng SJC tiếp tục \"bốc hơi\"',	'https://dantri.com.vn/xa-hoi/mua-lon-o-ha-noi-nhieu-xe-sang-bay-bien-so-ngap-sau-trong-nuoc-20220613232004762.htm',	'https://png.pngtree.com/illustrations/20190327/ourmid/pngtree-cure-starry-sky-night-sky-star-png-image_38228.jpg',	NULL,	NULL,	'GAME_MOBILE',	NULL,	0,	0,	3,	'2022-06-15 06:56:03',	'2022-06-15 06:56:03'),
(241,	'Người mua đất khu đô thị Thanh Hà Cienco 5 bị \"treo\" xây dựng',	NULL,	NULL,	'https://www.youtube.com/embed/G64FJCq1SnI',	NULL,	'VIDEO',	NULL,	0,	0,	2,	'2022-06-15 06:56:03',	'2022-06-15 06:56:03'),
(242,	'Thanh tra đường \"nhồi\" cao ốc Lê Văn Lương - Tố Hữu, lộ đầy rẫy vi phạm',	'https://dantri.com.vn/bat-dong-san/du-an-duong-vanh-dai-4-ha-noi-co-gi-dac-biet-20220520160243792.htm',	'https://www.zenithtechs.com/wp-content/uploads/2021/06/remove-background-from-image-with-remove-bg-tutorials.jpg',	NULL,	NULL,	'ADS',	NULL,	0,	0,	1,	'2022-06-15 06:56:03',	'2022-06-15 06:56:03'),
(243,	'Người mua đất khu đô thị Thanh Hà Cienco 5 bị \"treo\" xây dựng',	'https://dantri.com.vn/xa-hoi/ve-chiu-tang-me-viet-nam-anh-hung-111-tuoi-chau-noi-tu-nan-o-ninh-binh-20220614152406799.htm',	'https://i.pinimg.com/originals/62/ae/fb/62aefb044922a5a847546e30b9036913.jpg',	NULL,	NULL,	'ADS',	NULL,	0,	0,	3,	'2022-06-15 06:56:03',	'2022-06-15 06:56:03'),
(244,	'Sau nhiều ồn ào đấu giá đất, Hà Nội có quy định mới tiền đặt cọc',	'https://dantri.com.vn/xa-hoi/ve-chiu-tang-me-viet-nam-anh-hung-111-tuoi-chau-noi-tu-nan-o-ninh-binh-20220614152406799.htm',	'https://png.pngtree.com/illustrations/20190327/ourmid/pngtree-cure-starry-sky-night-sky-star-png-image_38228.jpg',	NULL,	NULL,	'CARD',	30,	0,	100000,	3,	'2022-06-15 06:56:03',	'2022-06-15 06:56:03'),
(245,	'\"Chất\" riêng của Bình Châu - Hồ Tràm trong xu hướng wellness travel',	'https://dantri.com.vn/phap-luat/truy-sat-o-quan-oc-song-nua-doi-nguoi-toi-chua-thay-canh-kinh-hoang-vay-20220611184236270.htm',	'https://cdn.searchenginejournal.com/wp-content/uploads/2019/08/c573bf41-6a7c-4927-845c-4ca0260aad6b-1520x800.jpeg',	NULL,	'(Dân trí) - Phó Giáo sư - Tiến sĩ Bùi Hoài Sơn, Đại biểu Quốc hội khóa XV, Ủy viên Thường trực Ủy ban Văn hóa, Giáo dục của Quốc hội đã thẳng thắn trao đổi với phóng viên Dân trí về vấn đề này.',	'DEFAULT',	NULL,	0,	0,	1,	'2022-06-15 06:56:03',	'2022-06-15 06:56:03'),
(246,	'Giá vàng SJC tiếp tục \"bốc hơi\"',	'https://www.figma.com/file/0f0q91Q6btTLbfHnmAwaBg/Tin-t%E1%BB%A9c-game-Vi%E1%BB%87t?node-id=0%3A1',	'https://encrypted-tbn0.gstatic.com/images?q=tbn:ANd9GcRAd_Di-ZXvs7369z-X9C9o_tDblUPi3eVkk7wWUe8IXcPcRVxz9Fo8aKpwIhZTuEfxkv0&usqp=CAU',	NULL,	NULL,	'GAME_MOBILE',	NULL,	0,	0,	3,	'2022-06-15 06:56:03',	'2022-06-15 06:56:03'),
(247,	'Thanh tra đường \"nhồi\" cao ốc Lê Văn Lương - Tố Hữu, lộ đầy rẫy vi phạm',	NULL,	NULL,	'https://www.youtube.com/embed/8g9fmiNVYNI',	NULL,	'VIDEO',	NULL,	0,	0,	3,	'2022-06-15 06:56:03',	'2022-06-15 06:56:03'),
(248,	'Giá xăng \"phát sốt\", Bộ Tài chính lại đưa ra thêm đề xuất mới',	'https://www.figma.com/file/0f0q91Q6btTLbfHnmAwaBg/Tin-t%E1%BB%A9c-game-Vi%E1%BB%87t?node-id=0%3A1',	'https://encrypted-tbn0.gstatic.com/images?q=tbn:ANd9GcRAd_Di-ZXvs7369z-X9C9o_tDblUPi3eVkk7wWUe8IXcPcRVxz9Fo8aKpwIhZTuEfxkv0&usqp=CAU',	NULL,	NULL,	'ADS',	NULL,	0,	0,	1,	'2022-06-15 06:56:03',	'2022-06-15 06:56:03'),
(249,	'Giá xăng \"phát sốt\", Bộ Tài chính lại đưa ra thêm đề xuất mới',	'https://www.figma.com/file/0f0q91Q6btTLbfHnmAwaBg/Tin-t%E1%BB%A9c-game-Vi%E1%BB%87t?node-id=0%3A1',	'https://cdn.searchenginejournal.com/wp-content/uploads/2019/08/c573bf41-6a7c-4927-845c-4ca0260aad6b-1520x800.jpeg',	NULL,	NULL,	'ADS',	NULL,	0,	0,	3,	'2022-06-15 06:56:03',	'2022-06-15 06:56:03'),
(250,	'\"Chất\" riêng của Bình Châu - Hồ Tràm trong xu hướng wellness travel',	'https://dantri.com.vn/xa-hoi/mua-lon-o-ha-noi-nhieu-xe-sang-bay-bien-so-ngap-sau-trong-nuoc-20220613232004762.htm',	'https://png.pngtree.com/illustrations/20190327/ourmid/pngtree-cure-starry-sky-night-sky-star-png-image_38228.jpg',	NULL,	'(Dân trí) - Nhiều người xuất cảnh sang Campuchia bị tra tấn, đánh đập khi tìm cách trốn khỏi nơi làm việc. Những người muốn quay về Việt Nam thì bị bắt ký khống giấy nợ và yêu cầu bồi thường hàng ngàn USD',	'DEFAULT',	NULL,	0,	0,	1,	'2022-06-15 06:56:03',	'2022-06-15 06:56:03'),
(251,	'Dự án nào tại đường Lê Văn Lương \"ăn bớt\" chỗ cây xanh, biến 5 lên 30 tầng?',	'https://dantri.com.vn/xa-hoi/them-nhieu-thieu-nien-bi-dua-sang-campuchia-khi-di-tim-viec-nhe-luong-cao-20220615082701049.htm',	'https://encrypted-tbn0.gstatic.com/images?q=tbn:ANd9GcQ6wGBbcC_rZFSn3PEF6L34jkUjgR6oER7o2sFXzzRmB-Rx2fqaQxKjcZWbpU4vrveQM60&usqp=CAU',	NULL,	NULL,	'CARD',	40,	0,	30000,	2,	'2022-06-15 06:56:03',	'2022-06-15 06:56:03'),
(252,	'Giá xăng \"phát sốt\", Bộ Tài chính lại đưa ra thêm đề xuất mới',	'https://dantri.com.vn/xa-hoi/mua-lon-o-ha-noi-nhieu-xe-sang-bay-bien-so-ngap-sau-trong-nuoc-20220613232004762.htm',	'https://static.remove.bg/remove-bg-web/eb1bb48845c5007c3ec8d72ce7972fc8b76733b1/assets/start-1abfb4fe2980eabfbbaaa4365a0692539f7cd2725f324f904565a9a744f8e214.jpg',	NULL,	NULL,	'GAME_MOBILE',	NULL,	0,	0,	4,	'2022-06-15 06:56:03',	'2022-06-15 06:56:03'),
(253,	'Gần 200 căn biệt thự, liền kề tiền tỷ được \"chốt đơn\" chỉ trong một ngày',	NULL,	NULL,	'https://www.youtube.com/embed/8g9fmiNVYNI',	NULL,	'VIDEO',	NULL,	0,	0,	2,	'2022-06-15 06:56:03',	'2022-06-15 06:56:03'),
(254,	'Dự án nào tại đường Lê Văn Lương \"ăn bớt\" chỗ cây xanh, biến 5 lên 30 tầng?',	'https://dantri.com.vn/phap-luat/truy-sat-o-quan-oc-song-nua-doi-nguoi-toi-chua-thay-canh-kinh-hoang-vay-20220611184236270.htm',	'https://encrypted-tbn0.gstatic.com/images?q=tbn:ANd9GcTa6CFxEdks8wGHKZfuVBi8CRioiObB-e9pWivva33j5OwkDB7CEC94NjFDCNwXjtwge64&usqp=CAU',	NULL,	NULL,	'ADS',	NULL,	0,	0,	1,	'2022-06-15 06:56:03',	'2022-06-15 06:56:03'),
(255,	'Vụ xăng Malaysia 13.000 đồng/lít: Thủ tướng yêu cầu theo dõi kỹ để xử lý',	'https://dantri.com.vn/bat-dong-san/du-an-duong-vanh-dai-4-ha-noi-co-gi-dac-biet-20220520160243792.htm',	'https://encrypted-tbn0.gstatic.com/images?q=tbn:ANd9GcTa6CFxEdks8wGHKZfuVBi8CRioiObB-e9pWivva33j5OwkDB7CEC94NjFDCNwXjtwge64&usqp=CAU',	NULL,	NULL,	'ADS',	NULL,	0,	0,	4,	'2022-06-15 06:56:03',	'2022-06-15 06:56:03'),
(256,	'Gần 200 căn biệt thự, liền kề tiền tỷ được \"chốt đơn\" chỉ trong một ngày',	'https://askubuntu.com/questions/617850/changing-from-user-to-superuser',	'https://static.remove.bg/remove-bg-web/eb1bb48845c5007c3ec8d72ce7972fc8b76733b1/assets/start-1abfb4fe2980eabfbbaaa4365a0692539f7cd2725f324f904565a9a744f8e214.jpg',	NULL,	'(Dân trí) - Theo cáo buộc, \"bà trùm\" Nguyễn Thị Nguyệt cùng chồng liên hệ nhân viên 3 ngân hàng lớn để thực hiện chuyển tiền dưới hình thức thanh toán quốc tế.',	'DEFAULT',	NULL,	0,	0,	1,	'2022-06-15 06:56:03',	'2022-06-15 06:56:03'),
(257,	'Siết bất động sản có phải là \"bóp nghẹt\", gây khó?',	'https://dantri.com.vn/xa-hoi/ve-chiu-tang-me-viet-nam-anh-hung-111-tuoi-chau-noi-tu-nan-o-ninh-binh-20220614152406799.htm',	'https://png.pngtree.com/illustrations/20190327/ourmid/pngtree-cure-starry-sky-night-sky-star-png-image_38228.jpg',	NULL,	NULL,	'CARD',	0,	0,	100000,	2,	'2022-06-15 06:56:03',	'2022-06-15 06:56:03'),
(258,	'Vụ xăng Malaysia 13.000 đồng/lít: Thủ tướng yêu cầu theo dõi kỹ để xử lý',	NULL,	NULL,	'https://www.youtube.com/embed/apeFjGZ1jzA',	NULL,	'VIDEO',	NULL,	0,	0,	1,	'2022-06-15 06:56:03',	'2022-06-15 06:56:03'),
(259,	'Giá vàng SJC tiếp tục \"bốc hơi\"',	'https://dantri.com.vn/xa-hoi/mua-lon-o-ha-noi-nhieu-xe-sang-bay-bien-so-ngap-sau-trong-nuoc-20220613232004762.htm',	'https://helpx.adobe.com/content/dam/help/en/stock/how-to/visual-reverse-image-search/jcr_content/main-pars/image/visual-reverse-image-search-v2_intro.jpg',	NULL,	NULL,	'ADS',	NULL,	0,	0,	1,	'2022-06-15 06:56:03',	'2022-06-15 06:56:03'),
(260,	'Siết bất động sản có phải là \"bóp nghẹt\", gây khó?',	'https://dantri.com.vn/bat-dong-san/vach-loat-he-luy-tu-cuoc-dau-gia-dat-khung-tai-thu-thiem-20220531210238087.htm',	'https://encrypted-tbn0.gstatic.com/images?q=tbn:ANd9GcRAd_Di-ZXvs7369z-X9C9o_tDblUPi3eVkk7wWUe8IXcPcRVxz9Fo8aKpwIhZTuEfxkv0&usqp=CAU',	NULL,	NULL,	'GAME_MOBILE',	NULL,	0,	0,	2,	'2022-06-15 06:56:03',	'2022-06-15 06:56:03'),
(261,	'Giá xăng \"phát sốt\", Bộ Tài chính lại đưa ra thêm đề xuất mới',	'https://dantri.com.vn/xa-hoi/ve-chiu-tang-me-viet-nam-anh-hung-111-tuoi-chau-noi-tu-nan-o-ninh-binh-20220614152406799.htm',	'https://png.pngtree.com/illustrations/20190327/ourmid/pngtree-cure-starry-sky-night-sky-star-png-image_38228.jpg',	NULL,	NULL,	'ADS',	NULL,	0,	0,	2,	'2022-06-15 06:56:03',	'2022-06-15 06:56:03'),
(262,	'Gần 200 căn biệt thự, liền kề tiền tỷ được \"chốt đơn\" chỉ trong một ngày',	'https://dantri.com.vn/xa-hoi/ve-chiu-tang-me-viet-nam-anh-hung-111-tuoi-chau-noi-tu-nan-o-ninh-binh-20220614152406799.htm',	'https://i.pinimg.com/originals/62/ae/fb/62aefb044922a5a847546e30b9036913.jpg',	NULL,	NULL,	'CARD',	30,	0,	20000,	4,	'2022-06-15 06:56:03',	'2022-06-15 06:56:03'),
(263,	'Sau nhiều ồn ào đấu giá đất, Hà Nội có quy định mới tiền đặt cọc',	'https://dantri.com.vn/bat-dong-san/siet-bat-dong-san-co-phai-la-bop-nghet-gay-kho-20220531230948689.htm',	'https://png.pngtree.com/illustrations/20190327/ourmid/pngtree-cure-starry-sky-night-sky-star-png-image_38228.jpg',	NULL,	'(Dân trí) - Theo cáo buộc, \"bà trùm\" Nguyễn Thị Nguyệt cùng chồng liên hệ nhân viên 3 ngân hàng lớn để thực hiện chuyển tiền dưới hình thức thanh toán quốc tế.',	'DEFAULT',	NULL,	0,	0,	4,	'2022-06-15 06:56:03',	'2022-06-15 06:56:03'),
(264,	'Người mua đất khu đô thị Thanh Hà Cienco 5 bị \"treo\" xây dựng',	NULL,	NULL,	'https://www.youtube.com/embed/dCdxj-3IrWM',	NULL,	'VIDEO',	NULL,	0,	0,	2,	'2022-06-15 06:56:03',	'2022-06-15 06:56:03'),
(265,	'Thanh tra đường \"nhồi\" cao ốc Lê Văn Lương - Tố Hữu, lộ đầy rẫy vi phạm',	'https://dantri.com.vn/xa-hoi/mua-lon-o-ha-noi-nhieu-xe-sang-bay-bien-so-ngap-sau-trong-nuoc-20220613232004762.htm',	'https://helpx.adobe.com/content/dam/help/en/stock/how-to/visual-reverse-image-search/jcr_content/main-pars/image/visual-reverse-image-search-v2_intro.jpg',	NULL,	NULL,	'ADS',	NULL,	0,	0,	3,	'2022-06-15 06:56:03',	'2022-06-15 06:56:03'),
(266,	'Vạch loạt \"góc khuất\" trong đấu giá đất, dìm giá từ 500 tỷ đồng còn một nửa',	'https://dantri.com.vn/phap-luat/truy-sat-o-quan-oc-song-nua-doi-nguoi-toi-chua-thay-canh-kinh-hoang-vay-20220611184236270.htm',	'https://i.pinimg.com/originals/62/ae/fb/62aefb044922a5a847546e30b9036913.jpg',	NULL,	NULL,	'GAME_MOBILE',	NULL,	0,	0,	2,	'2022-06-15 06:56:03',	'2022-06-15 06:56:03'),
(267,	'Siết bất động sản có phải là \"bóp nghẹt\", gây khó?',	'https://dantri.com.vn/phap-luat/truy-sat-o-quan-oc-song-nua-doi-nguoi-toi-chua-thay-canh-kinh-hoang-vay-20220611184236270.htm',	'https://encrypted-tbn0.gstatic.com/images?q=tbn:ANd9GcQ9quVJ8hZqsPWgDRlIhFNwhpH3fS5xE75fe6uotxvTB3s9o4LsYCufH6uNcUaNOsPdn-8&usqp=CAU',	NULL,	NULL,	'ADS',	NULL,	0,	0,	3,	'2022-06-15 06:56:03',	'2022-06-15 06:56:03'),
(268,	'Dự án nào tại đường Lê Văn Lương \"ăn bớt\" chỗ cây xanh, biến 5 lên 30 tầng?',	'https://dantri.com.vn/xa-hoi/ve-chiu-tang-me-viet-nam-anh-hung-111-tuoi-chau-noi-tu-nan-o-ninh-binh-20220614152406799.htm',	'https://encrypted-tbn0.gstatic.com/images?q=tbn:ANd9GcQ6wGBbcC_rZFSn3PEF6L34jkUjgR6oER7o2sFXzzRmB-Rx2fqaQxKjcZWbpU4vrveQM60&usqp=CAU',	NULL,	NULL,	'CARD',	30,	0,	100000,	4,	'2022-06-15 06:56:03',	'2022-06-15 06:56:03'),
(269,	'Giá vàng SJC tiếp tục \"bốc hơi\"',	'https://dantri.com.vn/xa-hoi/mua-lon-o-ha-noi-nhieu-xe-sang-bay-bien-so-ngap-sau-trong-nuoc-20220613232004762.htm',	'https://encrypted-tbn0.gstatic.com/images?q=tbn:ANd9GcTa6CFxEdks8wGHKZfuVBi8CRioiObB-e9pWivva33j5OwkDB7CEC94NjFDCNwXjtwge64&usqp=CAU',	NULL,	'(Dân trí) - Liên quan đến vụ Việt Á, đến nay, Cơ quan điều tra Bộ Công an, Bộ Quốc phòng và Công an các địa phương đã khởi tố 70 đối tượng, trong đó có hai cựu Bộ trưởng Bộ Y tế và Bộ Khoa học và Công nghệ.',	'DEFAULT',	NULL,	0,	0,	3,	'2022-06-15 06:56:03',	'2022-06-15 06:56:03'),
(270,	'\"Chất\" riêng của Bình Châu - Hồ Tràm trong xu hướng wellness travel',	'https://dantri.com.vn/phap-luat/tam-giu-dien-vien-hai-huu-tin-dieu-tra-tang-tru-to-chuc-su-dung-ma-tuy-20220614192059913.htm',	'https://encrypted-tbn0.gstatic.com/images?q=tbn:ANd9GcQ6wGBbcC_rZFSn3PEF6L34jkUjgR6oER7o2sFXzzRmB-Rx2fqaQxKjcZWbpU4vrveQM60&usqp=CAU',	NULL,	NULL,	'GAME_MOBILE',	NULL,	0,	0,	2,	'2022-06-15 06:56:03',	'2022-06-15 06:56:03'),
(271,	'Siết bất động sản có phải là \"bóp nghẹt\", gây khó?',	NULL,	NULL,	'https://www.youtube.com/embed/G64FJCq1SnI',	NULL,	'VIDEO',	NULL,	0,	0,	1,	'2022-06-15 06:56:03',	'2022-06-15 06:56:03'),
(272,	'Sau nhiều ồn ào đấu giá đất, Hà Nội có quy định mới tiền đặt cọc',	'https://dantri.com.vn/xa-hoi/them-nhieu-thieu-nien-bi-dua-sang-campuchia-khi-di-tim-viec-nhe-luong-cao-20220615082701049.htm',	'https://static.remove.bg/remove-bg-web/eb1bb48845c5007c3ec8d72ce7972fc8b76733b1/assets/start-1abfb4fe2980eabfbbaaa4365a0692539f7cd2725f324f904565a9a744f8e214.jpg',	NULL,	NULL,	'ADS',	NULL,	0,	0,	2,	'2022-06-15 06:56:03',	'2022-06-15 06:56:03'),
(273,	'Giá vàng SJC tiếp tục \"bốc hơi\"',	'https://dantri.com.vn/xa-hoi/ve-chiu-tang-me-viet-nam-anh-hung-111-tuoi-chau-noi-tu-nan-o-ninh-binh-20220614152406799.htm',	'https://encrypted-tbn0.gstatic.com/images?q=tbn:ANd9GcTa6CFxEdks8wGHKZfuVBi8CRioiObB-e9pWivva33j5OwkDB7CEC94NjFDCNwXjtwge64&usqp=CAU',	NULL,	NULL,	'ADS',	NULL,	0,	0,	4,	'2022-06-15 06:56:03',	'2022-06-15 06:56:03'),
(274,	'Vạch loạt \"góc khuất\" trong đấu giá đất, dìm giá từ 500 tỷ đồng còn một nửa',	'https://dantri.com.vn/xa-hoi/vu-sung-sot-phat-hien-minh-da-chet-con-nhieu-ban-tuong-tu-20220612211104630.htm',	'https://static.remove.bg/remove-bg-web/eb1bb48845c5007c3ec8d72ce7972fc8b76733b1/assets/start-1abfb4fe2980eabfbbaaa4365a0692539f7cd2725f324f904565a9a744f8e214.jpg',	NULL,	NULL,	'CARD',	60,	0,	50000,	2,	'2022-06-15 06:56:03',	'2022-06-15 06:56:03'),
(275,	'Vạch loạt \"góc khuất\" trong đấu giá đất, dìm giá từ 500 tỷ đồng còn một nửa',	'https://dantri.com.vn/xa-hoi/mua-lon-o-ha-noi-nhieu-xe-sang-bay-bien-so-ngap-sau-trong-nuoc-20220613232004762.htm',	'https://helpx.adobe.com/content/dam/help/en/stock/how-to/visual-reverse-image-search/jcr_content/main-pars/image/visual-reverse-image-search-v2_intro.jpg',	NULL,	'(Dân trí) - Nhiều người xuất cảnh sang Campuchia bị tra tấn, đánh đập khi tìm cách trốn khỏi nơi làm việc. Những người muốn quay về Việt Nam thì bị bắt ký khống giấy nợ và yêu cầu bồi thường hàng ngàn USD',	'DEFAULT',	NULL,	0,	0,	4,	'2022-06-15 06:56:03',	'2022-06-15 06:56:03'),
(276,	'Giá xăng \"phát sốt\", Bộ Tài chính lại đưa ra thêm đề xuất mới',	'https://dantri.com.vn/xa-hoi/vu-sung-sot-phat-hien-minh-da-chet-con-nhieu-ban-tuong-tu-20220612211104630.htm',	'https://encrypted-tbn0.gstatic.com/images?q=tbn:ANd9GcTa6CFxEdks8wGHKZfuVBi8CRioiObB-e9pWivva33j5OwkDB7CEC94NjFDCNwXjtwge64&usqp=CAU',	NULL,	NULL,	'GAME_MOBILE',	NULL,	0,	0,	4,	'2022-06-15 06:56:03',	'2022-06-15 06:56:03'),
(277,	'\"Chất\" riêng của Bình Châu - Hồ Tràm trong xu hướng wellness travel',	'https://dantri.com.vn/phap-luat/tam-giu-dien-vien-hai-huu-tin-dieu-tra-tang-tru-to-chuc-su-dung-ma-tuy-20220614192059913.htm',	'https://encrypted-tbn0.gstatic.com/images?q=tbn:ANd9GcRAd_Di-ZXvs7369z-X9C9o_tDblUPi3eVkk7wWUe8IXcPcRVxz9Fo8aKpwIhZTuEfxkv0&usqp=CAU',	NULL,	NULL,	'ADS',	NULL,	0,	0,	2,	'2022-06-15 06:56:03',	'2022-06-15 06:56:03'),
(278,	'Sau nhiều ồn ào đấu giá đất, Hà Nội có quy định mới tiền đặt cọc',	NULL,	NULL,	'https://www.youtube.com/embed/apeFjGZ1jzA',	NULL,	'VIDEO',	NULL,	0,	0,	1,	'2022-06-15 06:56:03',	'2022-06-15 06:56:03'),
(279,	'Dự án nào tại đường Lê Văn Lương \"ăn bớt\" chỗ cây xanh, biến 5 lên 30 tầng?',	'https://dantri.com.vn/phap-luat/tam-giu-dien-vien-hai-huu-tin-dieu-tra-tang-tru-to-chuc-su-dung-ma-tuy-20220614192059913.htm',	'https://cdn.searchenginejournal.com/wp-content/uploads/2019/08/c573bf41-6a7c-4927-845c-4ca0260aad6b-1520x800.jpeg',	NULL,	NULL,	'ADS',	NULL,	0,	0,	1,	'2022-06-15 06:56:03',	'2022-06-15 06:56:03'),
(280,	'\"Chất\" riêng của Bình Châu - Hồ Tràm trong xu hướng wellness travel',	'https://dantri.com.vn/phap-luat/tam-giu-dien-vien-hai-huu-tin-dieu-tra-tang-tru-to-chuc-su-dung-ma-tuy-20220614192059913.htm',	'https://helpx.adobe.com/content/dam/help/en/stock/how-to/visual-reverse-image-search/jcr_content/main-pars/image/visual-reverse-image-search-v2_intro.jpg',	NULL,	NULL,	'CARD',	40,	0,	100000,	1,	'2022-06-15 06:56:03',	'2022-06-15 06:56:03'),
(281,	'Dự án nào tại đường Lê Văn Lương \"ăn bớt\" chỗ cây xanh, biến 5 lên 30 tầng?',	'https://dantri.com.vn/xa-hoi/them-nhieu-thieu-nien-bi-dua-sang-campuchia-khi-di-tim-viec-nhe-luong-cao-20220615082701049.htm',	'https://png.pngtree.com/illustrations/20190327/ourmid/pngtree-cure-starry-sky-night-sky-star-png-image_38228.jpg',	NULL,	'(Dân trí) - UBND TP Hà Nội khẳng định, đến nay chủ đầu tư Khu đô thị Thanh Hà Cienco 5 (Hà Nội) chưa hoàn thiện thủ tục pháp lý... nên chưa đủ điều kiện để tiếp tục triển khai xây dựng công trình.',	'DEFAULT',	NULL,	0,	0,	2,	'2022-06-15 06:56:03',	'2022-06-15 06:56:03'),
(282,	'Giá vàng SJC tiếp tục \"bốc hơi\"',	'https://dantri.com.vn/bat-dong-san/siet-bat-dong-san-co-phai-la-bop-nghet-gay-kho-20220531230948689.htm',	'https://i.pinimg.com/originals/62/ae/fb/62aefb044922a5a847546e30b9036913.jpg',	NULL,	NULL,	'ADS',	NULL,	0,	0,	1,	'2022-06-15 06:56:03',	'2022-06-15 06:56:03'),
(283,	'Thanh tra đường \"nhồi\" cao ốc Lê Văn Lương - Tố Hữu, lộ đầy rẫy vi phạm',	'https://dantri.com.vn/xa-hoi/them-nhieu-thieu-nien-bi-dua-sang-campuchia-khi-di-tim-viec-nhe-luong-cao-20220615082701049.htm',	'https://encrypted-tbn0.gstatic.com/images?q=tbn:ANd9GcRAd_Di-ZXvs7369z-X9C9o_tDblUPi3eVkk7wWUe8IXcPcRVxz9Fo8aKpwIhZTuEfxkv0&usqp=CAU',	NULL,	NULL,	'GAME_MOBILE',	NULL,	0,	0,	4,	'2022-06-15 06:56:03',	'2022-06-15 06:56:03'),
(284,	'Vụ xăng Malaysia 13.000 đồng/lít: Thủ tướng yêu cầu theo dõi kỹ để xử lý',	NULL,	NULL,	'https://www.youtube.com/embed/apeFjGZ1jzA',	NULL,	'VIDEO',	NULL,	0,	0,	2,	'2022-06-15 06:56:03',	'2022-06-15 06:56:03'),
(285,	'Siết bất động sản có phải là \"bóp nghẹt\", gây khó?',	'https://dantri.com.vn/bat-dong-san/du-an-duong-vanh-dai-4-ha-noi-co-gi-dac-biet-20220520160243792.htm',	'https://i.pinimg.com/originals/62/ae/fb/62aefb044922a5a847546e30b9036913.jpg',	NULL,	NULL,	'ADS',	NULL,	0,	0,	1,	'2022-06-15 06:56:03',	'2022-06-15 06:56:03'),
(286,	'Giá xăng \"phát sốt\", Bộ Tài chính lại đưa ra thêm đề xuất mới',	'https://dantri.com.vn/xa-hoi/vu-sung-sot-phat-hien-minh-da-chet-con-nhieu-ban-tuong-tu-20220612211104630.htm',	'https://cdn.searchenginejournal.com/wp-content/uploads/2019/08/c573bf41-6a7c-4927-845c-4ca0260aad6b-1520x800.jpeg',	NULL,	'(Dân trí) - Liên quan đến vụ Việt Á, đến nay, Cơ quan điều tra Bộ Công an, Bộ Quốc phòng và Công an các địa phương đã khởi tố 70 đối tượng, trong đó có hai cựu Bộ trưởng Bộ Y tế và Bộ Khoa học và Công nghệ.',	'DEFAULT',	NULL,	0,	0,	1,	'2022-06-15 06:56:03',	'2022-06-15 06:56:03'),
(287,	'Sau nhiều ồn ào đấu giá đất, Hà Nội có quy định mới tiền đặt cọc',	'https://dantri.com.vn/bat-dong-san/du-an-duong-vanh-dai-4-ha-noi-co-gi-dac-biet-20220520160243792.htm',	'https://encrypted-tbn0.gstatic.com/images?q=tbn:ANd9GcQ9quVJ8hZqsPWgDRlIhFNwhpH3fS5xE75fe6uotxvTB3s9o4LsYCufH6uNcUaNOsPdn-8&usqp=CAU',	NULL,	NULL,	'CARD',	60,	0,	30000,	4,	'2022-06-15 06:56:03',	'2022-06-15 06:56:03'),
(288,	'Vạch loạt \"góc khuất\" trong đấu giá đất, dìm giá từ 500 tỷ đồng còn một nửa',	'https://dantri.com.vn/bat-dong-san/siet-bat-dong-san-co-phai-la-bop-nghet-gay-kho-20220531230948689.htm',	'https://encrypted-tbn0.gstatic.com/images?q=tbn:ANd9GcQ9quVJ8hZqsPWgDRlIhFNwhpH3fS5xE75fe6uotxvTB3s9o4LsYCufH6uNcUaNOsPdn-8&usqp=CAU',	NULL,	NULL,	'ADS',	NULL,	0,	0,	4,	'2022-06-15 06:56:03',	'2022-06-15 06:56:03'),
(289,	'Giá xăng \"phát sốt\", Bộ Tài chính lại đưa ra thêm đề xuất mới',	'https://www.figma.com/file/0f0q91Q6btTLbfHnmAwaBg/Tin-t%E1%BB%A9c-game-Vi%E1%BB%87t?node-id=0%3A1',	'https://encrypted-tbn0.gstatic.com/images?q=tbn:ANd9GcRAd_Di-ZXvs7369z-X9C9o_tDblUPi3eVkk7wWUe8IXcPcRVxz9Fo8aKpwIhZTuEfxkv0&usqp=CAU',	NULL,	NULL,	'GAME_MOBILE',	NULL,	0,	0,	1,	'2022-06-15 06:56:03',	'2022-06-15 06:56:03'),
(290,	'Giá vàng SJC tiếp tục \"bốc hơi\"',	NULL,	NULL,	'https://www.youtube.com/embed/dCdxj-3IrWM',	NULL,	'VIDEO',	NULL,	0,	0,	2,	'2022-06-15 06:56:03',	'2022-06-15 06:56:03'),
(291,	'Vụ xăng Malaysia 13.000 đồng/lít: Thủ tướng yêu cầu theo dõi kỹ để xử lý',	'https://dantri.com.vn/xa-hoi/them-nhieu-thieu-nien-bi-dua-sang-campuchia-khi-di-tim-viec-nhe-luong-cao-20220615082701049.htm',	'https://png.pngtree.com/illustrations/20190327/ourmid/pngtree-cure-starry-sky-night-sky-star-png-image_38228.jpg',	NULL,	NULL,	'ADS',	NULL,	0,	0,	4,	'2022-06-15 06:56:03',	'2022-06-15 06:56:03'),
(292,	'Giá xăng \"phát sốt\", Bộ Tài chính lại đưa ra thêm đề xuất mới',	'https://dantri.com.vn/xa-hoi/mua-lon-o-ha-noi-nhieu-xe-sang-bay-bien-so-ngap-sau-trong-nuoc-20220613232004762.htm',	'https://encrypted-tbn0.gstatic.com/images?q=tbn:ANd9GcQ6wGBbcC_rZFSn3PEF6L34jkUjgR6oER7o2sFXzzRmB-Rx2fqaQxKjcZWbpU4vrveQM60&usqp=CAU',	NULL,	NULL,	'ADS',	NULL,	0,	0,	2,	'2022-06-15 06:56:03',	'2022-06-15 06:56:03'),
(293,	'Siết bất động sản có phải là \"bóp nghẹt\", gây khó?',	'https://dantri.com.vn/phap-luat/truy-sat-o-quan-oc-song-nua-doi-nguoi-toi-chua-thay-canh-kinh-hoang-vay-20220611184236270.htm',	'https://cdn.searchenginejournal.com/wp-content/uploads/2019/08/c573bf41-6a7c-4927-845c-4ca0260aad6b-1520x800.jpeg',	NULL,	NULL,	'CARD',	20,	0,	30000,	3,	'2022-06-15 06:56:03',	'2022-06-15 06:56:03'),
(294,	'Dự án nào tại đường Lê Văn Lương \"ăn bớt\" chỗ cây xanh, biến 5 lên 30 tầng?',	'https://dantri.com.vn/phap-luat/truy-sat-o-quan-oc-song-nua-doi-nguoi-toi-chua-thay-canh-kinh-hoang-vay-20220611184236270.htm',	'https://static.remove.bg/remove-bg-web/eb1bb48845c5007c3ec8d72ce7972fc8b76733b1/assets/start-1abfb4fe2980eabfbbaaa4365a0692539f7cd2725f324f904565a9a744f8e214.jpg',	NULL,	NULL,	'GAME_MOBILE',	NULL,	0,	0,	1,	'2022-06-15 06:56:03',	'2022-06-15 06:56:03'),
(295,	'Giá vàng SJC tiếp tục \"bốc hơi\"',	'https://dantri.com.vn/bat-dong-san/siet-bat-dong-san-co-phai-la-bop-nghet-gay-kho-20220531230948689.htm',	'https://www.zenithtechs.com/wp-content/uploads/2021/06/remove-background-from-image-with-remove-bg-tutorials.jpg',	NULL,	'(Dân trí) - Do tuổi già, sức yếu, Mẹ Việt Nam anh hùng Nguyễn Thị Tân trút hơi thở cuối cùng vào tối 13/6, hưởng thọ 111 tuổi. Mẹ nhắm mắt xuôi tay vẫn đau đáu việc tìm hài cốt một người con trai liệt sĩ.',	'DEFAULT',	NULL,	0,	0,	2,	'2022-06-15 06:56:03',	'2022-06-15 06:56:03'),
(296,	'Vạch loạt \"góc khuất\" trong đấu giá đất, dìm giá từ 500 tỷ đồng còn một nửa',	NULL,	NULL,	'https://www.youtube.com/embed/8g9fmiNVYNI',	NULL,	'VIDEO',	NULL,	0,	0,	4,	'2022-06-15 06:56:03',	'2022-06-15 06:56:03'),
(297,	'Giá vàng SJC tiếp tục \"bốc hơi\"',	'https://dantri.com.vn/xa-hoi/mua-lon-o-ha-noi-nhieu-xe-sang-bay-bien-so-ngap-sau-trong-nuoc-20220613232004762.htm',	'https://helpx.adobe.com/content/dam/help/en/stock/how-to/visual-reverse-image-search/jcr_content/main-pars/image/visual-reverse-image-search-v2_intro.jpg',	NULL,	NULL,	'ADS',	NULL,	0,	0,	3,	'2022-06-15 06:56:03',	'2022-06-15 06:56:03'),
(298,	'Siết bất động sản có phải là \"bóp nghẹt\", gây khó?',	'https://dantri.com.vn/xa-hoi/ve-chiu-tang-me-viet-nam-anh-hung-111-tuoi-chau-noi-tu-nan-o-ninh-binh-20220614152406799.htm',	'https://encrypted-tbn0.gstatic.com/images?q=tbn:ANd9GcRAd_Di-ZXvs7369z-X9C9o_tDblUPi3eVkk7wWUe8IXcPcRVxz9Fo8aKpwIhZTuEfxkv0&usqp=CAU',	NULL,	NULL,	'ADS',	NULL,	0,	0,	3,	'2022-06-15 06:56:03',	'2022-06-15 06:56:03'),
(299,	'Dự án nào tại đường Lê Văn Lương \"ăn bớt\" chỗ cây xanh, biến 5 lên 30 tầng?',	'https://dantri.com.vn/bat-dong-san/siet-bat-dong-san-co-phai-la-bop-nghet-gay-kho-20220531230948689.htm',	'https://i.pinimg.com/originals/62/ae/fb/62aefb044922a5a847546e30b9036913.jpg',	NULL,	NULL,	'CARD',	80,	0,	50000,	4,	'2022-06-15 06:56:03',	'2022-06-15 06:56:03'),
(300,	'Giá xăng \"phát sốt\", Bộ Tài chính lại đưa ra thêm đề xuất mới',	'https://dantri.com.vn/xa-hoi/vu-sung-sot-phat-hien-minh-da-chet-con-nhieu-ban-tuong-tu-20220612211104630.htm',	'https://encrypted-tbn0.gstatic.com/images?q=tbn:ANd9GcQ6wGBbcC_rZFSn3PEF6L34jkUjgR6oER7o2sFXzzRmB-Rx2fqaQxKjcZWbpU4vrveQM60&usqp=CAU',	NULL,	NULL,	'GAME_MOBILE',	NULL,	0,	0,	2,	'2022-06-15 06:56:03',	'2022-06-15 06:56:03'),
(301,	'Vụ xăng Malaysia 13.000 đồng/lít: Thủ tướng yêu cầu theo dõi kỹ để xử lý',	'https://dantri.com.vn/xa-hoi/ve-chiu-tang-me-viet-nam-anh-hung-111-tuoi-chau-noi-tu-nan-o-ninh-binh-20220614152406799.htm',	'https://i.pinimg.com/originals/62/ae/fb/62aefb044922a5a847546e30b9036913.jpg',	NULL,	'(Dân trí) - Du lịch Việt hồi sinh trở lại kéo theo xu hướng wellness travel bùng nổ. Điều này đã tác động mạnh đến thị trường bất động sản biển, trong đó, những điểm đến có thế mạnh phục hồi và chăm sóc sức khỏe sẽ có nhiều điều kiện bứt phá.',	'DEFAULT',	NULL,	0,	0,	3,	'2022-06-15 06:56:03',	'2022-06-15 06:56:03'),
(302,	'Người mua đất khu đô thị Thanh Hà Cienco 5 bị \"treo\" xây dựng',	NULL,	NULL,	'https://www.youtube.com/embed/dCdxj-3IrWM',	NULL,	'VIDEO',	NULL,	0,	0,	2,	'2022-06-15 06:56:03',	'2022-06-15 06:56:03'),
(303,	'Giá vàng SJC tiếp tục \"bốc hơi\"',	'https://dantri.com.vn/phap-luat/tam-giu-dien-vien-hai-huu-tin-dieu-tra-tang-tru-to-chuc-su-dung-ma-tuy-20220614192059913.htm',	'https://www.zenithtechs.com/wp-content/uploads/2021/06/remove-background-from-image-with-remove-bg-tutorials.jpg',	NULL,	NULL,	'ADS',	NULL,	0,	0,	3,	'2022-06-15 06:56:03',	'2022-06-15 06:56:03'),
(304,	'Người mua đất khu đô thị Thanh Hà Cienco 5 bị \"treo\" xây dựng',	'https://dantri.com.vn/xa-hoi/ve-chiu-tang-me-viet-nam-anh-hung-111-tuoi-chau-noi-tu-nan-o-ninh-binh-20220614152406799.htm',	'https://encrypted-tbn0.gstatic.com/images?q=tbn:ANd9GcTa6CFxEdks8wGHKZfuVBi8CRioiObB-e9pWivva33j5OwkDB7CEC94NjFDCNwXjtwge64&usqp=CAU',	NULL,	NULL,	'CARD',	10,	0,	30000,	4,	'2022-06-15 06:56:03',	'2022-06-15 06:56:03'),
(305,	'Siết bất động sản có phải là \"bóp nghẹt\", gây khó?',	'https://dantri.com.vn/bat-dong-san/du-an-duong-vanh-dai-4-ha-noi-co-gi-dac-biet-20220520160243792.htm',	'https://www.zenithtechs.com/wp-content/uploads/2021/06/remove-background-from-image-with-remove-bg-tutorials.jpg',	NULL,	NULL,	'GAME_MOBILE',	NULL,	0,	0,	2,	'2022-06-15 06:56:03',	'2022-06-15 06:56:03'),
(306,	'Giá vàng SJC tiếp tục \"bốc hơi\"',	'https://dantri.com.vn/bat-dong-san/du-an-duong-vanh-dai-4-ha-noi-co-gi-dac-biet-20220520160243792.htm',	'https://encrypted-tbn0.gstatic.com/images?q=tbn:ANd9GcQ6wGBbcC_rZFSn3PEF6L34jkUjgR6oER7o2sFXzzRmB-Rx2fqaQxKjcZWbpU4vrveQM60&usqp=CAU',	NULL,	'(Dân trí) - UBND TP Hà Nội khẳng định, đến nay chủ đầu tư Khu đô thị Thanh Hà Cienco 5 (Hà Nội) chưa hoàn thiện thủ tục pháp lý... nên chưa đủ điều kiện để tiếp tục triển khai xây dựng công trình.',	'DEFAULT',	NULL,	0,	0,	2,	'2022-06-15 06:56:03',	'2022-06-15 06:56:03'),
(307,	'Siết bất động sản có phải là \"bóp nghẹt\", gây khó?',	NULL,	NULL,	'https://www.youtube.com/embed/8g9fmiNVYNI',	NULL,	'VIDEO',	NULL,	0,	0,	1,	'2022-06-15 06:56:03',	'2022-06-15 06:56:03'),
(308,	'Sau nhiều ồn ào đấu giá đất, Hà Nội có quy định mới tiền đặt cọc',	'https://askubuntu.com/questions/617850/changing-from-user-to-superuser',	'https://www.zenithtechs.com/wp-content/uploads/2021/06/remove-background-from-image-with-remove-bg-tutorials.jpg',	NULL,	NULL,	'CARD',	30,	0,	30000,	4,	'2022-06-15 06:56:03',	'2022-06-15 06:56:03'),
(309,	'Sau nhiều ồn ào đấu giá đất, Hà Nội có quy định mới tiền đặt cọc',	'https://askubuntu.com/questions/617850/changing-from-user-to-superuser',	'https://encrypted-tbn0.gstatic.com/images?q=tbn:ANd9GcQ6wGBbcC_rZFSn3PEF6L34jkUjgR6oER7o2sFXzzRmB-Rx2fqaQxKjcZWbpU4vrveQM60&usqp=CAU',	NULL,	NULL,	'GAME_MOBILE',	NULL,	0,	0,	3,	'2022-06-15 06:56:03',	'2022-06-15 06:56:03'),
(310,	'Siết bất động sản có phải là \"bóp nghẹt\", gây khó?',	'https://dantri.com.vn/bat-dong-san/siet-bat-dong-san-co-phai-la-bop-nghet-gay-kho-20220531230948689.htm',	'https://www.zenithtechs.com/wp-content/uploads/2021/06/remove-background-from-image-with-remove-bg-tutorials.jpg',	NULL,	'(Dân trí) - Mỹ đang khuyến khích các công ty tăng cường mua phân bón của Nga trong bối cảnh giá lương thực trên toàn cầu gia tăng và xuất hiện tình trạng thiếu hụt.',	'DEFAULT',	NULL,	0,	0,	4,	'2022-06-15 06:56:03',	'2022-06-15 06:56:03'),
(311,	'Giá vàng SJC tiếp tục \"bốc hơi\"',	NULL,	NULL,	'https://www.youtube.com/embed/G64FJCq1SnI',	NULL,	'VIDEO',	NULL,	0,	0,	3,	'2022-06-15 06:56:03',	'2022-06-15 06:56:03'),
(312,	'Vạch loạt \"góc khuất\" trong đấu giá đất, dìm giá từ 500 tỷ đồng còn một nửa',	'https://dantri.com.vn/xa-hoi/ve-chiu-tang-me-viet-nam-anh-hung-111-tuoi-chau-noi-tu-nan-o-ninh-binh-20220614152406799.htm',	'https://cdn.searchenginejournal.com/wp-content/uploads/2019/08/c573bf41-6a7c-4927-845c-4ca0260aad6b-1520x800.jpeg',	NULL,	NULL,	'CARD',	10,	0,	50000,	4,	'2022-06-15 06:56:03',	'2022-06-15 06:56:03'),
(313,	'Vạch loạt \"góc khuất\" trong đấu giá đất, dìm giá từ 500 tỷ đồng còn một nửa',	'https://dantri.com.vn/bat-dong-san/vach-loat-he-luy-tu-cuoc-dau-gia-dat-khung-tai-thu-thiem-20220531210238087.htm',	'https://static.remove.bg/remove-bg-web/eb1bb48845c5007c3ec8d72ce7972fc8b76733b1/assets/start-1abfb4fe2980eabfbbaaa4365a0692539f7cd2725f324f904565a9a744f8e214.jpg',	NULL,	NULL,	'GAME_MOBILE',	NULL,	0,	0,	1,	'2022-06-15 06:56:03',	'2022-06-15 06:56:03'),
(314,	'Giá xăng \"phát sốt\", Bộ Tài chính lại đưa ra thêm đề xuất mới',	'https://askubuntu.com/questions/617850/changing-from-user-to-superuser',	'https://cdn.searchenginejournal.com/wp-content/uploads/2019/08/c573bf41-6a7c-4927-845c-4ca0260aad6b-1520x800.jpeg',	NULL,	'(Dân trí) - Trong vòng một tháng, Công ty cổ phần Tập đoàn Gelex đã tổ chức 4 đợt mua lại trái phiếu với tổng giá trị 1.500 tỷ đồng.',	'DEFAULT',	NULL,	0,	0,	4,	'2022-06-15 06:56:03',	'2022-06-15 06:56:03'),
(315,	'Gần 200 căn biệt thự, liền kề tiền tỷ được \"chốt đơn\" chỉ trong một ngày',	NULL,	NULL,	'https://www.youtube.com/embed/dCdxj-3IrWM',	NULL,	'VIDEO',	NULL,	0,	0,	3,	'2022-06-15 06:56:03',	'2022-06-15 06:56:03'),
(316,	'Người mua đất khu đô thị Thanh Hà Cienco 5 bị \"treo\" xây dựng',	'https://dantri.com.vn/bat-dong-san/vach-loat-he-luy-tu-cuoc-dau-gia-dat-khung-tai-thu-thiem-20220531210238087.htm',	'https://encrypted-tbn0.gstatic.com/images?q=tbn:ANd9GcTa6CFxEdks8wGHKZfuVBi8CRioiObB-e9pWivva33j5OwkDB7CEC94NjFDCNwXjtwge64&usqp=CAU',	NULL,	NULL,	'CARD',	80,	0,	20000,	2,	'2022-06-15 06:56:03',	'2022-06-15 06:56:03'),
(317,	'Vụ xăng Malaysia 13.000 đồng/lít: Thủ tướng yêu cầu theo dõi kỹ để xử lý',	'https://dantri.com.vn/bat-dong-san/siet-bat-dong-san-co-phai-la-bop-nghet-gay-kho-20220531230948689.htm',	'https://i.pinimg.com/originals/62/ae/fb/62aefb044922a5a847546e30b9036913.jpg',	NULL,	NULL,	'GAME_MOBILE',	NULL,	0,	0,	1,	'2022-06-15 06:56:03',	'2022-06-15 06:56:03'),
(318,	'Vụ xăng Malaysia 13.000 đồng/lít: Thủ tướng yêu cầu theo dõi kỹ để xử lý',	'https://www.figma.com/file/0f0q91Q6btTLbfHnmAwaBg/Tin-t%E1%BB%A9c-game-Vi%E1%BB%87t?node-id=0%3A1',	'https://encrypted-tbn0.gstatic.com/images?q=tbn:ANd9GcRAd_Di-ZXvs7369z-X9C9o_tDblUPi3eVkk7wWUe8IXcPcRVxz9Fo8aKpwIhZTuEfxkv0&usqp=CAU',	NULL,	'(Dân trí) - Lần đầu \"chạm ngõ\" màn ảnh với vai nam chính trong phim \"Lối nhỏ vào đời\", Long Hoàng chia sẻ với PV Dân trí rằng, đó sự may mắn và tiết lộ hoàn cảnh của mình cũng khác xa trên phim.',	'DEFAULT',	NULL,	0,	0,	2,	'2022-06-15 06:56:03',	'2022-06-15 06:56:03'),
(319,	'Sau nhiều ồn ào đấu giá đất, Hà Nội có quy định mới tiền đặt cọc',	NULL,	NULL,	'https://www.youtube.com/embed/8g9fmiNVYNI',	NULL,	'VIDEO',	NULL,	0,	0,	2,	'2022-06-15 06:56:03',	'2022-06-15 06:56:03'),
(320,	'Gần 200 căn biệt thự, liền kề tiền tỷ được \"chốt đơn\" chỉ trong một ngày',	'https://dantri.com.vn/bat-dong-san/vach-loat-he-luy-tu-cuoc-dau-gia-dat-khung-tai-thu-thiem-20220531210238087.htm',	'https://encrypted-tbn0.gstatic.com/images?q=tbn:ANd9GcQ6wGBbcC_rZFSn3PEF6L34jkUjgR6oER7o2sFXzzRmB-Rx2fqaQxKjcZWbpU4vrveQM60&usqp=CAU',	NULL,	NULL,	'CARD',	40,	0,	20000,	1,	'2022-06-15 06:56:03',	'2022-06-15 06:56:03'),
(321,	'Người mua đất khu đô thị Thanh Hà Cienco 5 bị \"treo\" xây dựng',	'https://dantri.com.vn/phap-luat/tam-giu-dien-vien-hai-huu-tin-dieu-tra-tang-tru-to-chuc-su-dung-ma-tuy-20220614192059913.htm',	'https://helpx.adobe.com/content/dam/help/en/stock/how-to/visual-reverse-image-search/jcr_content/main-pars/image/visual-reverse-image-search-v2_intro.jpg',	NULL,	NULL,	'GAME_MOBILE',	NULL,	0,	0,	4,	'2022-06-15 06:56:03',	'2022-06-15 06:56:03'),
(322,	'Siết bất động sản có phải là \"bóp nghẹt\", gây khó?',	'https://dantri.com.vn/phap-luat/truy-sat-o-quan-oc-song-nua-doi-nguoi-toi-chua-thay-canh-kinh-hoang-vay-20220611184236270.htm',	'https://www.zenithtechs.com/wp-content/uploads/2021/06/remove-background-from-image-with-remove-bg-tutorials.jpg',	NULL,	'(Dân trí) - Vàng SJC có một phiên giao dịch sóng gió khi \"bốc hơi\" 700.000 đồng/lượng trong ngày 13/6, đến 14/6 thì tiếp tục giảm.',	'DEFAULT',	NULL,	0,	0,	2,	'2022-06-15 06:56:03',	'2022-06-15 06:56:03'),
(323,	'Sau nhiều ồn ào đấu giá đất, Hà Nội có quy định mới tiền đặt cọc',	'https://dantri.com.vn/bat-dong-san/siet-bat-dong-san-co-phai-la-bop-nghet-gay-kho-20220531230948689.htm',	'https://www.zenithtechs.com/wp-content/uploads/2021/06/remove-background-from-image-with-remove-bg-tutorials.jpg',	NULL,	NULL,	'CARD',	60,	0,	50000,	1,	'2022-06-15 06:56:03',	'2022-06-15 06:56:03'),
(324,	'Giá xăng \"phát sốt\", Bộ Tài chính lại đưa ra thêm đề xuất mới',	NULL,	NULL,	'https://www.youtube.com/embed/dCdxj-3IrWM',	NULL,	'VIDEO',	NULL,	0,	0,	4,	'2022-06-15 06:56:03',	'2022-06-15 06:56:03'),
(325,	'Vụ xăng Malaysia 13.000 đồng/lít: Thủ tướng yêu cầu theo dõi kỹ để xử lý',	'https://dantri.com.vn/phap-luat/tam-giu-dien-vien-hai-huu-tin-dieu-tra-tang-tru-to-chuc-su-dung-ma-tuy-20220614192059913.htm',	'https://encrypted-tbn0.gstatic.com/images?q=tbn:ANd9GcTa6CFxEdks8wGHKZfuVBi8CRioiObB-e9pWivva33j5OwkDB7CEC94NjFDCNwXjtwge64&usqp=CAU',	NULL,	'(Dân trí) - Nhiều người xuất cảnh sang Campuchia bị tra tấn, đánh đập khi tìm cách trốn khỏi nơi làm việc. Những người muốn quay về Việt Nam thì bị bắt ký khống giấy nợ và yêu cầu bồi thường hàng ngàn USD',	'DEFAULT',	NULL,	0,	0,	2,	'2022-06-15 06:56:03',	'2022-06-15 06:56:03'),
(326,	'Thanh tra đường \"nhồi\" cao ốc Lê Văn Lương - Tố Hữu, lộ đầy rẫy vi phạm',	'https://askubuntu.com/questions/617850/changing-from-user-to-superuser',	'https://encrypted-tbn0.gstatic.com/images?q=tbn:ANd9GcRAd_Di-ZXvs7369z-X9C9o_tDblUPi3eVkk7wWUe8IXcPcRVxz9Fo8aKpwIhZTuEfxkv0&usqp=CAU',	NULL,	NULL,	'GAME_MOBILE',	NULL,	0,	0,	2,	'2022-06-15 06:56:03',	'2022-06-15 06:56:03'),
(327,	'Người mua đất khu đô thị Thanh Hà Cienco 5 bị \"treo\" xây dựng',	'https://dantri.com.vn/xa-hoi/vu-sung-sot-phat-hien-minh-da-chet-con-nhieu-ban-tuong-tu-20220612211104630.htm',	'https://encrypted-tbn0.gstatic.com/images?q=tbn:ANd9GcQ6wGBbcC_rZFSn3PEF6L34jkUjgR6oER7o2sFXzzRmB-Rx2fqaQxKjcZWbpU4vrveQM60&usqp=CAU',	NULL,	NULL,	'CARD',	0,	0,	30000,	2,	'2022-06-15 06:56:03',	'2022-06-15 06:56:03'),
(328,	'Vụ xăng Malaysia 13.000 đồng/lít: Thủ tướng yêu cầu theo dõi kỹ để xử lý',	NULL,	NULL,	'https://www.youtube.com/embed/apeFjGZ1jzA',	NULL,	'VIDEO',	NULL,	0,	0,	2,	'2022-06-15 06:56:03',	'2022-06-15 06:56:03'),
(329,	'Gần 200 căn biệt thự, liền kề tiền tỷ được \"chốt đơn\" chỉ trong một ngày',	'https://dantri.com.vn/xa-hoi/vu-sung-sot-phat-hien-minh-da-chet-con-nhieu-ban-tuong-tu-20220612211104630.htm',	'https://i.pinimg.com/originals/62/ae/fb/62aefb044922a5a847546e30b9036913.jpg',	NULL,	NULL,	'GAME_MOBILE',	NULL,	0,	0,	1,	'2022-06-15 06:56:03',	'2022-06-15 06:56:03'),
(330,	'Vụ xăng Malaysia 13.000 đồng/lít: Thủ tướng yêu cầu theo dõi kỹ để xử lý',	'https://dantri.com.vn/bat-dong-san/du-an-duong-vanh-dai-4-ha-noi-co-gi-dac-biet-20220520160243792.htm',	'https://png.pngtree.com/illustrations/20190327/ourmid/pngtree-cure-starry-sky-night-sky-star-png-image_38228.jpg',	NULL,	'(Dân trí) - Trong vòng một tháng, Công ty cổ phần Tập đoàn Gelex đã tổ chức 4 đợt mua lại trái phiếu với tổng giá trị 1.500 tỷ đồng.',	'DEFAULT',	NULL,	0,	0,	2,	'2022-06-15 06:56:03',	'2022-06-15 06:56:03'),
(331,	'Dự án nào tại đường Lê Văn Lương \"ăn bớt\" chỗ cây xanh, biến 5 lên 30 tầng?',	'https://dantri.com.vn/xa-hoi/mua-lon-o-ha-noi-nhieu-xe-sang-bay-bien-so-ngap-sau-trong-nuoc-20220613232004762.htm',	'https://encrypted-tbn0.gstatic.com/images?q=tbn:ANd9GcQ6wGBbcC_rZFSn3PEF6L34jkUjgR6oER7o2sFXzzRmB-Rx2fqaQxKjcZWbpU4vrveQM60&usqp=CAU',	NULL,	NULL,	'CARD',	50,	0,	50000,	1,	'2022-06-15 06:56:03',	'2022-06-15 06:56:03'),
(332,	'Dự án nào tại đường Lê Văn Lương \"ăn bớt\" chỗ cây xanh, biến 5 lên 30 tầng?',	'https://www.figma.com/file/0f0q91Q6btTLbfHnmAwaBg/Tin-t%E1%BB%A9c-game-Vi%E1%BB%87t?node-id=0%3A1',	'https://encrypted-tbn0.gstatic.com/images?q=tbn:ANd9GcQ9quVJ8hZqsPWgDRlIhFNwhpH3fS5xE75fe6uotxvTB3s9o4LsYCufH6uNcUaNOsPdn-8&usqp=CAU',	NULL,	NULL,	'GAME_MOBILE',	NULL,	0,	0,	1,	'2022-06-15 06:56:03',	'2022-06-15 06:56:03'),
(333,	'Giá xăng \"phát sốt\", Bộ Tài chính lại đưa ra thêm đề xuất mới',	NULL,	NULL,	'https://www.youtube.com/embed/dCdxj-3IrWM',	NULL,	'VIDEO',	NULL,	0,	0,	3,	'2022-06-15 06:56:03',	'2022-06-15 06:56:03'),
(334,	'Vạch loạt \"góc khuất\" trong đấu giá đất, dìm giá từ 500 tỷ đồng còn một nửa',	'https://dantri.com.vn/phap-luat/truy-sat-o-quan-oc-song-nua-doi-nguoi-toi-chua-thay-canh-kinh-hoang-vay-20220611184236270.htm',	'https://encrypted-tbn0.gstatic.com/images?q=tbn:ANd9GcQ6wGBbcC_rZFSn3PEF6L34jkUjgR6oER7o2sFXzzRmB-Rx2fqaQxKjcZWbpU4vrveQM60&usqp=CAU',	NULL,	'(Dân trí) - Theo cáo buộc, \"bà trùm\" Nguyễn Thị Nguyệt cùng chồng liên hệ nhân viên 3 ngân hàng lớn để thực hiện chuyển tiền dưới hình thức thanh toán quốc tế.',	'DEFAULT',	NULL,	0,	0,	2,	'2022-06-15 06:56:03',	'2022-06-15 06:56:03'),
(335,	'Sau nhiều ồn ào đấu giá đất, Hà Nội có quy định mới tiền đặt cọc',	'https://askubuntu.com/questions/617850/changing-from-user-to-superuser',	'https://static.remove.bg/remove-bg-web/eb1bb48845c5007c3ec8d72ce7972fc8b76733b1/assets/start-1abfb4fe2980eabfbbaaa4365a0692539f7cd2725f324f904565a9a744f8e214.jpg',	NULL,	NULL,	'CARD',	50,	0,	20000,	1,	'2022-06-15 06:56:03',	'2022-06-15 06:56:03'),
(336,	'Sau nhiều ồn ào đấu giá đất, Hà Nội có quy định mới tiền đặt cọc',	'https://dantri.com.vn/bat-dong-san/vach-loat-he-luy-tu-cuoc-dau-gia-dat-khung-tai-thu-thiem-20220531210238087.htm',	'https://cdn.searchenginejournal.com/wp-content/uploads/2019/08/c573bf41-6a7c-4927-845c-4ca0260aad6b-1520x800.jpeg',	NULL,	NULL,	'GAME_MOBILE',	NULL,	0,	0,	1,	'2022-06-15 06:56:03',	'2022-06-15 06:56:03'),
(337,	'Gần 200 căn biệt thự, liền kề tiền tỷ được \"chốt đơn\" chỉ trong một ngày',	NULL,	NULL,	'https://www.youtube.com/embed/8g9fmiNVYNI',	NULL,	'VIDEO',	NULL,	0,	0,	1,	'2022-06-15 06:56:03',	'2022-06-15 06:56:03'),
(338,	'\"Chất\" riêng của Bình Châu - Hồ Tràm trong xu hướng wellness travel',	'https://dantri.com.vn/xa-hoi/mua-lon-o-ha-noi-nhieu-xe-sang-bay-bien-so-ngap-sau-trong-nuoc-20220613232004762.htm',	'https://encrypted-tbn0.gstatic.com/images?q=tbn:ANd9GcTa6CFxEdks8wGHKZfuVBi8CRioiObB-e9pWivva33j5OwkDB7CEC94NjFDCNwXjtwge64&usqp=CAU',	NULL,	'(Dân trí) - Lần đầu \"chạm ngõ\" màn ảnh với vai nam chính trong phim \"Lối nhỏ vào đời\", Long Hoàng chia sẻ với PV Dân trí rằng, đó sự may mắn và tiết lộ hoàn cảnh của mình cũng khác xa trên phim.',	'DEFAULT',	NULL,	0,	0,	2,	'2022-06-15 06:56:03',	'2022-06-15 06:56:03'),
(339,	'Vụ xăng Malaysia 13.000 đồng/lít: Thủ tướng yêu cầu theo dõi kỹ để xử lý',	'https://dantri.com.vn/bat-dong-san/vach-loat-he-luy-tu-cuoc-dau-gia-dat-khung-tai-thu-thiem-20220531210238087.htm',	'https://encrypted-tbn0.gstatic.com/images?q=tbn:ANd9GcQ9quVJ8hZqsPWgDRlIhFNwhpH3fS5xE75fe6uotxvTB3s9o4LsYCufH6uNcUaNOsPdn-8&usqp=CAU',	NULL,	NULL,	'CARD',	0,	0,	100000,	1,	'2022-06-15 06:56:03',	'2022-06-15 06:56:03'),
(340,	'Vạch loạt \"góc khuất\" trong đấu giá đất, dìm giá từ 500 tỷ đồng còn một nửa',	'https://dantri.com.vn/bat-dong-san/du-an-duong-vanh-dai-4-ha-noi-co-gi-dac-biet-20220520160243792.htm',	'https://png.pngtree.com/illustrations/20190327/ourmid/pngtree-cure-starry-sky-night-sky-star-png-image_38228.jpg',	NULL,	NULL,	'GAME_MOBILE',	NULL,	0,	0,	1,	'2022-06-15 06:56:03',	'2022-06-15 06:56:03'),
(341,	'\"Chất\" riêng của Bình Châu - Hồ Tràm trong xu hướng wellness travel',	NULL,	NULL,	'https://www.youtube.com/embed/apeFjGZ1jzA',	NULL,	'VIDEO',	NULL,	0,	0,	2,	'2022-06-15 06:56:03',	'2022-06-15 06:56:03'),
(342,	'Dự án nào tại đường Lê Văn Lương \"ăn bớt\" chỗ cây xanh, biến 5 lên 30 tầng?',	'https://dantri.com.vn/bat-dong-san/siet-bat-dong-san-co-phai-la-bop-nghet-gay-kho-20220531230948689.htm',	'https://www.zenithtechs.com/wp-content/uploads/2021/06/remove-background-from-image-with-remove-bg-tutorials.jpg',	NULL,	'(Dân trí) - \"Sống hơn nửa đời người rồi mà tôi chưa bao giờ thấy cảnh kinh hoàng như vậy. Ai ai cũng cầm mã tấu, dao, tiếng bom xăng cứ nổ khiến tôi ám ảnh\", bà H. (nhân chứng vụ truy sát ở quán ốc) hãi hùng kể.',	'DEFAULT',	NULL,	0,	0,	4,	'2022-06-15 06:56:03',	'2022-06-15 06:56:03'),
(343,	'Người mua đất khu đô thị Thanh Hà Cienco 5 bị \"treo\" xây dựng',	'https://dantri.com.vn/phap-luat/tam-giu-dien-vien-hai-huu-tin-dieu-tra-tang-tru-to-chuc-su-dung-ma-tuy-20220614192059913.htm',	'https://encrypted-tbn0.gstatic.com/images?q=tbn:ANd9GcTa6CFxEdks8wGHKZfuVBi8CRioiObB-e9pWivva33j5OwkDB7CEC94NjFDCNwXjtwge64&usqp=CAU',	NULL,	NULL,	'CARD',	0,	0,	100000,	2,	'2022-06-15 06:56:03',	'2022-06-15 06:56:03'),
(344,	'Người mua đất khu đô thị Thanh Hà Cienco 5 bị \"treo\" xây dựng',	NULL,	NULL,	'https://www.youtube.com/embed/8g9fmiNVYNI',	NULL,	'VIDEO',	NULL,	0,	0,	2,	'2022-06-15 06:56:03',	'2022-06-15 06:56:03'),
(345,	'Giá vàng SJC tiếp tục \"bốc hơi\"',	'https://dantri.com.vn/xa-hoi/mua-lon-o-ha-noi-nhieu-xe-sang-bay-bien-so-ngap-sau-trong-nuoc-20220613232004762.htm',	'https://www.zenithtechs.com/wp-content/uploads/2021/06/remove-background-from-image-with-remove-bg-tutorials.jpg',	NULL,	NULL,	'GAME_MOBILE',	NULL,	0,	0,	3,	'2022-06-15 06:56:03',	'2022-06-15 06:56:03'),
(346,	'Giá xăng \"phát sốt\", Bộ Tài chính lại đưa ra thêm đề xuất mới',	'https://dantri.com.vn/phap-luat/tam-giu-dien-vien-hai-huu-tin-dieu-tra-tang-tru-to-chuc-su-dung-ma-tuy-20220614192059913.htm',	'https://i.pinimg.com/originals/62/ae/fb/62aefb044922a5a847546e30b9036913.jpg',	NULL,	NULL,	'CARD',	50,	0,	100000,	3,	'2022-06-15 06:56:03',	'2022-06-15 06:56:03'),
(347,	'\"Chất\" riêng của Bình Châu - Hồ Tràm trong xu hướng wellness travel',	'https://askubuntu.com/questions/617850/changing-from-user-to-superuser',	'https://encrypted-tbn0.gstatic.com/images?q=tbn:ANd9GcTa6CFxEdks8wGHKZfuVBi8CRioiObB-e9pWivva33j5OwkDB7CEC94NjFDCNwXjtwge64&usqp=CAU',	NULL,	'(Dân trí) - Nhiều người xuất cảnh sang Campuchia bị tra tấn, đánh đập khi tìm cách trốn khỏi nơi làm việc. Những người muốn quay về Việt Nam thì bị bắt ký khống giấy nợ và yêu cầu bồi thường hàng ngàn USD',	'DEFAULT',	NULL,	0,	0,	3,	'2022-06-15 06:56:03',	'2022-06-15 06:56:03'),
(348,	'Sau nhiều ồn ào đấu giá đất, Hà Nội có quy định mới tiền đặt cọc',	NULL,	NULL,	'https://www.youtube.com/embed/G64FJCq1SnI',	NULL,	'VIDEO',	NULL,	0,	0,	3,	'2022-06-15 06:56:03',	'2022-06-15 06:56:03'),
(349,	'Siết bất động sản có phải là \"bóp nghẹt\", gây khó?',	'https://dantri.com.vn/xa-hoi/ve-chiu-tang-me-viet-nam-anh-hung-111-tuoi-chau-noi-tu-nan-o-ninh-binh-20220614152406799.htm',	'https://encrypted-tbn0.gstatic.com/images?q=tbn:ANd9GcQ9quVJ8hZqsPWgDRlIhFNwhpH3fS5xE75fe6uotxvTB3s9o4LsYCufH6uNcUaNOsPdn-8&usqp=CAU',	NULL,	NULL,	'GAME_MOBILE',	NULL,	0,	0,	3,	'2022-06-15 06:56:03',	'2022-06-15 06:56:03'),
(350,	'Vụ xăng Malaysia 13.000 đồng/lít: Thủ tướng yêu cầu theo dõi kỹ để xử lý',	'https://dantri.com.vn/xa-hoi/them-nhieu-thieu-nien-bi-dua-sang-campuchia-khi-di-tim-viec-nhe-luong-cao-20220615082701049.htm',	'https://static.remove.bg/remove-bg-web/eb1bb48845c5007c3ec8d72ce7972fc8b76733b1/assets/start-1abfb4fe2980eabfbbaaa4365a0692539f7cd2725f324f904565a9a744f8e214.jpg',	NULL,	NULL,	'CARD',	10,	0,	100000,	4,	'2022-06-15 06:56:03',	'2022-06-15 06:56:03'),
(351,	'Người mua đất khu đô thị Thanh Hà Cienco 5 bị \"treo\" xây dựng',	NULL,	NULL,	'https://www.youtube.com/embed/dCdxj-3IrWM',	NULL,	'VIDEO',	NULL,	0,	0,	4,	'2022-06-15 06:56:03',	'2022-06-15 06:56:03'),
(352,	'Giá vàng SJC tiếp tục \"bốc hơi\"',	'https://askubuntu.com/questions/617850/changing-from-user-to-superuser',	'https://i.pinimg.com/originals/62/ae/fb/62aefb044922a5a847546e30b9036913.jpg',	NULL,	NULL,	'GAME_MOBILE',	NULL,	0,	0,	2,	'2022-06-15 06:56:03',	'2022-06-15 06:56:03'),
(353,	'Giá xăng \"phát sốt\", Bộ Tài chính lại đưa ra thêm đề xuất mới',	'https://www.figma.com/file/0f0q91Q6btTLbfHnmAwaBg/Tin-t%E1%BB%A9c-game-Vi%E1%BB%87t?node-id=0%3A1',	'https://encrypted-tbn0.gstatic.com/images?q=tbn:ANd9GcRAd_Di-ZXvs7369z-X9C9o_tDblUPi3eVkk7wWUe8IXcPcRVxz9Fo8aKpwIhZTuEfxkv0&usqp=CAU',	NULL,	'(Dân trí) - Du lịch Việt hồi sinh trở lại kéo theo xu hướng wellness travel bùng nổ. Điều này đã tác động mạnh đến thị trường bất động sản biển, trong đó, những điểm đến có thế mạnh phục hồi và chăm sóc sức khỏe sẽ có nhiều điều kiện bứt phá.',	'DEFAULT',	NULL,	0,	0,	3,	'2022-06-15 06:56:03',	'2022-06-15 06:56:03'),
(354,	'Gần 200 căn biệt thự, liền kề tiền tỷ được \"chốt đơn\" chỉ trong một ngày',	NULL,	NULL,	'https://www.youtube.com/embed/G64FJCq1SnI',	NULL,	'VIDEO',	NULL,	0,	0,	2,	'2022-06-15 06:56:03',	'2022-06-15 06:56:03'),
(355,	'Dự án nào tại đường Lê Văn Lương \"ăn bớt\" chỗ cây xanh, biến 5 lên 30 tầng?',	'https://www.figma.com/file/0f0q91Q6btTLbfHnmAwaBg/Tin-t%E1%BB%A9c-game-Vi%E1%BB%87t?node-id=0%3A1',	'https://png.pngtree.com/illustrations/20190327/ourmid/pngtree-cure-starry-sky-night-sky-star-png-image_38228.jpg',	NULL,	NULL,	'CARD',	30,	0,	30000,	1,	'2022-06-15 06:56:03',	'2022-06-15 06:56:03'),
(356,	'Dự án nào tại đường Lê Văn Lương \"ăn bớt\" chỗ cây xanh, biến 5 lên 30 tầng?',	'https://dantri.com.vn/xa-hoi/mua-lon-o-ha-noi-nhieu-xe-sang-bay-bien-so-ngap-sau-trong-nuoc-20220613232004762.htm',	'https://encrypted-tbn0.gstatic.com/images?q=tbn:ANd9GcTa6CFxEdks8wGHKZfuVBi8CRioiObB-e9pWivva33j5OwkDB7CEC94NjFDCNwXjtwge64&usqp=CAU',	NULL,	NULL,	'GAME_MOBILE',	NULL,	0,	0,	4,	'2022-06-15 06:56:03',	'2022-06-15 06:56:03'),
(357,	'Vạch loạt \"góc khuất\" trong đấu giá đất, dìm giá từ 500 tỷ đồng còn một nửa',	NULL,	NULL,	'https://www.youtube.com/embed/G64FJCq1SnI',	NULL,	'VIDEO',	NULL,	0,	0,	2,	'2022-06-15 06:56:03',	'2022-06-15 06:56:03'),
(358,	'Giá xăng \"phát sốt\", Bộ Tài chính lại đưa ra thêm đề xuất mới',	'https://dantri.com.vn/bat-dong-san/siet-bat-dong-san-co-phai-la-bop-nghet-gay-kho-20220531230948689.htm',	'https://png.pngtree.com/illustrations/20190327/ourmid/pngtree-cure-starry-sky-night-sky-star-png-image_38228.jpg',	NULL,	NULL,	'CARD',	30,	0,	100000,	2,	'2022-06-15 06:56:03',	'2022-06-15 06:56:03'),
(359,	'Giá vàng SJC tiếp tục \"bốc hơi\"',	'https://dantri.com.vn/bat-dong-san/siet-bat-dong-san-co-phai-la-bop-nghet-gay-kho-20220531230948689.htm',	'https://cdn.searchenginejournal.com/wp-content/uploads/2019/08/c573bf41-6a7c-4927-845c-4ca0260aad6b-1520x800.jpeg',	NULL,	'(Dân trí) - Mỹ đang khuyến khích các công ty tăng cường mua phân bón của Nga trong bối cảnh giá lương thực trên toàn cầu gia tăng và xuất hiện tình trạng thiếu hụt.',	'DEFAULT',	NULL,	0,	0,	1,	'2022-06-15 06:56:03',	'2022-06-15 06:56:03'),
(360,	'Người mua đất khu đô thị Thanh Hà Cienco 5 bị \"treo\" xây dựng',	'https://dantri.com.vn/bat-dong-san/vach-loat-he-luy-tu-cuoc-dau-gia-dat-khung-tai-thu-thiem-20220531210238087.htm',	'https://static.remove.bg/remove-bg-web/eb1bb48845c5007c3ec8d72ce7972fc8b76733b1/assets/start-1abfb4fe2980eabfbbaaa4365a0692539f7cd2725f324f904565a9a744f8e214.jpg',	NULL,	NULL,	'GAME_MOBILE',	NULL,	0,	0,	1,	'2022-06-15 06:56:03',	'2022-06-15 06:56:03'),
(361,	'Giá xăng \"phát sốt\", Bộ Tài chính lại đưa ra thêm đề xuất mới',	'https://dantri.com.vn/bat-dong-san/du-an-duong-vanh-dai-4-ha-noi-co-gi-dac-biet-20220520160243792.htm',	'https://encrypted-tbn0.gstatic.com/images?q=tbn:ANd9GcQ9quVJ8hZqsPWgDRlIhFNwhpH3fS5xE75fe6uotxvTB3s9o4LsYCufH6uNcUaNOsPdn-8&usqp=CAU',	NULL,	NULL,	'CARD',	50,	0,	50000,	1,	'2022-06-15 06:56:03',	'2022-06-15 06:56:03'),
(362,	'Sau nhiều ồn ào đấu giá đất, Hà Nội có quy định mới tiền đặt cọc',	NULL,	NULL,	'https://www.youtube.com/embed/apeFjGZ1jzA',	NULL,	'VIDEO',	NULL,	0,	0,	4,	'2022-06-15 06:56:03',	'2022-06-15 06:56:03'),
(363,	'Sau nhiều ồn ào đấu giá đất, Hà Nội có quy định mới tiền đặt cọc',	'https://dantri.com.vn/xa-hoi/mua-lon-o-ha-noi-nhieu-xe-sang-bay-bien-so-ngap-sau-trong-nuoc-20220613232004762.htm',	'https://png.pngtree.com/illustrations/20190327/ourmid/pngtree-cure-starry-sky-night-sky-star-png-image_38228.jpg',	NULL,	NULL,	'GAME_MOBILE',	NULL,	0,	0,	4,	'2022-06-15 06:56:03',	'2022-06-15 06:56:03'),
(364,	'Dự án nào tại đường Lê Văn Lương \"ăn bớt\" chỗ cây xanh, biến 5 lên 30 tầng?',	'https://dantri.com.vn/bat-dong-san/du-an-duong-vanh-dai-4-ha-noi-co-gi-dac-biet-20220520160243792.htm',	'https://encrypted-tbn0.gstatic.com/images?q=tbn:ANd9GcRAd_Di-ZXvs7369z-X9C9o_tDblUPi3eVkk7wWUe8IXcPcRVxz9Fo8aKpwIhZTuEfxkv0&usqp=CAU',	NULL,	'(Dân trí) - Liên quan đến vụ Việt Á, đến nay, Cơ quan điều tra Bộ Công an, Bộ Quốc phòng và Công an các địa phương đã khởi tố 70 đối tượng, trong đó có hai cựu Bộ trưởng Bộ Y tế và Bộ Khoa học và Công nghệ.',	'DEFAULT',	NULL,	0,	0,	3,	'2022-06-15 06:56:03',	'2022-06-15 06:56:03'),
(365,	'Giá xăng \"phát sốt\", Bộ Tài chính lại đưa ra thêm đề xuất mới',	'https://dantri.com.vn/phap-luat/tam-giu-dien-vien-hai-huu-tin-dieu-tra-tang-tru-to-chuc-su-dung-ma-tuy-20220614192059913.htm',	'https://i.pinimg.com/originals/62/ae/fb/62aefb044922a5a847546e30b9036913.jpg',	NULL,	NULL,	'CARD',	40,	0,	50000,	3,	'2022-06-15 06:56:03',	'2022-06-15 06:56:03'),
(366,	'Dự án nào tại đường Lê Văn Lương \"ăn bớt\" chỗ cây xanh, biến 5 lên 30 tầng?',	NULL,	NULL,	'https://www.youtube.com/embed/apeFjGZ1jzA',	NULL,	'VIDEO',	NULL,	0,	0,	4,	'2022-06-15 06:56:03',	'2022-06-15 06:56:03'),
(367,	'Siết bất động sản có phải là \"bóp nghẹt\", gây khó?',	'https://dantri.com.vn/xa-hoi/vu-sung-sot-phat-hien-minh-da-chet-con-nhieu-ban-tuong-tu-20220612211104630.htm',	'https://encrypted-tbn0.gstatic.com/images?q=tbn:ANd9GcQ6wGBbcC_rZFSn3PEF6L34jkUjgR6oER7o2sFXzzRmB-Rx2fqaQxKjcZWbpU4vrveQM60&usqp=CAU',	NULL,	NULL,	'GAME_MOBILE',	NULL,	0,	0,	2,	'2022-06-15 06:56:03',	'2022-06-15 06:56:03'),
(368,	'Sau nhiều ồn ào đấu giá đất, Hà Nội có quy định mới tiền đặt cọc',	NULL,	NULL,	'https://www.youtube.com/embed/dCdxj-3IrWM',	NULL,	'VIDEO',	NULL,	0,	0,	3,	'2022-06-15 06:56:03',	'2022-06-15 06:56:03'),
(369,	'Giá vàng SJC tiếp tục \"bốc hơi\"',	'https://dantri.com.vn/bat-dong-san/siet-bat-dong-san-co-phai-la-bop-nghet-gay-kho-20220531230948689.htm',	'https://cdn.searchenginejournal.com/wp-content/uploads/2019/08/c573bf41-6a7c-4927-845c-4ca0260aad6b-1520x800.jpeg',	NULL,	NULL,	'CARD',	0,	0,	100000,	1,	'2022-06-15 06:56:03',	'2022-06-15 06:56:03'),
(370,	'Giá vàng SJC tiếp tục \"bốc hơi\"',	'https://dantri.com.vn/bat-dong-san/siet-bat-dong-san-co-phai-la-bop-nghet-gay-kho-20220531230948689.htm',	'https://encrypted-tbn0.gstatic.com/images?q=tbn:ANd9GcTa6CFxEdks8wGHKZfuVBi8CRioiObB-e9pWivva33j5OwkDB7CEC94NjFDCNwXjtwge64&usqp=CAU',	NULL,	'(Dân trí) - Theo cáo buộc, \"bà trùm\" Nguyễn Thị Nguyệt cùng chồng liên hệ nhân viên 3 ngân hàng lớn để thực hiện chuyển tiền dưới hình thức thanh toán quốc tế.',	'DEFAULT',	NULL,	0,	0,	1,	'2022-06-15 06:56:03',	'2022-06-15 06:56:03'),
(371,	'Vụ xăng Malaysia 13.000 đồng/lít: Thủ tướng yêu cầu theo dõi kỹ để xử lý',	'https://dantri.com.vn/phap-luat/truy-sat-o-quan-oc-song-nua-doi-nguoi-toi-chua-thay-canh-kinh-hoang-vay-20220611184236270.htm',	'https://encrypted-tbn0.gstatic.com/images?q=tbn:ANd9GcRAd_Di-ZXvs7369z-X9C9o_tDblUPi3eVkk7wWUe8IXcPcRVxz9Fo8aKpwIhZTuEfxkv0&usqp=CAU',	NULL,	NULL,	'GAME_MOBILE',	NULL,	0,	0,	1,	'2022-06-15 06:56:03',	'2022-06-15 06:56:03'),
(372,	'Vụ xăng Malaysia 13.000 đồng/lít: Thủ tướng yêu cầu theo dõi kỹ để xử lý',	NULL,	NULL,	'https://www.youtube.com/embed/G64FJCq1SnI',	NULL,	'VIDEO',	NULL,	0,	0,	4,	'2022-06-15 06:56:03',	'2022-06-15 06:56:03'),
(373,	'Người mua đất khu đô thị Thanh Hà Cienco 5 bị \"treo\" xây dựng',	'https://dantri.com.vn/bat-dong-san/du-an-duong-vanh-dai-4-ha-noi-co-gi-dac-biet-20220520160243792.htm',	'https://encrypted-tbn0.gstatic.com/images?q=tbn:ANd9GcQ9quVJ8hZqsPWgDRlIhFNwhpH3fS5xE75fe6uotxvTB3s9o4LsYCufH6uNcUaNOsPdn-8&usqp=CAU',	NULL,	NULL,	'CARD',	30,	0,	50000,	3,	'2022-06-15 06:56:03',	'2022-06-15 06:56:03'),
(374,	'\"Chất\" riêng của Bình Châu - Hồ Tràm trong xu hướng wellness travel',	'https://dantri.com.vn/xa-hoi/them-nhieu-thieu-nien-bi-dua-sang-campuchia-khi-di-tim-viec-nhe-luong-cao-20220615082701049.htm',	'https://encrypted-tbn0.gstatic.com/images?q=tbn:ANd9GcQ9quVJ8hZqsPWgDRlIhFNwhpH3fS5xE75fe6uotxvTB3s9o4LsYCufH6uNcUaNOsPdn-8&usqp=CAU',	NULL,	NULL,	'GAME_MOBILE',	NULL,	0,	0,	1,	'2022-06-15 06:56:03',	'2022-06-15 06:56:03'),
(375,	'\"Chất\" riêng của Bình Châu - Hồ Tràm trong xu hướng wellness travel',	'https://dantri.com.vn/bat-dong-san/du-an-duong-vanh-dai-4-ha-noi-co-gi-dac-biet-20220520160243792.htm',	'https://png.pngtree.com/illustrations/20190327/ourmid/pngtree-cure-starry-sky-night-sky-star-png-image_38228.jpg',	NULL,	'(Dân trí) - Trong vòng một tháng, Công ty cổ phần Tập đoàn Gelex đã tổ chức 4 đợt mua lại trái phiếu với tổng giá trị 1.500 tỷ đồng.',	'DEFAULT',	NULL,	0,	0,	1,	'2022-06-15 06:56:03',	'2022-06-15 06:56:03'),
(376,	'Dự án nào tại đường Lê Văn Lương \"ăn bớt\" chỗ cây xanh, biến 5 lên 30 tầng?',	NULL,	NULL,	'https://www.youtube.com/embed/dCdxj-3IrWM',	NULL,	'VIDEO',	NULL,	0,	0,	4,	'2022-06-15 06:56:03',	'2022-06-15 06:56:03'),
(377,	'Gần 200 căn biệt thự, liền kề tiền tỷ được \"chốt đơn\" chỉ trong một ngày',	'https://dantri.com.vn/xa-hoi/mua-lon-o-ha-noi-nhieu-xe-sang-bay-bien-so-ngap-sau-trong-nuoc-20220613232004762.htm',	'https://www.zenithtechs.com/wp-content/uploads/2021/06/remove-background-from-image-with-remove-bg-tutorials.jpg',	NULL,	NULL,	'CARD',	30,	0,	30000,	4,	'2022-06-15 06:56:03',	'2022-06-15 06:56:03'),
(378,	'Thanh tra đường \"nhồi\" cao ốc Lê Văn Lương - Tố Hữu, lộ đầy rẫy vi phạm',	'https://dantri.com.vn/xa-hoi/vu-sung-sot-phat-hien-minh-da-chet-con-nhieu-ban-tuong-tu-20220612211104630.htm',	'https://encrypted-tbn0.gstatic.com/images?q=tbn:ANd9GcQ9quVJ8hZqsPWgDRlIhFNwhpH3fS5xE75fe6uotxvTB3s9o4LsYCufH6uNcUaNOsPdn-8&usqp=CAU',	NULL,	NULL,	'GAME_MOBILE',	NULL,	0,	0,	1,	'2022-06-15 06:56:03',	'2022-06-15 06:56:03'),
(379,	'Sau nhiều ồn ào đấu giá đất, Hà Nội có quy định mới tiền đặt cọc',	NULL,	NULL,	'https://www.youtube.com/embed/8g9fmiNVYNI',	NULL,	'VIDEO',	NULL,	0,	0,	2,	'2022-06-15 06:56:03',	'2022-06-15 06:56:03'),
(380,	'\"Chất\" riêng của Bình Châu - Hồ Tràm trong xu hướng wellness travel',	'https://dantri.com.vn/xa-hoi/ve-chiu-tang-me-viet-nam-anh-hung-111-tuoi-chau-noi-tu-nan-o-ninh-binh-20220614152406799.htm',	'https://helpx.adobe.com/content/dam/help/en/stock/how-to/visual-reverse-image-search/jcr_content/main-pars/image/visual-reverse-image-search-v2_intro.jpg',	NULL,	'(Dân trí) - Phó Giáo sư - Tiến sĩ Bùi Hoài Sơn, Đại biểu Quốc hội khóa XV, Ủy viên Thường trực Ủy ban Văn hóa, Giáo dục của Quốc hội đã thẳng thắn trao đổi với phóng viên Dân trí về vấn đề này.',	'DEFAULT',	NULL,	0,	0,	1,	'2022-06-15 06:56:03',	'2022-06-15 06:56:03'),
(381,	'Vạch loạt \"góc khuất\" trong đấu giá đất, dìm giá từ 500 tỷ đồng còn một nửa',	'https://dantri.com.vn/xa-hoi/mua-lon-o-ha-noi-nhieu-xe-sang-bay-bien-so-ngap-sau-trong-nuoc-20220613232004762.htm',	'https://cdn.searchenginejournal.com/wp-content/uploads/2019/08/c573bf41-6a7c-4927-845c-4ca0260aad6b-1520x800.jpeg',	NULL,	NULL,	'CARD',	0,	0,	100000,	3,	'2022-06-15 06:56:03',	'2022-06-15 06:56:03'),
(382,	'Thanh tra đường \"nhồi\" cao ốc Lê Văn Lương - Tố Hữu, lộ đầy rẫy vi phạm',	'https://dantri.com.vn/xa-hoi/vu-sung-sot-phat-hien-minh-da-chet-con-nhieu-ban-tuong-tu-20220612211104630.htm',	'https://i.pinimg.com/originals/62/ae/fb/62aefb044922a5a847546e30b9036913.jpg',	NULL,	NULL,	'GAME_MOBILE',	NULL,	0,	0,	3,	'2022-06-15 06:56:03',	'2022-06-15 06:56:03'),
(383,	'Dự án nào tại đường Lê Văn Lương \"ăn bớt\" chỗ cây xanh, biến 5 lên 30 tầng?',	NULL,	NULL,	'https://www.youtube.com/embed/8g9fmiNVYNI',	NULL,	'VIDEO',	NULL,	0,	0,	4,	'2022-06-15 06:56:03',	'2022-06-15 06:56:03'),
(384,	'Vạch loạt \"góc khuất\" trong đấu giá đất, dìm giá từ 500 tỷ đồng còn một nửa',	'https://dantri.com.vn/xa-hoi/ve-chiu-tang-me-viet-nam-anh-hung-111-tuoi-chau-noi-tu-nan-o-ninh-binh-20220614152406799.htm',	'https://helpx.adobe.com/content/dam/help/en/stock/how-to/visual-reverse-image-search/jcr_content/main-pars/image/visual-reverse-image-search-v2_intro.jpg',	NULL,	NULL,	'CARD',	80,	0,	100000,	1,	'2022-06-15 06:56:03',	'2022-06-15 06:56:03'),
(385,	'Người mua đất khu đô thị Thanh Hà Cienco 5 bị \"treo\" xây dựng',	'https://dantri.com.vn/xa-hoi/them-nhieu-thieu-nien-bi-dua-sang-campuchia-khi-di-tim-viec-nhe-luong-cao-20220615082701049.htm',	'https://cdn.searchenginejournal.com/wp-content/uploads/2019/08/c573bf41-6a7c-4927-845c-4ca0260aad6b-1520x800.jpeg',	NULL,	'(Dân trí) - Theo cáo buộc, \"bà trùm\" Nguyễn Thị Nguyệt cùng chồng liên hệ nhân viên 3 ngân hàng lớn để thực hiện chuyển tiền dưới hình thức thanh toán quốc tế.',	'DEFAULT',	NULL,	0,	0,	1,	'2022-06-15 06:56:03',	'2022-06-15 06:56:03'),
(386,	'Sau nhiều ồn ào đấu giá đất, Hà Nội có quy định mới tiền đặt cọc',	'https://dantri.com.vn/xa-hoi/mua-lon-o-ha-noi-nhieu-xe-sang-bay-bien-so-ngap-sau-trong-nuoc-20220613232004762.htm',	'https://encrypted-tbn0.gstatic.com/images?q=tbn:ANd9GcQ9quVJ8hZqsPWgDRlIhFNwhpH3fS5xE75fe6uotxvTB3s9o4LsYCufH6uNcUaNOsPdn-8&usqp=CAU',	NULL,	NULL,	'GAME_MOBILE',	NULL,	0,	0,	1,	'2022-06-15 06:56:03',	'2022-06-15 06:56:03'),
(387,	'Vụ xăng Malaysia 13.000 đồng/lít: Thủ tướng yêu cầu theo dõi kỹ để xử lý',	NULL,	NULL,	'https://www.youtube.com/embed/8g9fmiNVYNI',	NULL,	'VIDEO',	NULL,	0,	0,	4,	'2022-06-15 06:56:03',	'2022-06-15 06:56:03'),
(388,	'Người mua đất khu đô thị Thanh Hà Cienco 5 bị \"treo\" xây dựng',	'https://dantri.com.vn/xa-hoi/ve-chiu-tang-me-viet-nam-anh-hung-111-tuoi-chau-noi-tu-nan-o-ninh-binh-20220614152406799.htm',	'https://static.remove.bg/remove-bg-web/eb1bb48845c5007c3ec8d72ce7972fc8b76733b1/assets/start-1abfb4fe2980eabfbbaaa4365a0692539f7cd2725f324f904565a9a744f8e214.jpg',	NULL,	NULL,	'CARD',	0,	0,	100000,	4,	'2022-06-15 06:56:03',	'2022-06-15 06:56:03'),
(389,	'Dự án nào tại đường Lê Văn Lương \"ăn bớt\" chỗ cây xanh, biến 5 lên 30 tầng?',	'https://dantri.com.vn/phap-luat/tam-giu-dien-vien-hai-huu-tin-dieu-tra-tang-tru-to-chuc-su-dung-ma-tuy-20220614192059913.htm',	'https://encrypted-tbn0.gstatic.com/images?q=tbn:ANd9GcTa6CFxEdks8wGHKZfuVBi8CRioiObB-e9pWivva33j5OwkDB7CEC94NjFDCNwXjtwge64&usqp=CAU',	NULL,	NULL,	'GAME_MOBILE',	NULL,	0,	0,	1,	'2022-06-15 06:56:03',	'2022-06-15 06:56:03'),
(390,	'Người mua đất khu đô thị Thanh Hà Cienco 5 bị \"treo\" xây dựng',	NULL,	NULL,	'https://www.youtube.com/embed/apeFjGZ1jzA',	NULL,	'VIDEO',	NULL,	0,	0,	4,	'2022-06-15 06:56:03',	'2022-06-15 06:56:03'),
(391,	'Thanh tra đường \"nhồi\" cao ốc Lê Văn Lương - Tố Hữu, lộ đầy rẫy vi phạm',	'https://dantri.com.vn/bat-dong-san/vach-loat-he-luy-tu-cuoc-dau-gia-dat-khung-tai-thu-thiem-20220531210238087.htm',	'https://cdn.searchenginejournal.com/wp-content/uploads/2019/08/c573bf41-6a7c-4927-845c-4ca0260aad6b-1520x800.jpeg',	NULL,	'Vua hài của làng giải trí châu Á\" Châu Tinh Trì sở hữu khối tài ước tính gần 7 nghìn tỷ đồng nhưng không kết hôn, không có con. Người thân của ông chỉ có mẹ cùng em gái và chị gái.',	'DEFAULT',	NULL,	0,	0,	2,	'2022-06-15 06:56:03',	'2022-06-15 06:56:03'),
(392,	'Vạch loạt \"góc khuất\" trong đấu giá đất, dìm giá từ 500 tỷ đồng còn một nửa',	'https://dantri.com.vn/xa-hoi/them-nhieu-thieu-nien-bi-dua-sang-campuchia-khi-di-tim-viec-nhe-luong-cao-20220615082701049.htm',	'https://cdn.searchenginejournal.com/wp-content/uploads/2019/08/c573bf41-6a7c-4927-845c-4ca0260aad6b-1520x800.jpeg',	NULL,	NULL,	'CARD',	20,	0,	100000,	4,	'2022-06-15 06:56:03',	'2022-06-15 06:56:03'),
(393,	'Siết bất động sản có phải là \"bóp nghẹt\", gây khó?',	'https://dantri.com.vn/phap-luat/tam-giu-dien-vien-hai-huu-tin-dieu-tra-tang-tru-to-chuc-su-dung-ma-tuy-20220614192059913.htm',	'https://encrypted-tbn0.gstatic.com/images?q=tbn:ANd9GcTa6CFxEdks8wGHKZfuVBi8CRioiObB-e9pWivva33j5OwkDB7CEC94NjFDCNwXjtwge64&usqp=CAU',	NULL,	NULL,	'GAME_MOBILE',	NULL,	0,	0,	4,	'2022-06-15 06:56:03',	'2022-06-15 06:56:03'),
(394,	'Thanh tra đường \"nhồi\" cao ốc Lê Văn Lương - Tố Hữu, lộ đầy rẫy vi phạm',	NULL,	NULL,	'https://www.youtube.com/embed/dCdxj-3IrWM',	NULL,	'VIDEO',	NULL,	0,	0,	2,	'2022-06-15 06:56:03',	'2022-06-15 06:56:03'),
(395,	'\"Chất\" riêng của Bình Châu - Hồ Tràm trong xu hướng wellness travel',	'https://dantri.com.vn/xa-hoi/mua-lon-o-ha-noi-nhieu-xe-sang-bay-bien-so-ngap-sau-trong-nuoc-20220613232004762.htm',	'https://www.zenithtechs.com/wp-content/uploads/2021/06/remove-background-from-image-with-remove-bg-tutorials.jpg',	NULL,	NULL,	'CARD',	0,	0,	100000,	3,	'2022-06-15 06:56:03',	'2022-06-15 06:56:03'),
(396,	'Giá xăng \"phát sốt\", Bộ Tài chính lại đưa ra thêm đề xuất mới',	'https://dantri.com.vn/bat-dong-san/siet-bat-dong-san-co-phai-la-bop-nghet-gay-kho-20220531230948689.htm',	'https://encrypted-tbn0.gstatic.com/images?q=tbn:ANd9GcRAd_Di-ZXvs7369z-X9C9o_tDblUPi3eVkk7wWUe8IXcPcRVxz9Fo8aKpwIhZTuEfxkv0&usqp=CAU',	NULL,	'(Dân trí) - Theo cáo buộc, \"bà trùm\" Nguyễn Thị Nguyệt cùng chồng liên hệ nhân viên 3 ngân hàng lớn để thực hiện chuyển tiền dưới hình thức thanh toán quốc tế.',	'DEFAULT',	NULL,	0,	0,	1,	'2022-06-15 06:56:03',	'2022-06-15 06:56:03'),
(397,	'Vạch loạt \"góc khuất\" trong đấu giá đất, dìm giá từ 500 tỷ đồng còn một nửa',	'https://dantri.com.vn/phap-luat/truy-sat-o-quan-oc-song-nua-doi-nguoi-toi-chua-thay-canh-kinh-hoang-vay-20220611184236270.htm',	'https://encrypted-tbn0.gstatic.com/images?q=tbn:ANd9GcTa6CFxEdks8wGHKZfuVBi8CRioiObB-e9pWivva33j5OwkDB7CEC94NjFDCNwXjtwge64&usqp=CAU',	NULL,	NULL,	'GAME_MOBILE',	NULL,	0,	0,	2,	'2022-06-15 06:56:03',	'2022-06-15 06:56:03'),
(398,	'Gần 200 căn biệt thự, liền kề tiền tỷ được \"chốt đơn\" chỉ trong một ngày',	NULL,	NULL,	'https://www.youtube.com/embed/dCdxj-3IrWM',	NULL,	'VIDEO',	NULL,	0,	0,	4,	'2022-06-15 06:56:03',	'2022-06-15 06:56:03'),
(399,	'Thanh tra đường \"nhồi\" cao ốc Lê Văn Lương - Tố Hữu, lộ đầy rẫy vi phạm',	'https://dantri.com.vn/bat-dong-san/vach-loat-he-luy-tu-cuoc-dau-gia-dat-khung-tai-thu-thiem-20220531210238087.htm',	'https://encrypted-tbn0.gstatic.com/images?q=tbn:ANd9GcQ6wGBbcC_rZFSn3PEF6L34jkUjgR6oER7o2sFXzzRmB-Rx2fqaQxKjcZWbpU4vrveQM60&usqp=CAU',	NULL,	NULL,	'CARD',	10,	0,	30000,	2,	'2022-06-15 06:56:03',	'2022-06-15 06:56:03'),
(400,	'Vụ xăng Malaysia 13.000 đồng/lít: Thủ tướng yêu cầu theo dõi kỹ để xử lý',	'https://dantri.com.vn/bat-dong-san/vach-loat-he-luy-tu-cuoc-dau-gia-dat-khung-tai-thu-thiem-20220531210238087.htm',	'https://i.pinimg.com/originals/62/ae/fb/62aefb044922a5a847546e30b9036913.jpg',	NULL,	NULL,	'GAME_MOBILE',	NULL,	0,	0,	3,	'2022-06-15 06:56:03',	'2022-06-15 06:56:03'),
(401,	'Vạch loạt \"góc khuất\" trong đấu giá đất, dìm giá từ 500 tỷ đồng còn một nửa',	NULL,	NULL,	'https://www.youtube.com/embed/8g9fmiNVYNI',	NULL,	'VIDEO',	NULL,	0,	0,	3,	'2022-06-15 06:56:03',	'2022-06-15 06:56:03'),
(402,	'Gần 200 căn biệt thự, liền kề tiền tỷ được \"chốt đơn\" chỉ trong một ngày',	'https://dantri.com.vn/phap-luat/truy-sat-o-quan-oc-song-nua-doi-nguoi-toi-chua-thay-canh-kinh-hoang-vay-20220611184236270.htm',	'https://cdn.searchenginejournal.com/wp-content/uploads/2019/08/c573bf41-6a7c-4927-845c-4ca0260aad6b-1520x800.jpeg',	NULL,	'(Dân trí) - Liên quan đến vụ Việt Á, đến nay, Cơ quan điều tra Bộ Công an, Bộ Quốc phòng và Công an các địa phương đã khởi tố 70 đối tượng, trong đó có hai cựu Bộ trưởng Bộ Y tế và Bộ Khoa học và Công nghệ.',	'DEFAULT',	NULL,	0,	0,	2,	'2022-06-15 06:56:03',	'2022-06-15 06:56:03'),
(403,	'Giá xăng \"phát sốt\", Bộ Tài chính lại đưa ra thêm đề xuất mới',	'https://dantri.com.vn/xa-hoi/vu-sung-sot-phat-hien-minh-da-chet-con-nhieu-ban-tuong-tu-20220612211104630.htm',	'https://png.pngtree.com/illustrations/20190327/ourmid/pngtree-cure-starry-sky-night-sky-star-png-image_38228.jpg',	NULL,	NULL,	'CARD',	30,	0,	100000,	2,	'2022-06-15 06:56:03',	'2022-06-15 06:56:03'),
(404,	'Thanh tra đường \"nhồi\" cao ốc Lê Văn Lương - Tố Hữu, lộ đầy rẫy vi phạm',	'https://dantri.com.vn/phap-luat/truy-sat-o-quan-oc-song-nua-doi-nguoi-toi-chua-thay-canh-kinh-hoang-vay-20220611184236270.htm',	'https://static.remove.bg/remove-bg-web/eb1bb48845c5007c3ec8d72ce7972fc8b76733b1/assets/start-1abfb4fe2980eabfbbaaa4365a0692539f7cd2725f324f904565a9a744f8e214.jpg',	NULL,	NULL,	'GAME_MOBILE',	NULL,	0,	0,	4,	'2022-06-15 06:56:03',	'2022-06-15 06:56:03'),
(405,	'Người mua đất khu đô thị Thanh Hà Cienco 5 bị \"treo\" xây dựng',	NULL,	NULL,	'https://www.youtube.com/embed/8g9fmiNVYNI',	NULL,	'VIDEO',	NULL,	0,	0,	2,	'2022-06-15 06:56:03',	'2022-06-15 06:56:03'),
(406,	'Vạch loạt \"góc khuất\" trong đấu giá đất, dìm giá từ 500 tỷ đồng còn một nửa',	'https://dantri.com.vn/bat-dong-san/vach-loat-he-luy-tu-cuoc-dau-gia-dat-khung-tai-thu-thiem-20220531210238087.htm',	'https://i.pinimg.com/originals/62/ae/fb/62aefb044922a5a847546e30b9036913.jpg',	NULL,	NULL,	'CARD',	60,	0,	100000,	4,	'2022-06-15 06:56:03',	'2022-06-15 06:56:03'),
(407,	'Siết bất động sản có phải là \"bóp nghẹt\", gây khó?',	'https://askubuntu.com/questions/617850/changing-from-user-to-superuser',	'https://encrypted-tbn0.gstatic.com/images?q=tbn:ANd9GcRAd_Di-ZXvs7369z-X9C9o_tDblUPi3eVkk7wWUe8IXcPcRVxz9Fo8aKpwIhZTuEfxkv0&usqp=CAU',	NULL,	'(Dân trí) - Nhiều người xuất cảnh sang Campuchia bị tra tấn, đánh đập khi tìm cách trốn khỏi nơi làm việc. Những người muốn quay về Việt Nam thì bị bắt ký khống giấy nợ và yêu cầu bồi thường hàng ngàn USD',	'DEFAULT',	NULL,	0,	0,	2,	'2022-06-15 06:56:03',	'2022-06-15 06:56:03'),
(408,	'Người mua đất khu đô thị Thanh Hà Cienco 5 bị \"treo\" xây dựng',	'https://dantri.com.vn/phap-luat/tam-giu-dien-vien-hai-huu-tin-dieu-tra-tang-tru-to-chuc-su-dung-ma-tuy-20220614192059913.htm',	'https://encrypted-tbn0.gstatic.com/images?q=tbn:ANd9GcRAd_Di-ZXvs7369z-X9C9o_tDblUPi3eVkk7wWUe8IXcPcRVxz9Fo8aKpwIhZTuEfxkv0&usqp=CAU',	NULL,	NULL,	'GAME_MOBILE',	NULL,	0,	0,	1,	'2022-06-15 06:56:03',	'2022-06-15 06:56:03'),
(409,	'Giá xăng \"phát sốt\", Bộ Tài chính lại đưa ra thêm đề xuất mới',	NULL,	NULL,	'https://www.youtube.com/embed/8g9fmiNVYNI',	NULL,	'VIDEO',	NULL,	0,	0,	2,	'2022-06-15 06:56:03',	'2022-06-15 06:56:03'),
(410,	'Vạch loạt \"góc khuất\" trong đấu giá đất, dìm giá từ 500 tỷ đồng còn một nửa',	'https://dantri.com.vn/xa-hoi/mua-lon-o-ha-noi-nhieu-xe-sang-bay-bien-so-ngap-sau-trong-nuoc-20220613232004762.htm',	'https://png.pngtree.com/illustrations/20190327/ourmid/pngtree-cure-starry-sky-night-sky-star-png-image_38228.jpg',	NULL,	NULL,	'CARD',	80,	0,	20000,	1,	'2022-06-15 06:56:03',	'2022-06-15 06:56:03'),
(411,	'Vụ xăng Malaysia 13.000 đồng/lít: Thủ tướng yêu cầu theo dõi kỹ để xử lý',	'https://askubuntu.com/questions/617850/changing-from-user-to-superuser',	'https://encrypted-tbn0.gstatic.com/images?q=tbn:ANd9GcQ9quVJ8hZqsPWgDRlIhFNwhpH3fS5xE75fe6uotxvTB3s9o4LsYCufH6uNcUaNOsPdn-8&usqp=CAU',	NULL,	NULL,	'GAME_MOBILE',	NULL,	0,	0,	1,	'2022-06-15 06:56:03',	'2022-06-15 06:56:03'),
(412,	'\"Chất\" riêng của Bình Châu - Hồ Tràm trong xu hướng wellness travel',	NULL,	NULL,	'https://www.youtube.com/embed/dCdxj-3IrWM',	NULL,	'VIDEO',	NULL,	0,	0,	2,	'2022-06-15 06:56:03',	'2022-06-15 06:56:03'),
(413,	'\"Chất\" riêng của Bình Châu - Hồ Tràm trong xu hướng wellness travel',	'https://dantri.com.vn/bat-dong-san/siet-bat-dong-san-co-phai-la-bop-nghet-gay-kho-20220531230948689.htm',	'https://i.pinimg.com/originals/62/ae/fb/62aefb044922a5a847546e30b9036913.jpg',	NULL,	'(Dân trí) - Du lịch Việt hồi sinh trở lại kéo theo xu hướng wellness travel bùng nổ. Điều này đã tác động mạnh đến thị trường bất động sản biển, trong đó, những điểm đến có thế mạnh phục hồi và chăm sóc sức khỏe sẽ có nhiều điều kiện bứt phá.',	'DEFAULT',	NULL,	0,	0,	1,	'2022-06-15 06:56:03',	'2022-06-15 06:56:03'),
(414,	'Dự án nào tại đường Lê Văn Lương \"ăn bớt\" chỗ cây xanh, biến 5 lên 30 tầng?',	'https://dantri.com.vn/xa-hoi/them-nhieu-thieu-nien-bi-dua-sang-campuchia-khi-di-tim-viec-nhe-luong-cao-20220615082701049.htm',	'https://i.pinimg.com/originals/62/ae/fb/62aefb044922a5a847546e30b9036913.jpg',	NULL,	NULL,	'GAME_MOBILE',	NULL,	0,	0,	4,	'2022-06-15 06:56:03',	'2022-06-15 06:56:03'),
(415,	'Sau nhiều ồn ào đấu giá đất, Hà Nội có quy định mới tiền đặt cọc',	'https://dantri.com.vn/phap-luat/tam-giu-dien-vien-hai-huu-tin-dieu-tra-tang-tru-to-chuc-su-dung-ma-tuy-20220614192059913.htm',	'https://www.zenithtechs.com/wp-content/uploads/2021/06/remove-background-from-image-with-remove-bg-tutorials.jpg',	NULL,	NULL,	'CARD',	10,	0,	100000,	4,	'2022-06-15 06:56:03',	'2022-06-15 06:56:03'),
(416,	'Giá vàng SJC tiếp tục \"bốc hơi\"',	NULL,	NULL,	'https://www.youtube.com/embed/8g9fmiNVYNI',	NULL,	'VIDEO',	NULL,	0,	0,	3,	'2022-06-15 06:56:03',	'2022-06-15 06:56:03'),
(417,	'\"Chất\" riêng của Bình Châu - Hồ Tràm trong xu hướng wellness travel',	'https://askubuntu.com/questions/617850/changing-from-user-to-superuser',	'https://encrypted-tbn0.gstatic.com/images?q=tbn:ANd9GcQ9quVJ8hZqsPWgDRlIhFNwhpH3fS5xE75fe6uotxvTB3s9o4LsYCufH6uNcUaNOsPdn-8&usqp=CAU',	NULL,	'(Dân trí) - UBND TP Hà Nội khẳng định, đến nay chủ đầu tư Khu đô thị Thanh Hà Cienco 5 (Hà Nội) chưa hoàn thiện thủ tục pháp lý... nên chưa đủ điều kiện để tiếp tục triển khai xây dựng công trình.',	'DEFAULT',	NULL,	0,	0,	1,	'2022-06-15 06:56:03',	'2022-06-15 06:56:03'),
(418,	'Vạch loạt \"góc khuất\" trong đấu giá đất, dìm giá từ 500 tỷ đồng còn một nửa',	'https://dantri.com.vn/phap-luat/tam-giu-dien-vien-hai-huu-tin-dieu-tra-tang-tru-to-chuc-su-dung-ma-tuy-20220614192059913.htm',	'https://encrypted-tbn0.gstatic.com/images?q=tbn:ANd9GcQ6wGBbcC_rZFSn3PEF6L34jkUjgR6oER7o2sFXzzRmB-Rx2fqaQxKjcZWbpU4vrveQM60&usqp=CAU',	NULL,	NULL,	'GAME_MOBILE',	NULL,	0,	0,	2,	'2022-06-15 06:56:03',	'2022-06-15 06:56:03'),
(419,	'Giá xăng \"phát sốt\", Bộ Tài chính lại đưa ra thêm đề xuất mới',	'https://dantri.com.vn/xa-hoi/them-nhieu-thieu-nien-bi-dua-sang-campuchia-khi-di-tim-viec-nhe-luong-cao-20220615082701049.htm',	'https://i.pinimg.com/originals/62/ae/fb/62aefb044922a5a847546e30b9036913.jpg',	NULL,	NULL,	'CARD',	80,	0,	50000,	3,	'2022-06-15 06:56:03',	'2022-06-15 06:56:03'),
(420,	'Sau nhiều ồn ào đấu giá đất, Hà Nội có quy định mới tiền đặt cọc',	NULL,	NULL,	'https://www.youtube.com/embed/8g9fmiNVYNI',	NULL,	'VIDEO',	NULL,	0,	0,	1,	'2022-06-15 06:56:03',	'2022-06-15 06:56:03'),
(421,	'Người mua đất khu đô thị Thanh Hà Cienco 5 bị \"treo\" xây dựng',	'https://dantri.com.vn/xa-hoi/them-nhieu-thieu-nien-bi-dua-sang-campuchia-khi-di-tim-viec-nhe-luong-cao-20220615082701049.htm',	'https://png.pngtree.com/illustrations/20190327/ourmid/pngtree-cure-starry-sky-night-sky-star-png-image_38228.jpg',	NULL,	NULL,	'GAME_MOBILE',	NULL,	0,	0,	3,	'2022-06-15 06:56:03',	'2022-06-15 06:56:03'),
(422,	'Người mua đất khu đô thị Thanh Hà Cienco 5 bị \"treo\" xây dựng',	'https://dantri.com.vn/phap-luat/tam-giu-dien-vien-hai-huu-tin-dieu-tra-tang-tru-to-chuc-su-dung-ma-tuy-20220614192059913.htm',	'https://i.pinimg.com/originals/62/ae/fb/62aefb044922a5a847546e30b9036913.jpg',	NULL,	NULL,	'CARD',	30,	0,	50000,	3,	'2022-06-15 06:56:03',	'2022-06-15 06:56:03'),
(423,	'Dự án nào tại đường Lê Văn Lương \"ăn bớt\" chỗ cây xanh, biến 5 lên 30 tầng?',	NULL,	NULL,	'https://www.youtube.com/embed/dCdxj-3IrWM',	NULL,	'VIDEO',	NULL,	0,	0,	3,	'2022-06-15 06:56:03',	'2022-06-15 06:56:03'),
(424,	'Dự án nào tại đường Lê Văn Lương \"ăn bớt\" chỗ cây xanh, biến 5 lên 30 tầng?',	'https://dantri.com.vn/xa-hoi/them-nhieu-thieu-nien-bi-dua-sang-campuchia-khi-di-tim-viec-nhe-luong-cao-20220615082701049.htm',	'https://cdn.searchenginejournal.com/wp-content/uploads/2019/08/c573bf41-6a7c-4927-845c-4ca0260aad6b-1520x800.jpeg',	NULL,	'(Dân trí) - Do tuổi già, sức yếu, Mẹ Việt Nam anh hùng Nguyễn Thị Tân trút hơi thở cuối cùng vào tối 13/6, hưởng thọ 111 tuổi. Mẹ nhắm mắt xuôi tay vẫn đau đáu việc tìm hài cốt một người con trai liệt sĩ.',	'DEFAULT',	NULL,	0,	0,	1,	'2022-06-15 06:56:03',	'2022-06-15 06:56:03'),
(425,	'Dự án nào tại đường Lê Văn Lương \"ăn bớt\" chỗ cây xanh, biến 5 lên 30 tầng?',	'https://www.figma.com/file/0f0q91Q6btTLbfHnmAwaBg/Tin-t%E1%BB%A9c-game-Vi%E1%BB%87t?node-id=0%3A1',	'https://encrypted-tbn0.gstatic.com/images?q=tbn:ANd9GcRAd_Di-ZXvs7369z-X9C9o_tDblUPi3eVkk7wWUe8IXcPcRVxz9Fo8aKpwIhZTuEfxkv0&usqp=CAU',	NULL,	NULL,	'CARD',	60,	0,	30000,	3,	'2022-06-15 06:56:03',	'2022-06-15 06:56:03'),
(426,	'Giá xăng \"phát sốt\", Bộ Tài chính lại đưa ra thêm đề xuất mới',	'https://dantri.com.vn/phap-luat/truy-sat-o-quan-oc-song-nua-doi-nguoi-toi-chua-thay-canh-kinh-hoang-vay-20220611184236270.htm',	'https://helpx.adobe.com/content/dam/help/en/stock/how-to/visual-reverse-image-search/jcr_content/main-pars/image/visual-reverse-image-search-v2_intro.jpg',	NULL,	NULL,	'GAME_MOBILE',	NULL,	0,	0,	2,	'2022-06-15 06:56:03',	'2022-06-15 06:56:03'),
(427,	'Dự án nào tại đường Lê Văn Lương \"ăn bớt\" chỗ cây xanh, biến 5 lên 30 tầng?',	NULL,	NULL,	'https://www.youtube.com/embed/dCdxj-3IrWM',	NULL,	'VIDEO',	NULL,	0,	0,	4,	'2022-06-15 06:56:03',	'2022-06-15 06:56:03'),
(428,	'Dự án nào tại đường Lê Văn Lương \"ăn bớt\" chỗ cây xanh, biến 5 lên 30 tầng?',	'https://dantri.com.vn/bat-dong-san/du-an-duong-vanh-dai-4-ha-noi-co-gi-dac-biet-20220520160243792.htm',	'https://encrypted-tbn0.gstatic.com/images?q=tbn:ANd9GcQ6wGBbcC_rZFSn3PEF6L34jkUjgR6oER7o2sFXzzRmB-Rx2fqaQxKjcZWbpU4vrveQM60&usqp=CAU',	NULL,	'(Dân trí) - Phó Giáo sư - Tiến sĩ Bùi Hoài Sơn, Đại biểu Quốc hội khóa XV, Ủy viên Thường trực Ủy ban Văn hóa, Giáo dục của Quốc hội đã thẳng thắn trao đổi với phóng viên Dân trí về vấn đề này.',	'DEFAULT',	NULL,	0,	0,	2,	'2022-06-15 06:56:03',	'2022-06-15 06:56:03'),
(429,	'Gần 200 căn biệt thự, liền kề tiền tỷ được \"chốt đơn\" chỉ trong một ngày',	'https://dantri.com.vn/bat-dong-san/siet-bat-dong-san-co-phai-la-bop-nghet-gay-kho-20220531230948689.htm',	'https://png.pngtree.com/illustrations/20190327/ourmid/pngtree-cure-starry-sky-night-sky-star-png-image_38228.jpg',	NULL,	NULL,	'GAME_MOBILE',	NULL,	0,	0,	3,	'2022-06-15 06:56:03',	'2022-06-15 06:56:03'),
(430,	'Giá xăng \"phát sốt\", Bộ Tài chính lại đưa ra thêm đề xuất mới',	'https://dantri.com.vn/xa-hoi/vu-sung-sot-phat-hien-minh-da-chet-con-nhieu-ban-tuong-tu-20220612211104630.htm',	'https://encrypted-tbn0.gstatic.com/images?q=tbn:ANd9GcRAd_Di-ZXvs7369z-X9C9o_tDblUPi3eVkk7wWUe8IXcPcRVxz9Fo8aKpwIhZTuEfxkv0&usqp=CAU',	NULL,	NULL,	'CARD',	30,	0,	100000,	1,	'2022-06-15 06:56:03',	'2022-06-15 06:56:03'),
(431,	'Thanh tra đường \"nhồi\" cao ốc Lê Văn Lương - Tố Hữu, lộ đầy rẫy vi phạm',	NULL,	NULL,	'https://www.youtube.com/embed/8g9fmiNVYNI',	NULL,	'VIDEO',	NULL,	0,	0,	1,	'2022-06-15 06:56:03',	'2022-06-15 06:56:03'),
(432,	'Giá vàng SJC tiếp tục \"bốc hơi\"',	'https://dantri.com.vn/xa-hoi/mua-lon-o-ha-noi-nhieu-xe-sang-bay-bien-so-ngap-sau-trong-nuoc-20220613232004762.htm',	'https://encrypted-tbn0.gstatic.com/images?q=tbn:ANd9GcRAd_Di-ZXvs7369z-X9C9o_tDblUPi3eVkk7wWUe8IXcPcRVxz9Fo8aKpwIhZTuEfxkv0&usqp=CAU',	NULL,	NULL,	'GAME_MOBILE',	NULL,	0,	0,	4,	'2022-06-15 06:56:03',	'2022-06-15 06:56:03'),
(433,	'Dự án nào tại đường Lê Văn Lương \"ăn bớt\" chỗ cây xanh, biến 5 lên 30 tầng?',	'https://dantri.com.vn/xa-hoi/vu-sung-sot-phat-hien-minh-da-chet-con-nhieu-ban-tuong-tu-20220612211104630.htm',	'https://encrypted-tbn0.gstatic.com/images?q=tbn:ANd9GcQ6wGBbcC_rZFSn3PEF6L34jkUjgR6oER7o2sFXzzRmB-Rx2fqaQxKjcZWbpU4vrveQM60&usqp=CAU',	NULL,	NULL,	'CARD',	80,	0,	50000,	4,	'2022-06-15 06:56:03',	'2022-06-15 06:56:03'),
(434,	'Người mua đất khu đô thị Thanh Hà Cienco 5 bị \"treo\" xây dựng',	'https://dantri.com.vn/bat-dong-san/du-an-duong-vanh-dai-4-ha-noi-co-gi-dac-biet-20220520160243792.htm',	'https://www.zenithtechs.com/wp-content/uploads/2021/06/remove-background-from-image-with-remove-bg-tutorials.jpg',	NULL,	'(Dân trí) - Có mức thu nhập từ vài trăm đến cả tỷ đồng mỗi năm nhưng một số hộ dân tại xã Krông Jing (huyện M\'Đrắk, Đắk Lắk) bất ngờ khi biết gia đình mình có tên trong danh sách hộ nghèo từ nhiều năm trước.',	'DEFAULT',	NULL,	0,	0,	1,	'2022-06-15 06:56:03',	'2022-06-15 06:56:03'),
(435,	'Người mua đất khu đô thị Thanh Hà Cienco 5 bị \"treo\" xây dựng',	NULL,	NULL,	'https://www.youtube.com/embed/dCdxj-3IrWM',	NULL,	'VIDEO',	NULL,	0,	0,	3,	'2022-06-15 06:56:03',	'2022-06-15 06:56:03'),
(436,	'Người mua đất khu đô thị Thanh Hà Cienco 5 bị \"treo\" xây dựng',	'https://dantri.com.vn/bat-dong-san/du-an-duong-vanh-dai-4-ha-noi-co-gi-dac-biet-20220520160243792.htm',	'https://static.remove.bg/remove-bg-web/eb1bb48845c5007c3ec8d72ce7972fc8b76733b1/assets/start-1abfb4fe2980eabfbbaaa4365a0692539f7cd2725f324f904565a9a744f8e214.jpg',	NULL,	NULL,	'GAME_MOBILE',	NULL,	0,	0,	4,	'2022-06-15 06:56:03',	'2022-06-15 06:56:03'),
(437,	'Giá xăng \"phát sốt\", Bộ Tài chính lại đưa ra thêm đề xuất mới',	'https://dantri.com.vn/bat-dong-san/vach-loat-he-luy-tu-cuoc-dau-gia-dat-khung-tai-thu-thiem-20220531210238087.htm',	'https://cdn.searchenginejournal.com/wp-content/uploads/2019/08/c573bf41-6a7c-4927-845c-4ca0260aad6b-1520x800.jpeg',	NULL,	NULL,	'CARD',	60,	0,	20000,	4,	'2022-06-15 06:56:03',	'2022-06-15 06:56:03'),
(438,	'Giá vàng SJC tiếp tục \"bốc hơi\"',	NULL,	NULL,	'https://www.youtube.com/embed/8g9fmiNVYNI',	NULL,	'VIDEO',	NULL,	0,	0,	4,	'2022-06-15 06:56:03',	'2022-06-15 06:56:03'),
(439,	'Dự án nào tại đường Lê Văn Lương \"ăn bớt\" chỗ cây xanh, biến 5 lên 30 tầng?',	'https://www.figma.com/file/0f0q91Q6btTLbfHnmAwaBg/Tin-t%E1%BB%A9c-game-Vi%E1%BB%87t?node-id=0%3A1',	'https://www.zenithtechs.com/wp-content/uploads/2021/06/remove-background-from-image-with-remove-bg-tutorials.jpg',	NULL,	NULL,	'GAME_MOBILE',	NULL,	0,	0,	4,	'2022-06-15 06:56:03',	'2022-06-15 06:56:03'),
(440,	'Thanh tra đường \"nhồi\" cao ốc Lê Văn Lương - Tố Hữu, lộ đầy rẫy vi phạm',	'https://askubuntu.com/questions/617850/changing-from-user-to-superuser',	'https://encrypted-tbn0.gstatic.com/images?q=tbn:ANd9GcQ6wGBbcC_rZFSn3PEF6L34jkUjgR6oER7o2sFXzzRmB-Rx2fqaQxKjcZWbpU4vrveQM60&usqp=CAU',	NULL,	'(Dân trí) - Du lịch Việt hồi sinh trở lại kéo theo xu hướng wellness travel bùng nổ. Điều này đã tác động mạnh đến thị trường bất động sản biển, trong đó, những điểm đến có thế mạnh phục hồi và chăm sóc sức khỏe sẽ có nhiều điều kiện bứt phá.',	'DEFAULT',	NULL,	0,	0,	4,	'2022-06-15 06:56:03',	'2022-06-15 06:56:03'),
(441,	'Người mua đất khu đô thị Thanh Hà Cienco 5 bị \"treo\" xây dựng',	'https://dantri.com.vn/xa-hoi/mua-lon-o-ha-noi-nhieu-xe-sang-bay-bien-so-ngap-sau-trong-nuoc-20220613232004762.htm',	'https://encrypted-tbn0.gstatic.com/images?q=tbn:ANd9GcQ9quVJ8hZqsPWgDRlIhFNwhpH3fS5xE75fe6uotxvTB3s9o4LsYCufH6uNcUaNOsPdn-8&usqp=CAU',	NULL,	NULL,	'CARD',	30,	0,	100000,	2,	'2022-06-15 06:56:03',	'2022-06-15 06:56:03'),
(442,	'Dự án nào tại đường Lê Văn Lương \"ăn bớt\" chỗ cây xanh, biến 5 lên 30 tầng?',	NULL,	NULL,	'https://www.youtube.com/embed/dCdxj-3IrWM',	NULL,	'VIDEO',	NULL,	0,	0,	2,	'2022-06-15 06:56:03',	'2022-06-15 06:56:03'),
(443,	'Gần 200 căn biệt thự, liền kề tiền tỷ được \"chốt đơn\" chỉ trong một ngày',	'https://askubuntu.com/questions/617850/changing-from-user-to-superuser',	'https://static.remove.bg/remove-bg-web/eb1bb48845c5007c3ec8d72ce7972fc8b76733b1/assets/start-1abfb4fe2980eabfbbaaa4365a0692539f7cd2725f324f904565a9a744f8e214.jpg',	NULL,	NULL,	'GAME_MOBILE',	NULL,	0,	0,	2,	'2022-06-15 06:56:03',	'2022-06-15 06:56:03'),
(444,	'Vụ xăng Malaysia 13.000 đồng/lít: Thủ tướng yêu cầu theo dõi kỹ để xử lý',	'https://dantri.com.vn/xa-hoi/ve-chiu-tang-me-viet-nam-anh-hung-111-tuoi-chau-noi-tu-nan-o-ninh-binh-20220614152406799.htm',	'https://cdn.searchenginejournal.com/wp-content/uploads/2019/08/c573bf41-6a7c-4927-845c-4ca0260aad6b-1520x800.jpeg',	NULL,	NULL,	'CARD',	40,	0,	20000,	2,	'2022-06-15 06:56:03',	'2022-06-15 06:56:03'),
(445,	'Giá vàng SJC tiếp tục \"bốc hơi\"',	'https://dantri.com.vn/phap-luat/tam-giu-dien-vien-hai-huu-tin-dieu-tra-tang-tru-to-chuc-su-dung-ma-tuy-20220614192059913.htm',	'https://cdn.searchenginejournal.com/wp-content/uploads/2019/08/c573bf41-6a7c-4927-845c-4ca0260aad6b-1520x800.jpeg',	NULL,	'(Dân trí) - UBND TP Hà Nội khẳng định, đến nay chủ đầu tư Khu đô thị Thanh Hà Cienco 5 (Hà Nội) chưa hoàn thiện thủ tục pháp lý... nên chưa đủ điều kiện để tiếp tục triển khai xây dựng công trình.',	'DEFAULT',	NULL,	0,	0,	3,	'2022-06-15 06:56:03',	'2022-06-15 06:56:03'),
(446,	'Vụ xăng Malaysia 13.000 đồng/lít: Thủ tướng yêu cầu theo dõi kỹ để xử lý',	NULL,	NULL,	'https://www.youtube.com/embed/8g9fmiNVYNI',	NULL,	'VIDEO',	NULL,	0,	0,	4,	'2022-06-15 06:56:03',	'2022-06-15 06:56:03'),
(447,	'Vạch loạt \"góc khuất\" trong đấu giá đất, dìm giá từ 500 tỷ đồng còn một nửa',	'https://dantri.com.vn/xa-hoi/them-nhieu-thieu-nien-bi-dua-sang-campuchia-khi-di-tim-viec-nhe-luong-cao-20220615082701049.htm',	'https://encrypted-tbn0.gstatic.com/images?q=tbn:ANd9GcQ9quVJ8hZqsPWgDRlIhFNwhpH3fS5xE75fe6uotxvTB3s9o4LsYCufH6uNcUaNOsPdn-8&usqp=CAU',	NULL,	NULL,	'GAME_MOBILE',	NULL,	0,	0,	4,	'2022-06-15 06:56:03',	'2022-06-15 06:56:03'),
(448,	'\"Chất\" riêng của Bình Châu - Hồ Tràm trong xu hướng wellness travel',	'https://dantri.com.vn/xa-hoi/vu-sung-sot-phat-hien-minh-da-chet-con-nhieu-ban-tuong-tu-20220612211104630.htm',	'https://helpx.adobe.com/content/dam/help/en/stock/how-to/visual-reverse-image-search/jcr_content/main-pars/image/visual-reverse-image-search-v2_intro.jpg',	NULL,	NULL,	'CARD',	50,	0,	20000,	3,	'2022-06-15 06:56:03',	'2022-06-15 06:56:03'),
(449,	'\"Chất\" riêng của Bình Châu - Hồ Tràm trong xu hướng wellness travel',	NULL,	NULL,	'https://www.youtube.com/embed/dCdxj-3IrWM',	NULL,	'VIDEO',	NULL,	0,	0,	3,	'2022-06-15 06:56:03',	'2022-06-15 06:56:03'),
(450,	'Sau nhiều ồn ào đấu giá đất, Hà Nội có quy định mới tiền đặt cọc',	'https://dantri.com.vn/bat-dong-san/du-an-duong-vanh-dai-4-ha-noi-co-gi-dac-biet-20220520160243792.htm',	'https://encrypted-tbn0.gstatic.com/images?q=tbn:ANd9GcRAd_Di-ZXvs7369z-X9C9o_tDblUPi3eVkk7wWUe8IXcPcRVxz9Fo8aKpwIhZTuEfxkv0&usqp=CAU',	NULL,	NULL,	'GAME_MOBILE',	NULL,	0,	0,	2,	'2022-06-15 06:56:03',	'2022-06-15 06:56:03'),
(451,	'Người mua đất khu đô thị Thanh Hà Cienco 5 bị \"treo\" xây dựng',	'https://dantri.com.vn/bat-dong-san/du-an-duong-vanh-dai-4-ha-noi-co-gi-dac-biet-20220520160243792.htm',	'https://encrypted-tbn0.gstatic.com/images?q=tbn:ANd9GcRAd_Di-ZXvs7369z-X9C9o_tDblUPi3eVkk7wWUe8IXcPcRVxz9Fo8aKpwIhZTuEfxkv0&usqp=CAU',	NULL,	'(Dân trí) - Du lịch Việt hồi sinh trở lại kéo theo xu hướng wellness travel bùng nổ. Điều này đã tác động mạnh đến thị trường bất động sản biển, trong đó, những điểm đến có thế mạnh phục hồi và chăm sóc sức khỏe sẽ có nhiều điều kiện bứt phá.',	'DEFAULT',	NULL,	0,	0,	2,	'2022-06-15 06:56:03',	'2022-06-15 06:56:03'),
(452,	'Dự án nào tại đường Lê Văn Lương \"ăn bớt\" chỗ cây xanh, biến 5 lên 30 tầng?',	'https://dantri.com.vn/xa-hoi/vu-sung-sot-phat-hien-minh-da-chet-con-nhieu-ban-tuong-tu-20220612211104630.htm',	'https://cdn.searchenginejournal.com/wp-content/uploads/2019/08/c573bf41-6a7c-4927-845c-4ca0260aad6b-1520x800.jpeg',	NULL,	NULL,	'CARD',	80,	0,	100000,	3,	'2022-06-15 06:56:03',	'2022-06-15 06:56:03'),
(453,	'Thanh tra đường \"nhồi\" cao ốc Lê Văn Lương - Tố Hữu, lộ đầy rẫy vi phạm',	NULL,	NULL,	'https://www.youtube.com/embed/apeFjGZ1jzA',	NULL,	'VIDEO',	NULL,	0,	0,	3,	'2022-06-15 06:56:03',	'2022-06-15 06:56:03'),
(454,	'Gần 200 căn biệt thự, liền kề tiền tỷ được \"chốt đơn\" chỉ trong một ngày',	'https://dantri.com.vn/xa-hoi/vu-sung-sot-phat-hien-minh-da-chet-con-nhieu-ban-tuong-tu-20220612211104630.htm',	'https://png.pngtree.com/illustrations/20190327/ourmid/pngtree-cure-starry-sky-night-sky-star-png-image_38228.jpg',	NULL,	NULL,	'GAME_MOBILE',	NULL,	0,	0,	1,	'2022-06-15 06:56:03',	'2022-06-15 06:56:03'),
(455,	'Thanh tra đường \"nhồi\" cao ốc Lê Văn Lương - Tố Hữu, lộ đầy rẫy vi phạm',	'https://dantri.com.vn/xa-hoi/vu-sung-sot-phat-hien-minh-da-chet-con-nhieu-ban-tuong-tu-20220612211104630.htm',	'https://encrypted-tbn0.gstatic.com/images?q=tbn:ANd9GcQ6wGBbcC_rZFSn3PEF6L34jkUjgR6oER7o2sFXzzRmB-Rx2fqaQxKjcZWbpU4vrveQM60&usqp=CAU',	NULL,	NULL,	'CARD',	20,	0,	30000,	3,	'2022-06-15 06:56:03',	'2022-06-15 06:56:03'),
(456,	'Siết bất động sản có phải là \"bóp nghẹt\", gây khó?',	NULL,	NULL,	'https://www.youtube.com/embed/8g9fmiNVYNI',	NULL,	'VIDEO',	NULL,	0,	0,	1,	'2022-06-15 06:56:03',	'2022-06-15 06:56:03'),
(457,	'Dự án nào tại đường Lê Văn Lương \"ăn bớt\" chỗ cây xanh, biến 5 lên 30 tầng?',	'https://dantri.com.vn/phap-luat/truy-sat-o-quan-oc-song-nua-doi-nguoi-toi-chua-thay-canh-kinh-hoang-vay-20220611184236270.htm',	'https://i.pinimg.com/originals/62/ae/fb/62aefb044922a5a847546e30b9036913.jpg',	NULL,	'(Dân trí) - Nhiều người xuất cảnh sang Campuchia bị tra tấn, đánh đập khi tìm cách trốn khỏi nơi làm việc. Những người muốn quay về Việt Nam thì bị bắt ký khống giấy nợ và yêu cầu bồi thường hàng ngàn USD',	'DEFAULT',	NULL,	0,	0,	1,	'2022-06-15 06:56:03',	'2022-06-15 06:56:03'),
(458,	'Người mua đất khu đô thị Thanh Hà Cienco 5 bị \"treo\" xây dựng',	'https://dantri.com.vn/phap-luat/truy-sat-o-quan-oc-song-nua-doi-nguoi-toi-chua-thay-canh-kinh-hoang-vay-20220611184236270.htm',	'https://encrypted-tbn0.gstatic.com/images?q=tbn:ANd9GcQ9quVJ8hZqsPWgDRlIhFNwhpH3fS5xE75fe6uotxvTB3s9o4LsYCufH6uNcUaNOsPdn-8&usqp=CAU',	NULL,	NULL,	'GAME_MOBILE',	NULL,	0,	0,	2,	'2022-06-15 06:56:03',	'2022-06-15 06:56:03'),
(459,	'Dự án nào tại đường Lê Văn Lương \"ăn bớt\" chỗ cây xanh, biến 5 lên 30 tầng?',	'https://dantri.com.vn/xa-hoi/them-nhieu-thieu-nien-bi-dua-sang-campuchia-khi-di-tim-viec-nhe-luong-cao-20220615082701049.htm',	'https://encrypted-tbn0.gstatic.com/images?q=tbn:ANd9GcQ6wGBbcC_rZFSn3PEF6L34jkUjgR6oER7o2sFXzzRmB-Rx2fqaQxKjcZWbpU4vrveQM60&usqp=CAU',	NULL,	NULL,	'CARD',	30,	0,	30000,	2,	'2022-06-15 06:56:03',	'2022-06-15 06:56:03'),
(460,	'Vụ xăng Malaysia 13.000 đồng/lít: Thủ tướng yêu cầu theo dõi kỹ để xử lý',	NULL,	NULL,	'https://www.youtube.com/embed/8g9fmiNVYNI',	NULL,	'VIDEO',	NULL,	0,	0,	4,	'2022-06-15 06:56:03',	'2022-06-15 06:56:03'),
(461,	'Gần 200 căn biệt thự, liền kề tiền tỷ được \"chốt đơn\" chỉ trong một ngày',	'https://dantri.com.vn/xa-hoi/ve-chiu-tang-me-viet-nam-anh-hung-111-tuoi-chau-noi-tu-nan-o-ninh-binh-20220614152406799.htm',	'https://cdn.searchenginejournal.com/wp-content/uploads/2019/08/c573bf41-6a7c-4927-845c-4ca0260aad6b-1520x800.jpeg',	NULL,	NULL,	'GAME_MOBILE',	NULL,	0,	0,	4,	'2022-06-15 06:56:03',	'2022-06-15 06:56:03'),
(462,	'Gần 200 căn biệt thự, liền kề tiền tỷ được \"chốt đơn\" chỉ trong một ngày',	'https://dantri.com.vn/xa-hoi/them-nhieu-thieu-nien-bi-dua-sang-campuchia-khi-di-tim-viec-nhe-luong-cao-20220615082701049.htm',	'https://encrypted-tbn0.gstatic.com/images?q=tbn:ANd9GcTa6CFxEdks8wGHKZfuVBi8CRioiObB-e9pWivva33j5OwkDB7CEC94NjFDCNwXjtwge64&usqp=CAU',	NULL,	'(Dân trí) - \"Sống hơn nửa đời người rồi mà tôi chưa bao giờ thấy cảnh kinh hoàng như vậy. Ai ai cũng cầm mã tấu, dao, tiếng bom xăng cứ nổ khiến tôi ám ảnh\", bà H. (nhân chứng vụ truy sát ở quán ốc) hãi hùng kể.',	'DEFAULT',	NULL,	0,	0,	3,	'2022-06-15 06:56:03',	'2022-06-15 06:56:03'),
(463,	'Sau nhiều ồn ào đấu giá đất, Hà Nội có quy định mới tiền đặt cọc',	NULL,	NULL,	'https://www.youtube.com/embed/8g9fmiNVYNI',	NULL,	'VIDEO',	NULL,	0,	0,	3,	'2022-06-15 06:56:03',	'2022-06-15 06:56:03'),
(464,	'\"Chất\" riêng của Bình Châu - Hồ Tràm trong xu hướng wellness travel',	'https://dantri.com.vn/xa-hoi/vu-sung-sot-phat-hien-minh-da-chet-con-nhieu-ban-tuong-tu-20220612211104630.htm',	'https://encrypted-tbn0.gstatic.com/images?q=tbn:ANd9GcRAd_Di-ZXvs7369z-X9C9o_tDblUPi3eVkk7wWUe8IXcPcRVxz9Fo8aKpwIhZTuEfxkv0&usqp=CAU',	NULL,	NULL,	'CARD',	80,	0,	30000,	4,	'2022-06-15 06:56:03',	'2022-06-15 06:56:03'),
(465,	'Giá xăng \"phát sốt\", Bộ Tài chính lại đưa ra thêm đề xuất mới',	'https://dantri.com.vn/bat-dong-san/du-an-duong-vanh-dai-4-ha-noi-co-gi-dac-biet-20220520160243792.htm',	'https://png.pngtree.com/illustrations/20190327/ourmid/pngtree-cure-starry-sky-night-sky-star-png-image_38228.jpg',	NULL,	NULL,	'GAME_MOBILE',	NULL,	0,	0,	2,	'2022-06-15 06:56:03',	'2022-06-15 06:56:03'),
(466,	'Thanh tra đường \"nhồi\" cao ốc Lê Văn Lương - Tố Hữu, lộ đầy rẫy vi phạm',	'https://dantri.com.vn/xa-hoi/mua-lon-o-ha-noi-nhieu-xe-sang-bay-bien-so-ngap-sau-trong-nuoc-20220613232004762.htm',	'https://cdn.searchenginejournal.com/wp-content/uploads/2019/08/c573bf41-6a7c-4927-845c-4ca0260aad6b-1520x800.jpeg',	NULL,	NULL,	'CARD',	80,	0,	20000,	4,	'2022-06-15 06:56:03',	'2022-06-15 06:56:03'),
(467,	'Vụ xăng Malaysia 13.000 đồng/lít: Thủ tướng yêu cầu theo dõi kỹ để xử lý',	NULL,	NULL,	'https://www.youtube.com/embed/8g9fmiNVYNI',	NULL,	'VIDEO',	NULL,	0,	0,	3,	'2022-06-15 06:56:03',	'2022-06-15 06:56:03'),
(468,	'\"Chất\" riêng của Bình Châu - Hồ Tràm trong xu hướng wellness travel',	'https://dantri.com.vn/xa-hoi/ve-chiu-tang-me-viet-nam-anh-hung-111-tuoi-chau-noi-tu-nan-o-ninh-binh-20220614152406799.htm',	'https://www.zenithtechs.com/wp-content/uploads/2021/06/remove-background-from-image-with-remove-bg-tutorials.jpg',	NULL,	'(Dân trí) - Mỹ đang khuyến khích các công ty tăng cường mua phân bón của Nga trong bối cảnh giá lương thực trên toàn cầu gia tăng và xuất hiện tình trạng thiếu hụt.',	'DEFAULT',	NULL,	0,	0,	3,	'2022-06-15 06:56:03',	'2022-06-15 06:56:03'),
(469,	'Giá vàng SJC tiếp tục \"bốc hơi\"',	'https://dantri.com.vn/xa-hoi/ve-chiu-tang-me-viet-nam-anh-hung-111-tuoi-chau-noi-tu-nan-o-ninh-binh-20220614152406799.htm',	'https://helpx.adobe.com/content/dam/help/en/stock/how-to/visual-reverse-image-search/jcr_content/main-pars/image/visual-reverse-image-search-v2_intro.jpg',	NULL,	NULL,	'GAME_MOBILE',	NULL,	0,	0,	3,	'2022-06-15 06:56:03',	'2022-06-15 06:56:03'),
(470,	'Siết bất động sản có phải là \"bóp nghẹt\", gây khó?',	'https://dantri.com.vn/phap-luat/tam-giu-dien-vien-hai-huu-tin-dieu-tra-tang-tru-to-chuc-su-dung-ma-tuy-20220614192059913.htm',	'https://encrypted-tbn0.gstatic.com/images?q=tbn:ANd9GcQ9quVJ8hZqsPWgDRlIhFNwhpH3fS5xE75fe6uotxvTB3s9o4LsYCufH6uNcUaNOsPdn-8&usqp=CAU',	NULL,	NULL,	'CARD',	50,	0,	100000,	4,	'2022-06-15 06:56:03',	'2022-06-15 06:56:03'),
(471,	'Siết bất động sản có phải là \"bóp nghẹt\", gây khó?',	NULL,	NULL,	'https://www.youtube.com/embed/G64FJCq1SnI',	NULL,	'VIDEO',	NULL,	0,	0,	3,	'2022-06-15 06:56:03',	'2022-06-15 06:56:03'),
(472,	'\"Chất\" riêng của Bình Châu - Hồ Tràm trong xu hướng wellness travel',	'https://dantri.com.vn/phap-luat/truy-sat-o-quan-oc-song-nua-doi-nguoi-toi-chua-thay-canh-kinh-hoang-vay-20220611184236270.htm',	'https://encrypted-tbn0.gstatic.com/images?q=tbn:ANd9GcQ6wGBbcC_rZFSn3PEF6L34jkUjgR6oER7o2sFXzzRmB-Rx2fqaQxKjcZWbpU4vrveQM60&usqp=CAU',	NULL,	NULL,	'GAME_MOBILE',	NULL,	0,	0,	2,	'2022-06-15 06:56:03',	'2022-06-15 06:56:03'),
(473,	'Vụ xăng Malaysia 13.000 đồng/lít: Thủ tướng yêu cầu theo dõi kỹ để xử lý',	'https://dantri.com.vn/bat-dong-san/vach-loat-he-luy-tu-cuoc-dau-gia-dat-khung-tai-thu-thiem-20220531210238087.htm',	'https://encrypted-tbn0.gstatic.com/images?q=tbn:ANd9GcRAd_Di-ZXvs7369z-X9C9o_tDblUPi3eVkk7wWUe8IXcPcRVxz9Fo8aKpwIhZTuEfxkv0&usqp=CAU',	NULL,	NULL,	'CARD',	30,	0,	100000,	4,	'2022-06-15 06:56:03',	'2022-06-15 06:56:03'),
(474,	'\"Chất\" riêng của Bình Châu - Hồ Tràm trong xu hướng wellness travel',	'https://dantri.com.vn/xa-hoi/ve-chiu-tang-me-viet-nam-anh-hung-111-tuoi-chau-noi-tu-nan-o-ninh-binh-20220614152406799.htm',	'https://encrypted-tbn0.gstatic.com/images?q=tbn:ANd9GcQ6wGBbcC_rZFSn3PEF6L34jkUjgR6oER7o2sFXzzRmB-Rx2fqaQxKjcZWbpU4vrveQM60&usqp=CAU',	NULL,	'(Dân trí) - Vàng SJC có một phiên giao dịch sóng gió khi \"bốc hơi\" 700.000 đồng/lượng trong ngày 13/6, đến 14/6 thì tiếp tục giảm.',	'DEFAULT',	NULL,	0,	0,	2,	'2022-06-15 06:56:03',	'2022-06-15 06:56:03'),
(475,	'Sau nhiều ồn ào đấu giá đất, Hà Nội có quy định mới tiền đặt cọc',	NULL,	NULL,	'https://www.youtube.com/embed/dCdxj-3IrWM',	NULL,	'VIDEO',	NULL,	0,	0,	4,	'2022-06-15 06:56:03',	'2022-06-15 06:56:03'),
(476,	'Giá vàng SJC tiếp tục \"bốc hơi\"',	'https://dantri.com.vn/bat-dong-san/du-an-duong-vanh-dai-4-ha-noi-co-gi-dac-biet-20220520160243792.htm',	'https://encrypted-tbn0.gstatic.com/images?q=tbn:ANd9GcQ6wGBbcC_rZFSn3PEF6L34jkUjgR6oER7o2sFXzzRmB-Rx2fqaQxKjcZWbpU4vrveQM60&usqp=CAU',	NULL,	NULL,	'GAME_MOBILE',	NULL,	0,	0,	4,	'2022-06-15 06:56:03',	'2022-06-15 06:56:03'),
(477,	'Gần 200 căn biệt thự, liền kề tiền tỷ được \"chốt đơn\" chỉ trong một ngày',	NULL,	NULL,	'https://www.youtube.com/embed/G64FJCq1SnI',	NULL,	'VIDEO',	NULL,	0,	0,	4,	'2022-06-15 06:56:03',	'2022-06-15 06:56:03'),
(478,	'Siết bất động sản có phải là \"bóp nghẹt\", gây khó?',	'https://dantri.com.vn/bat-dong-san/siet-bat-dong-san-co-phai-la-bop-nghet-gay-kho-20220531230948689.htm',	'https://cdn.searchenginejournal.com/wp-content/uploads/2019/08/c573bf41-6a7c-4927-845c-4ca0260aad6b-1520x800.jpeg',	NULL,	NULL,	'CARD',	30,	0,	50000,	4,	'2022-06-15 06:56:03',	'2022-06-15 06:56:03'),
(479,	'Dự án nào tại đường Lê Văn Lương \"ăn bớt\" chỗ cây xanh, biến 5 lên 30 tầng?',	'https://dantri.com.vn/xa-hoi/vu-sung-sot-phat-hien-minh-da-chet-con-nhieu-ban-tuong-tu-20220612211104630.htm',	'https://www.zenithtechs.com/wp-content/uploads/2021/06/remove-background-from-image-with-remove-bg-tutorials.jpg',	NULL,	'(Dân trí) - Theo cáo buộc, \"bà trùm\" Nguyễn Thị Nguyệt cùng chồng liên hệ nhân viên 3 ngân hàng lớn để thực hiện chuyển tiền dưới hình thức thanh toán quốc tế.',	'DEFAULT',	NULL,	0,	0,	4,	'2022-06-15 06:56:03',	'2022-06-15 06:56:03'),
(480,	'Vụ xăng Malaysia 13.000 đồng/lít: Thủ tướng yêu cầu theo dõi kỹ để xử lý',	'https://dantri.com.vn/phap-luat/truy-sat-o-quan-oc-song-nua-doi-nguoi-toi-chua-thay-canh-kinh-hoang-vay-20220611184236270.htm',	'https://encrypted-tbn0.gstatic.com/images?q=tbn:ANd9GcTa6CFxEdks8wGHKZfuVBi8CRioiObB-e9pWivva33j5OwkDB7CEC94NjFDCNwXjtwge64&usqp=CAU',	NULL,	NULL,	'GAME_MOBILE',	NULL,	0,	0,	3,	'2022-06-15 06:56:03',	'2022-06-15 06:56:03'),
(481,	'Giá vàng SJC tiếp tục \"bốc hơi\"',	NULL,	NULL,	'https://www.youtube.com/embed/8g9fmiNVYNI',	NULL,	'VIDEO',	NULL,	0,	0,	1,	'2022-06-15 06:56:03',	'2022-06-15 06:56:03'),
(482,	'Gần 200 căn biệt thự, liền kề tiền tỷ được \"chốt đơn\" chỉ trong một ngày',	'https://dantri.com.vn/xa-hoi/vu-sung-sot-phat-hien-minh-da-chet-con-nhieu-ban-tuong-tu-20220612211104630.htm',	'https://i.pinimg.com/originals/62/ae/fb/62aefb044922a5a847546e30b9036913.jpg',	NULL,	NULL,	'CARD',	60,	0,	50000,	2,	'2022-06-15 06:56:03',	'2022-06-15 06:56:03'),
(483,	'Người mua đất khu đô thị Thanh Hà Cienco 5 bị \"treo\" xây dựng',	'https://dantri.com.vn/phap-luat/truy-sat-o-quan-oc-song-nua-doi-nguoi-toi-chua-thay-canh-kinh-hoang-vay-20220611184236270.htm',	'https://png.pngtree.com/illustrations/20190327/ourmid/pngtree-cure-starry-sky-night-sky-star-png-image_38228.jpg',	NULL,	NULL,	'GAME_MOBILE',	NULL,	0,	0,	2,	'2022-06-15 06:56:03',	'2022-06-15 06:56:03'),
(484,	'Sau nhiều ồn ào đấu giá đất, Hà Nội có quy định mới tiền đặt cọc',	NULL,	NULL,	'https://www.youtube.com/embed/apeFjGZ1jzA',	NULL,	'VIDEO',	NULL,	0,	0,	4,	'2022-06-15 06:56:03',	'2022-06-15 06:56:03'),
(485,	'Vạch loạt \"góc khuất\" trong đấu giá đất, dìm giá từ 500 tỷ đồng còn một nửa',	'https://dantri.com.vn/xa-hoi/them-nhieu-thieu-nien-bi-dua-sang-campuchia-khi-di-tim-viec-nhe-luong-cao-20220615082701049.htm',	'https://cdn.searchenginejournal.com/wp-content/uploads/2019/08/c573bf41-6a7c-4927-845c-4ca0260aad6b-1520x800.jpeg',	NULL,	NULL,	'CARD',	20,	0,	100000,	1,	'2022-06-15 06:56:03',	'2022-06-15 06:56:03'),
(486,	'Dự án nào tại đường Lê Văn Lương \"ăn bớt\" chỗ cây xanh, biến 5 lên 30 tầng?',	'https://askubuntu.com/questions/617850/changing-from-user-to-superuser',	'https://static.remove.bg/remove-bg-web/eb1bb48845c5007c3ec8d72ce7972fc8b76733b1/assets/start-1abfb4fe2980eabfbbaaa4365a0692539f7cd2725f324f904565a9a744f8e214.jpg',	NULL,	'(Dân trí) - Theo cáo buộc, \"bà trùm\" Nguyễn Thị Nguyệt cùng chồng liên hệ nhân viên 3 ngân hàng lớn để thực hiện chuyển tiền dưới hình thức thanh toán quốc tế.',	'DEFAULT',	NULL,	0,	0,	3,	'2022-06-15 06:56:03',	'2022-06-15 06:56:03'),
(487,	'Giá vàng SJC tiếp tục \"bốc hơi\"',	'https://dantri.com.vn/bat-dong-san/siet-bat-dong-san-co-phai-la-bop-nghet-gay-kho-20220531230948689.htm',	'https://www.zenithtechs.com/wp-content/uploads/2021/06/remove-background-from-image-with-remove-bg-tutorials.jpg',	NULL,	NULL,	'GAME_MOBILE',	NULL,	0,	0,	3,	'2022-06-15 06:56:03',	'2022-06-15 06:56:03'),
(488,	'Giá vàng SJC tiếp tục \"bốc hơi\"',	'https://dantri.com.vn/bat-dong-san/du-an-duong-vanh-dai-4-ha-noi-co-gi-dac-biet-20220520160243792.htm',	'https://png.pngtree.com/illustrations/20190327/ourmid/pngtree-cure-starry-sky-night-sky-star-png-image_38228.jpg',	NULL,	NULL,	'CARD',	50,	0,	20000,	4,	'2022-06-15 06:56:03',	'2022-06-15 06:56:03'),
(489,	'Giá xăng \"phát sốt\", Bộ Tài chính lại đưa ra thêm đề xuất mới',	'https://askubuntu.com/questions/617850/changing-from-user-to-superuser',	'https://i.pinimg.com/originals/62/ae/fb/62aefb044922a5a847546e30b9036913.jpg',	NULL,	'(Dân trí) - \"Sống hơn nửa đời người rồi mà tôi chưa bao giờ thấy cảnh kinh hoàng như vậy. Ai ai cũng cầm mã tấu, dao, tiếng bom xăng cứ nổ khiến tôi ám ảnh\", bà H. (nhân chứng vụ truy sát ở quán ốc) hãi hùng kể.',	'DEFAULT',	NULL,	0,	0,	4,	'2022-06-15 06:56:03',	'2022-06-15 06:56:03'),
(490,	'Giá xăng \"phát sốt\", Bộ Tài chính lại đưa ra thêm đề xuất mới',	'https://dantri.com.vn/phap-luat/tam-giu-dien-vien-hai-huu-tin-dieu-tra-tang-tru-to-chuc-su-dung-ma-tuy-20220614192059913.htm',	'https://i.pinimg.com/originals/62/ae/fb/62aefb044922a5a847546e30b9036913.jpg',	NULL,	'(Dân trí) - Vàng SJC có một phiên giao dịch sóng gió khi \"bốc hơi\" 700.000 đồng/lượng trong ngày 13/6, đến 14/6 thì tiếp tục giảm.',	'DEFAULT',	NULL,	0,	0,	4,	'2022-06-15 06:56:03',	'2022-06-15 06:56:03'),
(491,	'Vụ xăng Malaysia 13.000 đồng/lít: Thủ tướng yêu cầu theo dõi kỹ để xử lý',	'https://dantri.com.vn/xa-hoi/vu-sung-sot-phat-hien-minh-da-chet-con-nhieu-ban-tuong-tu-20220612211104630.htm',	'https://encrypted-tbn0.gstatic.com/images?q=tbn:ANd9GcQ6wGBbcC_rZFSn3PEF6L34jkUjgR6oER7o2sFXzzRmB-Rx2fqaQxKjcZWbpU4vrveQM60&usqp=CAU',	NULL,	'(Dân trí) - \"Sống hơn nửa đời người rồi mà tôi chưa bao giờ thấy cảnh kinh hoàng như vậy. Ai ai cũng cầm mã tấu, dao, tiếng bom xăng cứ nổ khiến tôi ám ảnh\", bà H. (nhân chứng vụ truy sát ở quán ốc) hãi hùng kể.',	'DEFAULT',	NULL,	0,	0,	3,	'2022-06-15 06:56:03',	'2022-06-15 06:56:03'),
(492,	'Vạch loạt \"góc khuất\" trong đấu giá đất, dìm giá từ 500 tỷ đồng còn một nửa',	'https://dantri.com.vn/bat-dong-san/du-an-duong-vanh-dai-4-ha-noi-co-gi-dac-biet-20220520160243792.htm',	'https://helpx.adobe.com/content/dam/help/en/stock/how-to/visual-reverse-image-search/jcr_content/main-pars/image/visual-reverse-image-search-v2_intro.jpg',	NULL,	'(Dân trí) - Trong vòng một tháng, Công ty cổ phần Tập đoàn Gelex đã tổ chức 4 đợt mua lại trái phiếu với tổng giá trị 1.500 tỷ đồng.',	'DEFAULT',	NULL,	0,	0,	1,	'2022-06-15 06:56:03',	'2022-06-15 06:56:03'),
(493,	'Người mua đất khu đô thị Thanh Hà Cienco 5 bị \"treo\" xây dựng',	'https://dantri.com.vn/phap-luat/truy-sat-o-quan-oc-song-nua-doi-nguoi-toi-chua-thay-canh-kinh-hoang-vay-20220611184236270.htm',	'https://encrypted-tbn0.gstatic.com/images?q=tbn:ANd9GcTa6CFxEdks8wGHKZfuVBi8CRioiObB-e9pWivva33j5OwkDB7CEC94NjFDCNwXjtwge64&usqp=CAU',	NULL,	'(Dân trí) - Theo cáo buộc, \"bà trùm\" Nguyễn Thị Nguyệt cùng chồng liên hệ nhân viên 3 ngân hàng lớn để thực hiện chuyển tiền dưới hình thức thanh toán quốc tế.',	'DEFAULT',	NULL,	0,	0,	3,	'2022-06-15 06:56:03',	'2022-06-15 06:56:03'),
(494,	'Dự án nào tại đường Lê Văn Lương \"ăn bớt\" chỗ cây xanh, biến 5 lên 30 tầng?',	'https://askubuntu.com/questions/617850/changing-from-user-to-superuser',	'https://i.pinimg.com/originals/62/ae/fb/62aefb044922a5a847546e30b9036913.jpg',	NULL,	'Vua hài của làng giải trí châu Á\" Châu Tinh Trì sở hữu khối tài ước tính gần 7 nghìn tỷ đồng nhưng không kết hôn, không có con. Người thân của ông chỉ có mẹ cùng em gái và chị gái.',	'DEFAULT',	NULL,	0,	0,	3,	'2022-06-15 06:56:03',	'2022-06-15 06:56:03'),
(495,	'Sau nhiều ồn ào đấu giá đất, Hà Nội có quy định mới tiền đặt cọc',	'https://www.figma.com/file/0f0q91Q6btTLbfHnmAwaBg/Tin-t%E1%BB%A9c-game-Vi%E1%BB%87t?node-id=0%3A1',	'https://static.remove.bg/remove-bg-web/eb1bb48845c5007c3ec8d72ce7972fc8b76733b1/assets/start-1abfb4fe2980eabfbbaaa4365a0692539f7cd2725f324f904565a9a744f8e214.jpg',	NULL,	'(Dân trí) - Nhiều người xuất cảnh sang Campuchia bị tra tấn, đánh đập khi tìm cách trốn khỏi nơi làm việc. Những người muốn quay về Việt Nam thì bị bắt ký khống giấy nợ và yêu cầu bồi thường hàng ngàn USD',	'DEFAULT',	NULL,	0,	0,	1,	'2022-06-15 06:56:03',	'2022-06-15 06:56:03'),
(496,	'Thanh tra đường \"nhồi\" cao ốc Lê Văn Lương - Tố Hữu, lộ đầy rẫy vi phạm',	'https://dantri.com.vn/bat-dong-san/siet-bat-dong-san-co-phai-la-bop-nghet-gay-kho-20220531230948689.htm',	'https://png.pngtree.com/illustrations/20190327/ourmid/pngtree-cure-starry-sky-night-sky-star-png-image_38228.jpg',	NULL,	'(Dân trí) - Theo cáo buộc, \"bà trùm\" Nguyễn Thị Nguyệt cùng chồng liên hệ nhân viên 3 ngân hàng lớn để thực hiện chuyển tiền dưới hình thức thanh toán quốc tế.',	'DEFAULT',	NULL,	0,	0,	2,	'2022-06-15 06:56:04',	'2022-06-15 06:56:04'),
(497,	'Vạch loạt \"góc khuất\" trong đấu giá đất, dìm giá từ 500 tỷ đồng còn một nửa',	'https://dantri.com.vn/bat-dong-san/vach-loat-he-luy-tu-cuoc-dau-gia-dat-khung-tai-thu-thiem-20220531210238087.htm',	'https://static.remove.bg/remove-bg-web/eb1bb48845c5007c3ec8d72ce7972fc8b76733b1/assets/start-1abfb4fe2980eabfbbaaa4365a0692539f7cd2725f324f904565a9a744f8e214.jpg',	NULL,	'(Dân trí) - Lần đầu \"chạm ngõ\" màn ảnh với vai nam chính trong phim \"Lối nhỏ vào đời\", Long Hoàng chia sẻ với PV Dân trí rằng, đó sự may mắn và tiết lộ hoàn cảnh của mình cũng khác xa trên phim.',	'DEFAULT',	NULL,	0,	0,	4,	'2022-06-15 06:56:04',	'2022-06-15 06:56:04'),
(498,	'Người mua đất khu đô thị Thanh Hà Cienco 5 bị \"treo\" xây dựng',	'https://dantri.com.vn/bat-dong-san/vach-loat-he-luy-tu-cuoc-dau-gia-dat-khung-tai-thu-thiem-20220531210238087.htm',	'https://encrypted-tbn0.gstatic.com/images?q=tbn:ANd9GcQ6wGBbcC_rZFSn3PEF6L34jkUjgR6oER7o2sFXzzRmB-Rx2fqaQxKjcZWbpU4vrveQM60&usqp=CAU',	NULL,	'(Dân trí) - Trong vòng một tháng, Công ty cổ phần Tập đoàn Gelex đã tổ chức 4 đợt mua lại trái phiếu với tổng giá trị 1.500 tỷ đồng.',	'DEFAULT',	NULL,	0,	0,	2,	'2022-06-15 06:56:04',	'2022-06-15 06:56:04'),
(499,	'Sau nhiều ồn ào đấu giá đất, Hà Nội có quy định mới tiền đặt cọc',	'https://dantri.com.vn/phap-luat/truy-sat-o-quan-oc-song-nua-doi-nguoi-toi-chua-thay-canh-kinh-hoang-vay-20220611184236270.htm',	'https://www.zenithtechs.com/wp-content/uploads/2021/06/remove-background-from-image-with-remove-bg-tutorials.jpg',	NULL,	'Vua hài của làng giải trí châu Á\" Châu Tinh Trì sở hữu khối tài ước tính gần 7 nghìn tỷ đồng nhưng không kết hôn, không có con. Người thân của ông chỉ có mẹ cùng em gái và chị gái.',	'DEFAULT',	NULL,	0,	0,	4,	'2022-06-15 06:56:04',	'2022-06-15 06:56:04'),
(500,	'Thanh tra đường \"nhồi\" cao ốc Lê Văn Lương - Tố Hữu, lộ đầy rẫy vi phạm',	'https://dantri.com.vn/phap-luat/truy-sat-o-quan-oc-song-nua-doi-nguoi-toi-chua-thay-canh-kinh-hoang-vay-20220611184236270.htm',	'https://encrypted-tbn0.gstatic.com/images?q=tbn:ANd9GcQ9quVJ8hZqsPWgDRlIhFNwhpH3fS5xE75fe6uotxvTB3s9o4LsYCufH6uNcUaNOsPdn-8&usqp=CAU',	NULL,	'Văn phòng Chính phủ vừa có văn bản gửi Bộ Công Thương truyền đạt ý kiến chỉ đạo của Thủ tướng Chính phủ Phạm Minh Chính về thông tin giá xăng dầu và khả năng cung cấp xăng dầu của Malaysia cho Việt Nam.',	'DEFAULT',	NULL,	0,	0,	2,	'2022-06-15 06:56:04',	'2022-06-15 06:56:04'),
(501,	'Nguyễn Hà Lan 1',	'Tunguyen@gmail.com',	'https://encrypted-tbn0.gstatic.com/images?q=tbn:ANd9GcRAd_Di-ZXvs7369z-X9C9o_tDblUPi3eVkk7wWUe8IXcPcRVxz9Fo8aKpwIhZTuEfxkv0&usqp=CAU',	NULL,	'0994.333.333',	'AGENCY',	NULL,	0,	0,	4,	'2022-06-15 08:04:12',	'2022-06-15 08:04:12'),
(502,	'Nguyễn Hà Lan 1',	'Tunguyen2@gmail.com',	'https://encrypted-tbn0.gstatic.com/images?q=tbn:ANd9GcTa6CFxEdks8wGHKZfuVBi8CRioiObB-e9pWivva33j5OwkDB7CEC94NjFDCNwXjtwge64&usqp=CAU',	NULL,	'0994.333.333',	'AGENCY',	NULL,	0,	0,	1,	'2022-06-15 08:04:12',	'2022-06-15 08:04:12'),
(503,	'Nguyễn Hà Lan 1',	'Tunguyen5@gmail.com',	'https://encrypted-tbn0.gstatic.com/images?q=tbn:ANd9GcRAd_Di-ZXvs7369z-X9C9o_tDblUPi3eVkk7wWUe8IXcPcRVxz9Fo8aKpwIhZTuEfxkv0&usqp=CAU',	NULL,	'0994.333.333',	'AGENCY',	NULL,	0,	0,	2,	'2022-06-15 08:04:12',	'2022-06-15 08:04:12'),
(504,	'Nguyễn Hà Lan 1',	'Tunguyen2@gmail.com',	'https://www.zenithtechs.com/wp-content/uploads/2021/06/remove-background-from-image-with-remove-bg-tutorials.jpg',	NULL,	'0994.333.333',	'AGENCY',	NULL,	0,	0,	2,	'2022-06-15 08:04:12',	'2022-06-15 08:04:12'),
(505,	'Nguyễn Hà Lan 1',	'Tunguyen2@gmail.com',	'https://i.pinimg.com/originals/62/ae/fb/62aefb044922a5a847546e30b9036913.jpg',	NULL,	'0994.333.333',	'AGENCY',	NULL,	0,	0,	4,	'2022-06-15 08:04:13',	'2022-06-15 08:04:13'),
(506,	'Nguyễn Hà Lan 1',	'Tunguyen4@gmail.com',	'https://i.pinimg.com/originals/62/ae/fb/62aefb044922a5a847546e30b9036913.jpg',	NULL,	'0994.333.333',	'AGENCY',	NULL,	0,	0,	1,	'2022-06-15 08:04:13',	'2022-06-15 08:04:13'),
(507,	'Nguyễn Hà Lan 1',	'Tunguyen@gmail.com',	'https://helpx.adobe.com/content/dam/help/en/stock/how-to/visual-reverse-image-search/jcr_content/main-pars/image/visual-reverse-image-search-v2_intro.jpg',	NULL,	'0994.333.333',	'AGENCY',	NULL,	0,	0,	4,	'2022-06-15 08:04:13',	'2022-06-15 08:04:13'),
(508,	'Nguyễn Hà Lan 1',	'Tunguyen4@gmail.com',	'https://encrypted-tbn0.gstatic.com/images?q=tbn:ANd9GcQ9quVJ8hZqsPWgDRlIhFNwhpH3fS5xE75fe6uotxvTB3s9o4LsYCufH6uNcUaNOsPdn-8&usqp=CAU',	NULL,	'0994.333.333',	'AGENCY',	NULL,	0,	0,	4,	'2022-06-15 08:04:13',	'2022-06-15 08:04:13'),
(509,	'Nguyễn Hà Lan 1',	'Tunguyen2@gmail.com',	'https://encrypted-tbn0.gstatic.com/images?q=tbn:ANd9GcQ9quVJ8hZqsPWgDRlIhFNwhpH3fS5xE75fe6uotxvTB3s9o4LsYCufH6uNcUaNOsPdn-8&usqp=CAU',	NULL,	'0994.333.333',	'AGENCY',	NULL,	0,	0,	2,	'2022-06-15 08:04:13',	'2022-06-15 08:04:13'),
(510,	'Nguyễn Hà Lan 1',	'Tunguyen5@gmail.com',	'https://www.zenithtechs.com/wp-content/uploads/2021/06/remove-background-from-image-with-remove-bg-tutorials.jpg',	NULL,	'0994.333.333',	'AGENCY',	NULL,	0,	0,	1,	'2022-06-15 08:04:13',	'2022-06-15 08:04:13'),
(511,	'Nguyễn Hà Lan 1',	'Tunguyen2@gmail.com',	'https://www.zenithtechs.com/wp-content/uploads/2021/06/remove-background-from-image-with-remove-bg-tutorials.jpg',	NULL,	'0994.333.333',	'AGENCY',	NULL,	0,	0,	1,	'2022-06-15 08:04:13',	'2022-06-15 08:04:13'),
(512,	'Nguyễn Hà Lan 1',	'Tunguyen@gmail.com',	'https://i.pinimg.com/originals/62/ae/fb/62aefb044922a5a847546e30b9036913.jpg',	NULL,	'0994.333.333',	'AGENCY',	NULL,	0,	0,	4,	'2022-06-15 08:04:13',	'2022-06-15 08:04:13'),
(513,	'Nguyễn Hà Lan 1',	'Tunguyen4@gmail.com',	'https://png.pngtree.com/illustrations/20190327/ourmid/pngtree-cure-starry-sky-night-sky-star-png-image_38228.jpg',	NULL,	'0994.333.333',	'AGENCY',	NULL,	0,	0,	1,	'2022-06-15 08:04:13',	'2022-06-15 08:04:13'),
(514,	'Nguyễn Hà Lan 1',	'Tunguyen2@gmail.com',	'https://i.pinimg.com/originals/62/ae/fb/62aefb044922a5a847546e30b9036913.jpg',	NULL,	'0994.333.333',	'AGENCY',	NULL,	0,	0,	4,	'2022-06-15 08:04:13',	'2022-06-15 08:04:13'),
(515,	'Nguyễn Hà Lan 1',	'Tunguyen2@gmail.com',	'https://i.pinimg.com/originals/62/ae/fb/62aefb044922a5a847546e30b9036913.jpg',	NULL,	'0994.333.333',	'AGENCY',	NULL,	0,	0,	3,	'2022-06-15 08:04:13',	'2022-06-15 08:04:13'),
(516,	'Nguyễn Hà Lan 1',	'Tunguyen@gmail.com',	'https://www.zenithtechs.com/wp-content/uploads/2021/06/remove-background-from-image-with-remove-bg-tutorials.jpg',	NULL,	'0994.333.333',	'AGENCY',	NULL,	0,	0,	4,	'2022-06-15 08:04:13',	'2022-06-15 08:04:13'),
(517,	'Nguyễn Hà Lan 1',	'Tunguyen4@gmail.com',	'https://helpx.adobe.com/content/dam/help/en/stock/how-to/visual-reverse-image-search/jcr_content/main-pars/image/visual-reverse-image-search-v2_intro.jpg',	NULL,	'0994.333.333',	'AGENCY',	NULL,	0,	0,	3,	'2022-06-15 08:04:13',	'2022-06-15 08:04:13'),
(518,	'Nguyễn Hà Lan 1',	'Tunguyen4@gmail.com',	'https://encrypted-tbn0.gstatic.com/images?q=tbn:ANd9GcTa6CFxEdks8wGHKZfuVBi8CRioiObB-e9pWivva33j5OwkDB7CEC94NjFDCNwXjtwge64&usqp=CAU',	NULL,	'0994.333.333',	'AGENCY',	NULL,	0,	0,	3,	'2022-06-15 08:04:13',	'2022-06-15 08:04:13'),
(519,	'Nguyễn Hà Lan 1',	'Tunguyen5@gmail.com',	'https://encrypted-tbn0.gstatic.com/images?q=tbn:ANd9GcQ6wGBbcC_rZFSn3PEF6L34jkUjgR6oER7o2sFXzzRmB-Rx2fqaQxKjcZWbpU4vrveQM60&usqp=CAU',	NULL,	'0994.333.333',	'AGENCY',	NULL,	0,	0,	4,	'2022-06-15 08:04:13',	'2022-06-15 08:04:13'),
(520,	'Nguyễn Hà Lan 1',	'Tunguyen@gmail.com',	'https://www.zenithtechs.com/wp-content/uploads/2021/06/remove-background-from-image-with-remove-bg-tutorials.jpg',	NULL,	'0994.333.333',	'AGENCY',	NULL,	0,	0,	3,	'2022-06-15 08:04:13',	'2022-06-15 08:04:13'),
(521,	'Nguyễn Hà Lan 1',	'Tunguyen5@gmail.com',	'https://png.pngtree.com/illustrations/20190327/ourmid/pngtree-cure-starry-sky-night-sky-star-png-image_38228.jpg',	NULL,	'0994.333.333',	'AGENCY',	NULL,	0,	0,	1,	'2022-06-15 08:04:13',	'2022-06-15 08:04:13'),
(522,	'Nguyễn Hà Lan 1',	'Tunguyen@gmail.com',	'https://static.remove.bg/remove-bg-web/eb1bb48845c5007c3ec8d72ce7972fc8b76733b1/assets/start-1abfb4fe2980eabfbbaaa4365a0692539f7cd2725f324f904565a9a744f8e214.jpg',	NULL,	'0994.333.333',	'AGENCY',	NULL,	0,	0,	2,	'2022-06-15 08:04:13',	'2022-06-15 08:04:13'),
(523,	'Nguyễn Hà Lan 1',	'Tunguyen5@gmail.com',	'https://png.pngtree.com/illustrations/20190327/ourmid/pngtree-cure-starry-sky-night-sky-star-png-image_38228.jpg',	NULL,	'0994.333.333',	'AGENCY',	NULL,	0,	0,	4,	'2022-06-15 08:04:13',	'2022-06-15 08:04:13'),
(524,	'Nguyễn Hà Lan 1',	'Tunguyen4@gmail.com',	'https://encrypted-tbn0.gstatic.com/images?q=tbn:ANd9GcRAd_Di-ZXvs7369z-X9C9o_tDblUPi3eVkk7wWUe8IXcPcRVxz9Fo8aKpwIhZTuEfxkv0&usqp=CAU',	NULL,	'0994.333.333',	'AGENCY',	NULL,	0,	0,	2,	'2022-06-15 08:04:13',	'2022-06-15 08:04:13'),
(525,	'Nguyễn Hà Lan 1',	'Tunguyen4@gmail.com',	'https://static.remove.bg/remove-bg-web/eb1bb48845c5007c3ec8d72ce7972fc8b76733b1/assets/start-1abfb4fe2980eabfbbaaa4365a0692539f7cd2725f324f904565a9a744f8e214.jpg',	NULL,	'0994.333.333',	'AGENCY',	NULL,	0,	0,	2,	'2022-06-15 08:04:13',	'2022-06-15 08:04:13'),
(526,	'Nguyễn Hà Lan 1',	'Tunguyen@gmail.com',	'https://i.pinimg.com/originals/62/ae/fb/62aefb044922a5a847546e30b9036913.jpg',	NULL,	'0994.333.333',	'AGENCY',	NULL,	0,	0,	1,	'2022-06-15 08:04:13',	'2022-06-15 08:04:13'),
(527,	'Nguyễn Hà Lan 1',	'Tunguyen5@gmail.com',	'https://encrypted-tbn0.gstatic.com/images?q=tbn:ANd9GcTa6CFxEdks8wGHKZfuVBi8CRioiObB-e9pWivva33j5OwkDB7CEC94NjFDCNwXjtwge64&usqp=CAU',	NULL,	'0994.333.333',	'AGENCY',	NULL,	0,	0,	2,	'2022-06-15 08:04:13',	'2022-06-15 08:04:13'),
(528,	'Nguyễn Hà Lan 1',	'Tunguyen5@gmail.com',	'https://encrypted-tbn0.gstatic.com/images?q=tbn:ANd9GcQ9quVJ8hZqsPWgDRlIhFNwhpH3fS5xE75fe6uotxvTB3s9o4LsYCufH6uNcUaNOsPdn-8&usqp=CAU',	NULL,	'0994.333.333',	'AGENCY',	NULL,	0,	0,	2,	'2022-06-15 08:04:13',	'2022-06-15 08:04:13'),
(529,	'Nguyễn Hà Lan 1',	'Tunguyen@gmail.com',	'https://png.pngtree.com/illustrations/20190327/ourmid/pngtree-cure-starry-sky-night-sky-star-png-image_38228.jpg',	NULL,	'0994.333.333',	'AGENCY',	NULL,	0,	0,	2,	'2022-06-15 08:04:13',	'2022-06-15 08:04:13'),
(530,	'Nguyễn Hà Lan 1',	'Tunguyen2@gmail.com',	'https://static.remove.bg/remove-bg-web/eb1bb48845c5007c3ec8d72ce7972fc8b76733b1/assets/start-1abfb4fe2980eabfbbaaa4365a0692539f7cd2725f324f904565a9a744f8e214.jpg',	NULL,	'0994.333.333',	'AGENCY',	NULL,	0,	0,	4,	'2022-06-15 08:04:13',	'2022-06-15 08:04:13'),
(531,	'Nguyễn Hà Lan 1',	'Tunguyen@gmail.com',	'https://helpx.adobe.com/content/dam/help/en/stock/how-to/visual-reverse-image-search/jcr_content/main-pars/image/visual-reverse-image-search-v2_intro.jpg',	NULL,	'0994.333.333',	'AGENCY',	NULL,	0,	0,	1,	'2022-06-15 08:04:13',	'2022-06-15 08:04:13'),
(532,	'Nguyễn Hà Lan 1',	'Tunguyen2@gmail.com',	'https://cdn.searchenginejournal.com/wp-content/uploads/2019/08/c573bf41-6a7c-4927-845c-4ca0260aad6b-1520x800.jpeg',	NULL,	'0994.333.333',	'AGENCY',	NULL,	0,	0,	4,	'2022-06-15 08:04:13',	'2022-06-15 08:04:13'),
(533,	'Nguyễn Hà Lan 1',	'Tunguyen@gmail.com',	'https://cdn.searchenginejournal.com/wp-content/uploads/2019/08/c573bf41-6a7c-4927-845c-4ca0260aad6b-1520x800.jpeg',	NULL,	'0994.333.333',	'AGENCY',	NULL,	0,	0,	4,	'2022-06-15 08:04:13',	'2022-06-15 08:04:13'),
(534,	'Nguyễn Hà Lan 1',	'Tunguyen2@gmail.com',	'https://cdn.searchenginejournal.com/wp-content/uploads/2019/08/c573bf41-6a7c-4927-845c-4ca0260aad6b-1520x800.jpeg',	NULL,	'0994.333.333',	'AGENCY',	NULL,	0,	0,	1,	'2022-06-15 08:04:13',	'2022-06-15 08:04:13'),
(535,	'Nguyễn Hà Lan 1',	'Tunguyen@gmail.com',	'https://encrypted-tbn0.gstatic.com/images?q=tbn:ANd9GcTa6CFxEdks8wGHKZfuVBi8CRioiObB-e9pWivva33j5OwkDB7CEC94NjFDCNwXjtwge64&usqp=CAU',	NULL,	'0994.333.333',	'AGENCY',	NULL,	0,	0,	3,	'2022-06-15 08:04:13',	'2022-06-15 08:04:13'),
(536,	'Nguyễn Hà Lan 1',	'Tunguyen4@gmail.com',	'https://helpx.adobe.com/content/dam/help/en/stock/how-to/visual-reverse-image-search/jcr_content/main-pars/image/visual-reverse-image-search-v2_intro.jpg',	NULL,	'0994.333.333',	'AGENCY',	NULL,	0,	0,	3,	'2022-06-15 08:04:13',	'2022-06-15 08:04:13'),
(537,	'Nguyễn Hà Lan 1',	'Tunguyen@gmail.com',	'https://encrypted-tbn0.gstatic.com/images?q=tbn:ANd9GcTa6CFxEdks8wGHKZfuVBi8CRioiObB-e9pWivva33j5OwkDB7CEC94NjFDCNwXjtwge64&usqp=CAU',	NULL,	'0994.333.333',	'AGENCY',	NULL,	0,	0,	1,	'2022-06-15 08:04:13',	'2022-06-15 08:04:13'),
(538,	'Nguyễn Hà Lan 1',	'Tunguyen2@gmail.com',	'https://png.pngtree.com/illustrations/20190327/ourmid/pngtree-cure-starry-sky-night-sky-star-png-image_38228.jpg',	NULL,	'0994.333.333',	'AGENCY',	NULL,	0,	0,	2,	'2022-06-15 08:04:13',	'2022-06-15 08:04:13'),
(539,	'Nguyễn Hà Lan 1',	'Tunguyen2@gmail.com',	'https://www.zenithtechs.com/wp-content/uploads/2021/06/remove-background-from-image-with-remove-bg-tutorials.jpg',	NULL,	'0994.333.333',	'AGENCY',	NULL,	0,	0,	3,	'2022-06-15 08:04:13',	'2022-06-15 08:04:13'),
(540,	'Nguyễn Hà Lan 1',	'Tunguyen2@gmail.com',	'https://cdn.searchenginejournal.com/wp-content/uploads/2019/08/c573bf41-6a7c-4927-845c-4ca0260aad6b-1520x800.jpeg',	NULL,	'0994.333.333',	'AGENCY',	NULL,	0,	0,	2,	'2022-06-15 08:04:13',	'2022-06-15 08:04:13'),
(541,	'Nguyễn Hà Lan 1',	'Tunguyen4@gmail.com',	'https://encrypted-tbn0.gstatic.com/images?q=tbn:ANd9GcQ6wGBbcC_rZFSn3PEF6L34jkUjgR6oER7o2sFXzzRmB-Rx2fqaQxKjcZWbpU4vrveQM60&usqp=CAU',	NULL,	'0994.333.333',	'AGENCY',	NULL,	0,	0,	2,	'2022-06-15 08:04:13',	'2022-06-15 08:04:13'),
(542,	'Nguyễn Hà Lan 1',	'Tunguyen4@gmail.com',	'https://static.remove.bg/remove-bg-web/eb1bb48845c5007c3ec8d72ce7972fc8b76733b1/assets/start-1abfb4fe2980eabfbbaaa4365a0692539f7cd2725f324f904565a9a744f8e214.jpg',	NULL,	'0994.333.333',	'AGENCY',	NULL,	0,	0,	4,	'2022-06-15 08:04:13',	'2022-06-15 08:04:13'),
(543,	'Nguyễn Hà Lan 1',	'Tunguyen5@gmail.com',	'https://helpx.adobe.com/content/dam/help/en/stock/how-to/visual-reverse-image-search/jcr_content/main-pars/image/visual-reverse-image-search-v2_intro.jpg',	NULL,	'0994.333.333',	'AGENCY',	NULL,	0,	0,	1,	'2022-06-15 08:04:13',	'2022-06-15 08:04:13'),
(544,	'Nguyễn Hà Lan 1',	'Tunguyen4@gmail.com',	'https://encrypted-tbn0.gstatic.com/images?q=tbn:ANd9GcRAd_Di-ZXvs7369z-X9C9o_tDblUPi3eVkk7wWUe8IXcPcRVxz9Fo8aKpwIhZTuEfxkv0&usqp=CAU',	NULL,	'0994.333.333',	'AGENCY',	NULL,	0,	0,	4,	'2022-06-15 08:04:13',	'2022-06-15 08:04:13'),
(545,	'Nguyễn Hà Lan 1',	'Tunguyen2@gmail.com',	'https://cdn.searchenginejournal.com/wp-content/uploads/2019/08/c573bf41-6a7c-4927-845c-4ca0260aad6b-1520x800.jpeg',	NULL,	'0994.333.333',	'AGENCY',	NULL,	0,	0,	1,	'2022-06-15 08:04:13',	'2022-06-15 08:04:13'),
(546,	'Nguyễn Hà Lan 1',	'Tunguyen@gmail.com',	'https://i.pinimg.com/originals/62/ae/fb/62aefb044922a5a847546e30b9036913.jpg',	NULL,	'0994.333.333',	'AGENCY',	NULL,	0,	0,	1,	'2022-06-15 08:04:13',	'2022-06-15 08:04:13'),
(547,	'Nguyễn Hà Lan 1',	'Tunguyen4@gmail.com',	'https://helpx.adobe.com/content/dam/help/en/stock/how-to/visual-reverse-image-search/jcr_content/main-pars/image/visual-reverse-image-search-v2_intro.jpg',	NULL,	'0994.333.333',	'AGENCY',	NULL,	0,	0,	1,	'2022-06-15 08:04:13',	'2022-06-15 08:04:13'),
(548,	'Nguyễn Hà Lan 1',	'Tunguyen4@gmail.com',	'https://encrypted-tbn0.gstatic.com/images?q=tbn:ANd9GcQ6wGBbcC_rZFSn3PEF6L34jkUjgR6oER7o2sFXzzRmB-Rx2fqaQxKjcZWbpU4vrveQM60&usqp=CAU',	NULL,	'0994.333.333',	'AGENCY',	NULL,	0,	0,	3,	'2022-06-15 08:04:13',	'2022-06-15 08:04:13'),
(549,	'Nguyễn Hà Lan 1',	'Tunguyen2@gmail.com',	'https://helpx.adobe.com/content/dam/help/en/stock/how-to/visual-reverse-image-search/jcr_content/main-pars/image/visual-reverse-image-search-v2_intro.jpg',	NULL,	'0994.333.333',	'AGENCY',	NULL,	0,	0,	4,	'2022-06-15 08:04:13',	'2022-06-15 08:04:13'),
(550,	'Nguyễn Hà Lan 1',	'Tunguyen4@gmail.com',	'https://www.zenithtechs.com/wp-content/uploads/2021/06/remove-background-from-image-with-remove-bg-tutorials.jpg',	NULL,	'0994.333.333',	'AGENCY',	NULL,	0,	0,	1,	'2022-06-15 08:04:13',	'2022-06-15 08:04:13'),
(551,	'Nguyễn Hà Lan 1',	'Tunguyen@gmail.com',	'https://encrypted-tbn0.gstatic.com/images?q=tbn:ANd9GcQ9quVJ8hZqsPWgDRlIhFNwhpH3fS5xE75fe6uotxvTB3s9o4LsYCufH6uNcUaNOsPdn-8&usqp=CAU',	NULL,	'0994.333.333',	'AGENCY',	NULL,	0,	0,	4,	'2022-06-15 08:04:13',	'2022-06-15 08:04:13'),
(552,	'Nguyễn Hà Lan 1',	'Tunguyen4@gmail.com',	'https://encrypted-tbn0.gstatic.com/images?q=tbn:ANd9GcTa6CFxEdks8wGHKZfuVBi8CRioiObB-e9pWivva33j5OwkDB7CEC94NjFDCNwXjtwge64&usqp=CAU',	NULL,	'0994.333.333',	'AGENCY',	NULL,	0,	0,	4,	'2022-06-15 08:04:13',	'2022-06-15 08:04:13'),
(553,	'Nguyễn Hà Lan 1',	'Tunguyen2@gmail.com',	'https://www.zenithtechs.com/wp-content/uploads/2021/06/remove-background-from-image-with-remove-bg-tutorials.jpg',	NULL,	'0994.333.333',	'AGENCY',	NULL,	0,	0,	1,	'2022-06-15 08:04:13',	'2022-06-15 08:04:13'),
(554,	'Nguyễn Hà Lan 1',	'Tunguyen5@gmail.com',	'https://png.pngtree.com/illustrations/20190327/ourmid/pngtree-cure-starry-sky-night-sky-star-png-image_38228.jpg',	NULL,	'0994.333.333',	'AGENCY',	NULL,	0,	0,	4,	'2022-06-15 08:04:13',	'2022-06-15 08:04:13'),
(555,	'Nguyễn Hà Lan 1',	'Tunguyen2@gmail.com',	'https://encrypted-tbn0.gstatic.com/images?q=tbn:ANd9GcQ6wGBbcC_rZFSn3PEF6L34jkUjgR6oER7o2sFXzzRmB-Rx2fqaQxKjcZWbpU4vrveQM60&usqp=CAU',	NULL,	'0994.333.333',	'AGENCY',	NULL,	0,	0,	2,	'2022-06-15 08:04:13',	'2022-06-15 08:04:13'),
(556,	'Nguyễn Hà Lan 1',	'Tunguyen2@gmail.com',	'https://encrypted-tbn0.gstatic.com/images?q=tbn:ANd9GcQ6wGBbcC_rZFSn3PEF6L34jkUjgR6oER7o2sFXzzRmB-Rx2fqaQxKjcZWbpU4vrveQM60&usqp=CAU',	NULL,	'0994.333.333',	'AGENCY',	NULL,	0,	0,	4,	'2022-06-15 08:04:13',	'2022-06-15 08:04:13'),
(557,	'Nguyễn Hà Lan 1',	'Tunguyen5@gmail.com',	'https://encrypted-tbn0.gstatic.com/images?q=tbn:ANd9GcRAd_Di-ZXvs7369z-X9C9o_tDblUPi3eVkk7wWUe8IXcPcRVxz9Fo8aKpwIhZTuEfxkv0&usqp=CAU',	NULL,	'0994.333.333',	'AGENCY',	NULL,	0,	0,	2,	'2022-06-15 08:04:13',	'2022-06-15 08:04:13'),
(558,	'Nguyễn Hà Lan 1',	'Tunguyen4@gmail.com',	'https://encrypted-tbn0.gstatic.com/images?q=tbn:ANd9GcRAd_Di-ZXvs7369z-X9C9o_tDblUPi3eVkk7wWUe8IXcPcRVxz9Fo8aKpwIhZTuEfxkv0&usqp=CAU',	NULL,	'0994.333.333',	'AGENCY',	NULL,	0,	0,	2,	'2022-06-15 08:04:13',	'2022-06-15 08:04:13'),
(559,	'Nguyễn Hà Lan 1',	'Tunguyen4@gmail.com',	'https://www.zenithtechs.com/wp-content/uploads/2021/06/remove-background-from-image-with-remove-bg-tutorials.jpg',	NULL,	'0994.333.333',	'AGENCY',	NULL,	0,	0,	1,	'2022-06-15 08:04:13',	'2022-06-15 08:04:13'),
(560,	'Nguyễn Hà Lan 1',	'Tunguyen5@gmail.com',	'https://static.remove.bg/remove-bg-web/eb1bb48845c5007c3ec8d72ce7972fc8b76733b1/assets/start-1abfb4fe2980eabfbbaaa4365a0692539f7cd2725f324f904565a9a744f8e214.jpg',	NULL,	'0994.333.333',	'AGENCY',	NULL,	0,	0,	2,	'2022-06-15 08:04:13',	'2022-06-15 08:04:13'),
(561,	'Nguyễn Hà Lan 1',	'Tunguyen4@gmail.com',	'https://encrypted-tbn0.gstatic.com/images?q=tbn:ANd9GcQ9quVJ8hZqsPWgDRlIhFNwhpH3fS5xE75fe6uotxvTB3s9o4LsYCufH6uNcUaNOsPdn-8&usqp=CAU',	NULL,	'0994.333.333',	'AGENCY',	NULL,	0,	0,	4,	'2022-06-15 08:04:13',	'2022-06-15 08:04:13'),
(562,	'Nguyễn Hà Lan 1',	'Tunguyen@gmail.com',	'https://www.zenithtechs.com/wp-content/uploads/2021/06/remove-background-from-image-with-remove-bg-tutorials.jpg',	NULL,	'0994.333.333',	'AGENCY',	NULL,	0,	0,	2,	'2022-06-15 08:04:13',	'2022-06-15 08:04:13'),
(563,	'Nguyễn Hà Lan 1',	'Tunguyen@gmail.com',	'https://static.remove.bg/remove-bg-web/eb1bb48845c5007c3ec8d72ce7972fc8b76733b1/assets/start-1abfb4fe2980eabfbbaaa4365a0692539f7cd2725f324f904565a9a744f8e214.jpg',	NULL,	'0994.333.333',	'AGENCY',	NULL,	0,	0,	2,	'2022-06-15 08:04:13',	'2022-06-15 08:04:13'),
(564,	'Nguyễn Hà Lan 1',	'Tunguyen5@gmail.com',	'https://encrypted-tbn0.gstatic.com/images?q=tbn:ANd9GcRAd_Di-ZXvs7369z-X9C9o_tDblUPi3eVkk7wWUe8IXcPcRVxz9Fo8aKpwIhZTuEfxkv0&usqp=CAU',	NULL,	'0994.333.333',	'AGENCY',	NULL,	0,	0,	1,	'2022-06-15 08:04:13',	'2022-06-15 08:04:13'),
(565,	'Nguyễn Hà Lan 1',	'Tunguyen5@gmail.com',	'https://static.remove.bg/remove-bg-web/eb1bb48845c5007c3ec8d72ce7972fc8b76733b1/assets/start-1abfb4fe2980eabfbbaaa4365a0692539f7cd2725f324f904565a9a744f8e214.jpg',	NULL,	'0994.333.333',	'AGENCY',	NULL,	0,	0,	2,	'2022-06-15 08:04:13',	'2022-06-15 08:04:13'),
(566,	'Nguyễn Hà Lan 1',	'Tunguyen2@gmail.com',	'https://encrypted-tbn0.gstatic.com/images?q=tbn:ANd9GcRAd_Di-ZXvs7369z-X9C9o_tDblUPi3eVkk7wWUe8IXcPcRVxz9Fo8aKpwIhZTuEfxkv0&usqp=CAU',	NULL,	'0994.333.333',	'AGENCY',	NULL,	0,	0,	2,	'2022-06-15 08:04:13',	'2022-06-15 08:04:13'),
(567,	'Nguyễn Hà Lan 1',	'Tunguyen@gmail.com',	'https://encrypted-tbn0.gstatic.com/images?q=tbn:ANd9GcRAd_Di-ZXvs7369z-X9C9o_tDblUPi3eVkk7wWUe8IXcPcRVxz9Fo8aKpwIhZTuEfxkv0&usqp=CAU',	NULL,	'0994.333.333',	'AGENCY',	NULL,	0,	0,	3,	'2022-06-15 08:04:13',	'2022-06-15 08:04:13'),
(568,	'Nguyễn Hà Lan 1',	'Tunguyen5@gmail.com',	'https://png.pngtree.com/illustrations/20190327/ourmid/pngtree-cure-starry-sky-night-sky-star-png-image_38228.jpg',	NULL,	'0994.333.333',	'AGENCY',	NULL,	0,	0,	1,	'2022-06-15 08:04:13',	'2022-06-15 08:04:13'),
(569,	'Nguyễn Hà Lan 1',	'Tunguyen2@gmail.com',	'https://encrypted-tbn0.gstatic.com/images?q=tbn:ANd9GcTa6CFxEdks8wGHKZfuVBi8CRioiObB-e9pWivva33j5OwkDB7CEC94NjFDCNwXjtwge64&usqp=CAU',	NULL,	'0994.333.333',	'AGENCY',	NULL,	0,	0,	2,	'2022-06-15 08:04:13',	'2022-06-15 08:04:13'),
(570,	'Nguyễn Hà Lan 1',	'Tunguyen@gmail.com',	'https://png.pngtree.com/illustrations/20190327/ourmid/pngtree-cure-starry-sky-night-sky-star-png-image_38228.jpg',	NULL,	'0994.333.333',	'AGENCY',	NULL,	0,	0,	3,	'2022-06-15 08:04:13',	'2022-06-15 08:04:13'),
(571,	'Nguyễn Hà Lan 1',	'Tunguyen5@gmail.com',	'https://encrypted-tbn0.gstatic.com/images?q=tbn:ANd9GcTa6CFxEdks8wGHKZfuVBi8CRioiObB-e9pWivva33j5OwkDB7CEC94NjFDCNwXjtwge64&usqp=CAU',	NULL,	'0994.333.333',	'AGENCY',	NULL,	0,	0,	2,	'2022-06-15 08:04:13',	'2022-06-15 08:04:13'),
(572,	'Nguyễn Hà Lan 1',	'Tunguyen4@gmail.com',	'https://static.remove.bg/remove-bg-web/eb1bb48845c5007c3ec8d72ce7972fc8b76733b1/assets/start-1abfb4fe2980eabfbbaaa4365a0692539f7cd2725f324f904565a9a744f8e214.jpg',	NULL,	'0994.333.333',	'AGENCY',	NULL,	0,	0,	4,	'2022-06-15 08:04:13',	'2022-06-15 08:04:13'),
(573,	'Nguyễn Hà Lan 1',	'Tunguyen@gmail.com',	'https://cdn.searchenginejournal.com/wp-content/uploads/2019/08/c573bf41-6a7c-4927-845c-4ca0260aad6b-1520x800.jpeg',	NULL,	'0994.333.333',	'AGENCY',	NULL,	0,	0,	4,	'2022-06-15 08:04:13',	'2022-06-15 08:04:13'),
(574,	'Nguyễn Hà Lan 1',	'Tunguyen5@gmail.com',	'https://i.pinimg.com/originals/62/ae/fb/62aefb044922a5a847546e30b9036913.jpg',	NULL,	'0994.333.333',	'AGENCY',	NULL,	0,	0,	3,	'2022-06-15 08:04:13',	'2022-06-15 08:04:13'),
(575,	'Nguyễn Hà Lan 1',	'Tunguyen2@gmail.com',	'https://encrypted-tbn0.gstatic.com/images?q=tbn:ANd9GcQ6wGBbcC_rZFSn3PEF6L34jkUjgR6oER7o2sFXzzRmB-Rx2fqaQxKjcZWbpU4vrveQM60&usqp=CAU',	NULL,	'0994.333.333',	'AGENCY',	NULL,	0,	0,	2,	'2022-06-15 08:04:13',	'2022-06-15 08:04:13'),
(576,	'Nguyễn Hà Lan 1',	'Tunguyen@gmail.com',	'https://encrypted-tbn0.gstatic.com/images?q=tbn:ANd9GcTa6CFxEdks8wGHKZfuVBi8CRioiObB-e9pWivva33j5OwkDB7CEC94NjFDCNwXjtwge64&usqp=CAU',	NULL,	'0994.333.333',	'AGENCY',	NULL,	0,	0,	2,	'2022-06-15 08:04:13',	'2022-06-15 08:04:13'),
(577,	'Nguyễn Hà Lan 1',	'Tunguyen@gmail.com',	'https://www.zenithtechs.com/wp-content/uploads/2021/06/remove-background-from-image-with-remove-bg-tutorials.jpg',	NULL,	'0994.333.333',	'AGENCY',	NULL,	0,	0,	4,	'2022-06-15 08:04:13',	'2022-06-15 08:04:13'),
(578,	'Nguyễn Hà Lan 1',	'Tunguyen5@gmail.com',	'https://helpx.adobe.com/content/dam/help/en/stock/how-to/visual-reverse-image-search/jcr_content/main-pars/image/visual-reverse-image-search-v2_intro.jpg',	NULL,	'0994.333.333',	'AGENCY',	NULL,	0,	0,	3,	'2022-06-15 08:04:13',	'2022-06-15 08:04:13'),
(579,	'Nguyễn Hà Lan 1',	'Tunguyen5@gmail.com',	'https://www.zenithtechs.com/wp-content/uploads/2021/06/remove-background-from-image-with-remove-bg-tutorials.jpg',	NULL,	'0994.333.333',	'AGENCY',	NULL,	0,	0,	4,	'2022-06-15 08:04:13',	'2022-06-15 08:04:13'),
(580,	'Nguyễn Hà Lan 1',	'Tunguyen@gmail.com',	'https://encrypted-tbn0.gstatic.com/images?q=tbn:ANd9GcTa6CFxEdks8wGHKZfuVBi8CRioiObB-e9pWivva33j5OwkDB7CEC94NjFDCNwXjtwge64&usqp=CAU',	NULL,	'0994.333.333',	'AGENCY',	NULL,	0,	0,	3,	'2022-06-15 08:04:13',	'2022-06-15 08:04:13'),
(581,	'Nguyễn Hà Lan 1',	'Tunguyen@gmail.com',	'https://encrypted-tbn0.gstatic.com/images?q=tbn:ANd9GcTa6CFxEdks8wGHKZfuVBi8CRioiObB-e9pWivva33j5OwkDB7CEC94NjFDCNwXjtwge64&usqp=CAU',	NULL,	'0994.333.333',	'AGENCY',	NULL,	0,	0,	1,	'2022-06-15 08:04:13',	'2022-06-15 08:04:13'),
(582,	'Nguyễn Hà Lan 1',	'Tunguyen4@gmail.com',	'https://helpx.adobe.com/content/dam/help/en/stock/how-to/visual-reverse-image-search/jcr_content/main-pars/image/visual-reverse-image-search-v2_intro.jpg',	NULL,	'0994.333.333',	'AGENCY',	NULL,	0,	0,	4,	'2022-06-15 08:04:13',	'2022-06-15 08:04:13'),
(583,	'Nguyễn Hà Lan 1',	'Tunguyen5@gmail.com',	'https://static.remove.bg/remove-bg-web/eb1bb48845c5007c3ec8d72ce7972fc8b76733b1/assets/start-1abfb4fe2980eabfbbaaa4365a0692539f7cd2725f324f904565a9a744f8e214.jpg',	NULL,	'0994.333.333',	'AGENCY',	NULL,	0,	0,	1,	'2022-06-15 08:04:14',	'2022-06-15 08:04:14'),
(584,	'Nguyễn Hà Lan 1',	'Tunguyen2@gmail.com',	'https://encrypted-tbn0.gstatic.com/images?q=tbn:ANd9GcTa6CFxEdks8wGHKZfuVBi8CRioiObB-e9pWivva33j5OwkDB7CEC94NjFDCNwXjtwge64&usqp=CAU',	NULL,	'0994.333.333',	'AGENCY',	NULL,	0,	0,	3,	'2022-06-15 08:04:14',	'2022-06-15 08:04:14'),
(585,	'Nguyễn Hà Lan 1',	'Tunguyen2@gmail.com',	'https://cdn.searchenginejournal.com/wp-content/uploads/2019/08/c573bf41-6a7c-4927-845c-4ca0260aad6b-1520x800.jpeg',	NULL,	'0994.333.333',	'AGENCY',	NULL,	0,	0,	3,	'2022-06-15 08:04:14',	'2022-06-15 08:04:14'),
(586,	'Nguyễn Hà Lan 1',	'Tunguyen@gmail.com',	'https://encrypted-tbn0.gstatic.com/images?q=tbn:ANd9GcTa6CFxEdks8wGHKZfuVBi8CRioiObB-e9pWivva33j5OwkDB7CEC94NjFDCNwXjtwge64&usqp=CAU',	NULL,	'0994.333.333',	'AGENCY',	NULL,	0,	0,	3,	'2022-06-15 08:04:14',	'2022-06-15 08:04:14'),
(587,	'Nguyễn Hà Lan 1',	'Tunguyen@gmail.com',	'https://www.zenithtechs.com/wp-content/uploads/2021/06/remove-background-from-image-with-remove-bg-tutorials.jpg',	NULL,	'0994.333.333',	'AGENCY',	NULL,	0,	0,	1,	'2022-06-15 08:04:14',	'2022-06-15 08:04:14'),
(588,	'Nguyễn Hà Lan 1',	'Tunguyen5@gmail.com',	'https://cdn.searchenginejournal.com/wp-content/uploads/2019/08/c573bf41-6a7c-4927-845c-4ca0260aad6b-1520x800.jpeg',	NULL,	'0994.333.333',	'AGENCY',	NULL,	0,	0,	2,	'2022-06-15 08:04:14',	'2022-06-15 08:04:14'),
(589,	'Nguyễn Hà Lan 1',	'Tunguyen4@gmail.com',	'https://www.zenithtechs.com/wp-content/uploads/2021/06/remove-background-from-image-with-remove-bg-tutorials.jpg',	NULL,	'0994.333.333',	'AGENCY',	NULL,	0,	0,	1,	'2022-06-15 08:04:14',	'2022-06-15 08:04:14'),
(590,	'Nguyễn Hà Lan 1',	'Tunguyen4@gmail.com',	'https://cdn.searchenginejournal.com/wp-content/uploads/2019/08/c573bf41-6a7c-4927-845c-4ca0260aad6b-1520x800.jpeg',	NULL,	'0994.333.333',	'AGENCY',	NULL,	0,	0,	3,	'2022-06-15 08:04:14',	'2022-06-15 08:04:14'),
(591,	'Nguyễn Hà Lan 1',	'Tunguyen@gmail.com',	'https://encrypted-tbn0.gstatic.com/images?q=tbn:ANd9GcTa6CFxEdks8wGHKZfuVBi8CRioiObB-e9pWivva33j5OwkDB7CEC94NjFDCNwXjtwge64&usqp=CAU',	NULL,	'0994.333.333',	'AGENCY',	NULL,	0,	0,	2,	'2022-06-15 08:04:14',	'2022-06-15 08:04:14'),
(592,	'Nguyễn Hà Lan 1',	'Tunguyen4@gmail.com',	'https://helpx.adobe.com/content/dam/help/en/stock/how-to/visual-reverse-image-search/jcr_content/main-pars/image/visual-reverse-image-search-v2_intro.jpg',	NULL,	'0994.333.333',	'AGENCY',	NULL,	0,	0,	1,	'2022-06-15 08:04:14',	'2022-06-15 08:04:14'),
(593,	'Nguyễn Hà Lan 1',	'Tunguyen2@gmail.com',	'https://static.remove.bg/remove-bg-web/eb1bb48845c5007c3ec8d72ce7972fc8b76733b1/assets/start-1abfb4fe2980eabfbbaaa4365a0692539f7cd2725f324f904565a9a744f8e214.jpg',	NULL,	'0994.333.333',	'AGENCY',	NULL,	0,	0,	2,	'2022-06-15 08:04:14',	'2022-06-15 08:04:14'),
(594,	'Nguyễn Hà Lan 1',	'Tunguyen4@gmail.com',	'https://png.pngtree.com/illustrations/20190327/ourmid/pngtree-cure-starry-sky-night-sky-star-png-image_38228.jpg',	NULL,	'0994.333.333',	'AGENCY',	NULL,	0,	0,	3,	'2022-06-15 08:04:14',	'2022-06-15 08:04:14'),
(595,	'Nguyễn Hà Lan 1',	'Tunguyen4@gmail.com',	'https://encrypted-tbn0.gstatic.com/images?q=tbn:ANd9GcTa6CFxEdks8wGHKZfuVBi8CRioiObB-e9pWivva33j5OwkDB7CEC94NjFDCNwXjtwge64&usqp=CAU',	NULL,	'0994.333.333',	'AGENCY',	NULL,	0,	0,	2,	'2022-06-15 08:04:14',	'2022-06-15 08:04:14'),
(596,	'Nguyễn Hà Lan 1',	'Tunguyen5@gmail.com',	'https://encrypted-tbn0.gstatic.com/images?q=tbn:ANd9GcQ9quVJ8hZqsPWgDRlIhFNwhpH3fS5xE75fe6uotxvTB3s9o4LsYCufH6uNcUaNOsPdn-8&usqp=CAU',	NULL,	'0994.333.333',	'AGENCY',	NULL,	0,	0,	1,	'2022-06-15 08:04:14',	'2022-06-15 08:04:14'),
(597,	'Nguyễn Hà Lan 1',	'Tunguyen@gmail.com',	'https://encrypted-tbn0.gstatic.com/images?q=tbn:ANd9GcRAd_Di-ZXvs7369z-X9C9o_tDblUPi3eVkk7wWUe8IXcPcRVxz9Fo8aKpwIhZTuEfxkv0&usqp=CAU',	NULL,	'0994.333.333',	'AGENCY',	NULL,	0,	0,	3,	'2022-06-15 08:04:14',	'2022-06-15 08:04:14'),
(598,	'Nguyễn Hà Lan 1',	'Tunguyen@gmail.com',	'https://encrypted-tbn0.gstatic.com/images?q=tbn:ANd9GcRAd_Di-ZXvs7369z-X9C9o_tDblUPi3eVkk7wWUe8IXcPcRVxz9Fo8aKpwIhZTuEfxkv0&usqp=CAU',	NULL,	'0994.333.333',	'AGENCY',	NULL,	0,	0,	4,	'2022-06-15 08:04:14',	'2022-06-15 08:04:14'),
(599,	'Nguyễn Hà Lan 1',	'Tunguyen2@gmail.com',	'https://cdn.searchenginejournal.com/wp-content/uploads/2019/08/c573bf41-6a7c-4927-845c-4ca0260aad6b-1520x800.jpeg',	NULL,	'0994.333.333',	'AGENCY',	NULL,	0,	0,	1,	'2022-06-15 08:04:14',	'2022-06-15 08:04:14'),
(600,	'Nguyễn Hà Lan 1',	'Tunguyen2@gmail.com',	'https://encrypted-tbn0.gstatic.com/images?q=tbn:ANd9GcTa6CFxEdks8wGHKZfuVBi8CRioiObB-e9pWivva33j5OwkDB7CEC94NjFDCNwXjtwge64&usqp=CAU',	NULL,	'0994.333.333',	'AGENCY',	NULL,	0,	0,	2,	'2022-06-15 08:04:14',	'2022-06-15 08:04:14'),
(601,	'Lorem ipsum dolor sit amet, consectetur adipiscing elit. Ut aliquet nulla nec pellentesque sollicitudin',	'https://www.figma.com/file/0f0q91Q6btTLbfHnmAwaBg/Tin-t%E1%BB%A9c-game-Vi%E1%BB%87t?node-id=0%3A1',	'https://encrypted-tbn0.gstatic.com/images?q=tbn:ANd9GcQ6wGBbcC_rZFSn3PEF6L34jkUjgR6oER7o2sFXzzRmB-Rx2fqaQxKjcZWbpU4vrveQM60&usqp=CAU',	NULL,	NULL,	'SUBSCRIBE',	NULL,	0,	0,	4,	'2022-06-15 08:20:14',	'2022-06-15 08:20:14'),
(602,	'Lorem ipsum dolor sit amet, consectetur adipiscing elit. Ut aliquet nulla nec pellentesque sollicitudin',	'https://dantri.com.vn/xa-hoi/them-nhieu-thieu-nien-bi-dua-sang-campuchia-khi-di-tim-viec-nhe-luong-cao-20220615082701049.htm',	'https://i.pinimg.com/originals/62/ae/fb/62aefb044922a5a847546e30b9036913.jpg',	NULL,	NULL,	'SUBSCRIBE',	NULL,	0,	0,	4,	'2022-06-15 08:20:14',	'2022-06-15 08:20:14'),
(603,	'Lorem ipsum dolor sit amet, consectetur adipiscing elit. Ut aliquet nulla nec pellentesque sollicitudin',	'https://dantri.com.vn/xa-hoi/them-nhieu-thieu-nien-bi-dua-sang-campuchia-khi-di-tim-viec-nhe-luong-cao-20220615082701049.htm',	'https://helpx.adobe.com/content/dam/help/en/stock/how-to/visual-reverse-image-search/jcr_content/main-pars/image/visual-reverse-image-search-v2_intro.jpg',	NULL,	NULL,	'SUBSCRIBE',	NULL,	0,	0,	4,	'2022-06-15 08:20:14',	'2022-06-15 08:20:14'),
(604,	'Lorem ipsum dolor sit amet, consectetur adipiscing elit. Ut aliquet nulla nec pellentesque sollicitudin',	'https://dantri.com.vn/phap-luat/truy-sat-o-quan-oc-song-nua-doi-nguoi-toi-chua-thay-canh-kinh-hoang-vay-20220611184236270.htm',	'https://encrypted-tbn0.gstatic.com/images?q=tbn:ANd9GcRAd_Di-ZXvs7369z-X9C9o_tDblUPi3eVkk7wWUe8IXcPcRVxz9Fo8aKpwIhZTuEfxkv0&usqp=CAU',	NULL,	NULL,	'SUBSCRIBE',	NULL,	0,	0,	1,	'2022-06-15 08:20:14',	'2022-06-15 08:20:14'),
(605,	'Lorem ipsum dolor sit amet, consectetur adipiscing elit. Ut aliquet nulla nec pellentesque sollicitudin',	'https://dantri.com.vn/xa-hoi/them-nhieu-thieu-nien-bi-dua-sang-campuchia-khi-di-tim-viec-nhe-luong-cao-20220615082701049.htm',	'https://encrypted-tbn0.gstatic.com/images?q=tbn:ANd9GcQ9quVJ8hZqsPWgDRlIhFNwhpH3fS5xE75fe6uotxvTB3s9o4LsYCufH6uNcUaNOsPdn-8&usqp=CAU',	NULL,	NULL,	'SUBSCRIBE',	NULL,	0,	0,	3,	'2022-06-15 08:20:14',	'2022-06-15 08:20:14'),
(606,	'Lorem ipsum dolor sit amet, consectetur adipiscing elit. Ut aliquet nulla nec pellentesque sollicitudin',	'https://dantri.com.vn/bat-dong-san/du-an-duong-vanh-dai-4-ha-noi-co-gi-dac-biet-20220520160243792.htm',	'https://static.remove.bg/remove-bg-web/eb1bb48845c5007c3ec8d72ce7972fc8b76733b1/assets/start-1abfb4fe2980eabfbbaaa4365a0692539f7cd2725f324f904565a9a744f8e214.jpg',	NULL,	NULL,	'SUBSCRIBE',	NULL,	0,	0,	2,	'2022-06-15 08:20:14',	'2022-06-15 08:20:14'),
(607,	'Lorem ipsum dolor sit amet, consectetur adipiscing elit. Ut aliquet nulla nec pellentesque sollicitudin',	'https://dantri.com.vn/bat-dong-san/du-an-duong-vanh-dai-4-ha-noi-co-gi-dac-biet-20220520160243792.htm',	'https://cdn.searchenginejournal.com/wp-content/uploads/2019/08/c573bf41-6a7c-4927-845c-4ca0260aad6b-1520x800.jpeg',	NULL,	NULL,	'SUBSCRIBE',	NULL,	0,	0,	4,	'2022-06-15 08:20:14',	'2022-06-15 08:20:14'),
(608,	'Lorem ipsum dolor sit amet, consectetur adipiscing elit. Ut aliquet nulla nec pellentesque sollicitudin',	'https://dantri.com.vn/xa-hoi/ve-chiu-tang-me-viet-nam-anh-hung-111-tuoi-chau-noi-tu-nan-o-ninh-binh-20220614152406799.htm',	'https://png.pngtree.com/illustrations/20190327/ourmid/pngtree-cure-starry-sky-night-sky-star-png-image_38228.jpg',	NULL,	NULL,	'SUBSCRIBE',	NULL,	0,	0,	4,	'2022-06-15 08:20:14',	'2022-06-15 08:20:14'),
(609,	'Lorem ipsum dolor sit amet, consectetur adipiscing elit. Ut aliquet nulla nec pellentesque sollicitudin',	'https://dantri.com.vn/xa-hoi/mua-lon-o-ha-noi-nhieu-xe-sang-bay-bien-so-ngap-sau-trong-nuoc-20220613232004762.htm',	'https://png.pngtree.com/illustrations/20190327/ourmid/pngtree-cure-starry-sky-night-sky-star-png-image_38228.jpg',	NULL,	NULL,	'SUBSCRIBE',	NULL,	0,	0,	4,	'2022-06-15 08:20:14',	'2022-06-15 08:20:14'),
(610,	'Lorem ipsum dolor sit amet, consectetur adipiscing elit. Ut aliquet nulla nec pellentesque sollicitudin',	'https://dantri.com.vn/phap-luat/truy-sat-o-quan-oc-song-nua-doi-nguoi-toi-chua-thay-canh-kinh-hoang-vay-20220611184236270.htm',	'https://helpx.adobe.com/content/dam/help/en/stock/how-to/visual-reverse-image-search/jcr_content/main-pars/image/visual-reverse-image-search-v2_intro.jpg',	NULL,	NULL,	'SUBSCRIBE',	NULL,	0,	0,	4,	'2022-06-15 08:20:14',	'2022-06-15 08:20:14'),
(611,	'Lorem ipsum dolor sit amet, consectetur adipiscing elit. Ut aliquet nulla nec pellentesque sollicitudin',	'https://dantri.com.vn/phap-luat/truy-sat-o-quan-oc-song-nua-doi-nguoi-toi-chua-thay-canh-kinh-hoang-vay-20220611184236270.htm',	'https://encrypted-tbn0.gstatic.com/images?q=tbn:ANd9GcQ9quVJ8hZqsPWgDRlIhFNwhpH3fS5xE75fe6uotxvTB3s9o4LsYCufH6uNcUaNOsPdn-8&usqp=CAU',	NULL,	NULL,	'SUBSCRIBE',	NULL,	0,	0,	3,	'2022-06-15 08:20:14',	'2022-06-15 08:20:14'),
(612,	'Lorem ipsum dolor sit amet, consectetur adipiscing elit. Ut aliquet nulla nec pellentesque sollicitudin',	'https://dantri.com.vn/xa-hoi/mua-lon-o-ha-noi-nhieu-xe-sang-bay-bien-so-ngap-sau-trong-nuoc-20220613232004762.htm',	'https://i.pinimg.com/originals/62/ae/fb/62aefb044922a5a847546e30b9036913.jpg',	NULL,	NULL,	'SUBSCRIBE',	NULL,	0,	0,	2,	'2022-06-15 08:20:14',	'2022-06-15 08:20:14'),
(613,	'Lorem ipsum dolor sit amet, consectetur adipiscing elit. Ut aliquet nulla nec pellentesque sollicitudin',	'https://dantri.com.vn/xa-hoi/them-nhieu-thieu-nien-bi-dua-sang-campuchia-khi-di-tim-viec-nhe-luong-cao-20220615082701049.htm',	'https://encrypted-tbn0.gstatic.com/images?q=tbn:ANd9GcQ6wGBbcC_rZFSn3PEF6L34jkUjgR6oER7o2sFXzzRmB-Rx2fqaQxKjcZWbpU4vrveQM60&usqp=CAU',	NULL,	NULL,	'SUBSCRIBE',	NULL,	0,	0,	1,	'2022-06-15 08:20:14',	'2022-06-15 08:20:14'),
(614,	'Lorem ipsum dolor sit amet, consectetur adipiscing elit. Ut aliquet nulla nec pellentesque sollicitudin',	'https://dantri.com.vn/bat-dong-san/du-an-duong-vanh-dai-4-ha-noi-co-gi-dac-biet-20220520160243792.htm',	'https://encrypted-tbn0.gstatic.com/images?q=tbn:ANd9GcQ6wGBbcC_rZFSn3PEF6L34jkUjgR6oER7o2sFXzzRmB-Rx2fqaQxKjcZWbpU4vrveQM60&usqp=CAU',	NULL,	NULL,	'SUBSCRIBE',	NULL,	0,	0,	1,	'2022-06-15 08:20:14',	'2022-06-15 08:20:14'),
(615,	'Lorem ipsum dolor sit amet, consectetur adipiscing elit. Ut aliquet nulla nec pellentesque sollicitudin',	'https://dantri.com.vn/xa-hoi/them-nhieu-thieu-nien-bi-dua-sang-campuchia-khi-di-tim-viec-nhe-luong-cao-20220615082701049.htm',	'https://i.pinimg.com/originals/62/ae/fb/62aefb044922a5a847546e30b9036913.jpg',	NULL,	NULL,	'SUBSCRIBE',	NULL,	0,	0,	1,	'2022-06-15 08:20:14',	'2022-06-15 08:20:14'),
(616,	'Lorem ipsum dolor sit amet, consectetur adipiscing elit. Ut aliquet nulla nec pellentesque sollicitudin',	'https://dantri.com.vn/bat-dong-san/du-an-duong-vanh-dai-4-ha-noi-co-gi-dac-biet-20220520160243792.htm',	'https://i.pinimg.com/originals/62/ae/fb/62aefb044922a5a847546e30b9036913.jpg',	NULL,	NULL,	'SUBSCRIBE',	NULL,	0,	0,	1,	'2022-06-15 08:20:14',	'2022-06-15 08:20:14'),
(617,	'Lorem ipsum dolor sit amet, consectetur adipiscing elit. Ut aliquet nulla nec pellentesque sollicitudin',	'https://dantri.com.vn/bat-dong-san/du-an-duong-vanh-dai-4-ha-noi-co-gi-dac-biet-20220520160243792.htm',	'https://encrypted-tbn0.gstatic.com/images?q=tbn:ANd9GcQ9quVJ8hZqsPWgDRlIhFNwhpH3fS5xE75fe6uotxvTB3s9o4LsYCufH6uNcUaNOsPdn-8&usqp=CAU',	NULL,	NULL,	'SUBSCRIBE',	NULL,	0,	0,	2,	'2022-06-15 08:20:14',	'2022-06-15 08:20:14'),
(618,	'Lorem ipsum dolor sit amet, consectetur adipiscing elit. Ut aliquet nulla nec pellentesque sollicitudin',	'https://dantri.com.vn/xa-hoi/them-nhieu-thieu-nien-bi-dua-sang-campuchia-khi-di-tim-viec-nhe-luong-cao-20220615082701049.htm',	'https://encrypted-tbn0.gstatic.com/images?q=tbn:ANd9GcQ9quVJ8hZqsPWgDRlIhFNwhpH3fS5xE75fe6uotxvTB3s9o4LsYCufH6uNcUaNOsPdn-8&usqp=CAU',	NULL,	NULL,	'SUBSCRIBE',	NULL,	0,	0,	3,	'2022-06-15 08:20:14',	'2022-06-15 08:20:14'),
(619,	'Lorem ipsum dolor sit amet, consectetur adipiscing elit. Ut aliquet nulla nec pellentesque sollicitudin',	'https://dantri.com.vn/xa-hoi/mua-lon-o-ha-noi-nhieu-xe-sang-bay-bien-so-ngap-sau-trong-nuoc-20220613232004762.htm',	'https://www.zenithtechs.com/wp-content/uploads/2021/06/remove-background-from-image-with-remove-bg-tutorials.jpg',	NULL,	NULL,	'SUBSCRIBE',	NULL,	0,	0,	4,	'2022-06-15 08:20:14',	'2022-06-15 08:20:14'),
(620,	'Lorem ipsum dolor sit amet, consectetur adipiscing elit. Ut aliquet nulla nec pellentesque sollicitudin',	'https://dantri.com.vn/phap-luat/tam-giu-dien-vien-hai-huu-tin-dieu-tra-tang-tru-to-chuc-su-dung-ma-tuy-20220614192059913.htm',	'https://cdn.searchenginejournal.com/wp-content/uploads/2019/08/c573bf41-6a7c-4927-845c-4ca0260aad6b-1520x800.jpeg',	NULL,	NULL,	'SUBSCRIBE',	NULL,	0,	0,	4,	'2022-06-15 08:20:14',	'2022-06-15 08:20:14'),
(621,	'Lorem ipsum dolor sit amet, consectetur adipiscing elit. Ut aliquet nulla nec pellentesque sollicitudin',	'https://dantri.com.vn/bat-dong-san/du-an-duong-vanh-dai-4-ha-noi-co-gi-dac-biet-20220520160243792.htm',	'https://cdn.searchenginejournal.com/wp-content/uploads/2019/08/c573bf41-6a7c-4927-845c-4ca0260aad6b-1520x800.jpeg',	NULL,	NULL,	'SUBSCRIBE',	NULL,	0,	0,	2,	'2022-06-15 08:20:14',	'2022-06-15 08:20:14'),
(622,	'Lorem ipsum dolor sit amet, consectetur adipiscing elit. Ut aliquet nulla nec pellentesque sollicitudin',	'https://dantri.com.vn/phap-luat/truy-sat-o-quan-oc-song-nua-doi-nguoi-toi-chua-thay-canh-kinh-hoang-vay-20220611184236270.htm',	'https://png.pngtree.com/illustrations/20190327/ourmid/pngtree-cure-starry-sky-night-sky-star-png-image_38228.jpg',	NULL,	NULL,	'SUBSCRIBE',	NULL,	0,	0,	3,	'2022-06-15 08:20:14',	'2022-06-15 08:20:14'),
(623,	'Lorem ipsum dolor sit amet, consectetur adipiscing elit. Ut aliquet nulla nec pellentesque sollicitudin',	'https://dantri.com.vn/phap-luat/truy-sat-o-quan-oc-song-nua-doi-nguoi-toi-chua-thay-canh-kinh-hoang-vay-20220611184236270.htm',	'https://encrypted-tbn0.gstatic.com/images?q=tbn:ANd9GcQ6wGBbcC_rZFSn3PEF6L34jkUjgR6oER7o2sFXzzRmB-Rx2fqaQxKjcZWbpU4vrveQM60&usqp=CAU',	NULL,	NULL,	'SUBSCRIBE',	NULL,	0,	0,	1,	'2022-06-15 08:20:14',	'2022-06-15 08:20:14'),
(624,	'Lorem ipsum dolor sit amet, consectetur adipiscing elit. Ut aliquet nulla nec pellentesque sollicitudin',	'https://dantri.com.vn/phap-luat/truy-sat-o-quan-oc-song-nua-doi-nguoi-toi-chua-thay-canh-kinh-hoang-vay-20220611184236270.htm',	'https://encrypted-tbn0.gstatic.com/images?q=tbn:ANd9GcQ9quVJ8hZqsPWgDRlIhFNwhpH3fS5xE75fe6uotxvTB3s9o4LsYCufH6uNcUaNOsPdn-8&usqp=CAU',	NULL,	NULL,	'SUBSCRIBE',	NULL,	0,	0,	2,	'2022-06-15 08:20:14',	'2022-06-15 08:20:14'),
(625,	'Lorem ipsum dolor sit amet, consectetur adipiscing elit. Ut aliquet nulla nec pellentesque sollicitudin',	'https://dantri.com.vn/xa-hoi/them-nhieu-thieu-nien-bi-dua-sang-campuchia-khi-di-tim-viec-nhe-luong-cao-20220615082701049.htm',	'https://png.pngtree.com/illustrations/20190327/ourmid/pngtree-cure-starry-sky-night-sky-star-png-image_38228.jpg',	NULL,	NULL,	'SUBSCRIBE',	NULL,	0,	0,	4,	'2022-06-15 08:20:14',	'2022-06-15 08:20:14'),
(626,	'Lorem ipsum dolor sit amet, consectetur adipiscing elit. Ut aliquet nulla nec pellentesque sollicitudin',	'https://dantri.com.vn/xa-hoi/them-nhieu-thieu-nien-bi-dua-sang-campuchia-khi-di-tim-viec-nhe-luong-cao-20220615082701049.htm',	'https://encrypted-tbn0.gstatic.com/images?q=tbn:ANd9GcQ6wGBbcC_rZFSn3PEF6L34jkUjgR6oER7o2sFXzzRmB-Rx2fqaQxKjcZWbpU4vrveQM60&usqp=CAU',	NULL,	NULL,	'SUBSCRIBE',	NULL,	0,	0,	2,	'2022-06-15 08:20:14',	'2022-06-15 08:20:14'),
(627,	'Lorem ipsum dolor sit amet, consectetur adipiscing elit. Ut aliquet nulla nec pellentesque sollicitudin',	'https://dantri.com.vn/xa-hoi/them-nhieu-thieu-nien-bi-dua-sang-campuchia-khi-di-tim-viec-nhe-luong-cao-20220615082701049.htm',	'https://cdn.searchenginejournal.com/wp-content/uploads/2019/08/c573bf41-6a7c-4927-845c-4ca0260aad6b-1520x800.jpeg',	NULL,	NULL,	'SUBSCRIBE',	NULL,	0,	0,	3,	'2022-06-15 08:20:14',	'2022-06-15 08:20:14'),
(628,	'Lorem ipsum dolor sit amet, consectetur adipiscing elit. Ut aliquet nulla nec pellentesque sollicitudin',	'https://dantri.com.vn/xa-hoi/vu-sung-sot-phat-hien-minh-da-chet-con-nhieu-ban-tuong-tu-20220612211104630.htm',	'https://png.pngtree.com/illustrations/20190327/ourmid/pngtree-cure-starry-sky-night-sky-star-png-image_38228.jpg',	NULL,	NULL,	'SUBSCRIBE',	NULL,	0,	0,	2,	'2022-06-15 08:20:14',	'2022-06-15 08:20:14'),
(629,	'Lorem ipsum dolor sit amet, consectetur adipiscing elit. Ut aliquet nulla nec pellentesque sollicitudin',	'https://dantri.com.vn/bat-dong-san/siet-bat-dong-san-co-phai-la-bop-nghet-gay-kho-20220531230948689.htm',	'https://static.remove.bg/remove-bg-web/eb1bb48845c5007c3ec8d72ce7972fc8b76733b1/assets/start-1abfb4fe2980eabfbbaaa4365a0692539f7cd2725f324f904565a9a744f8e214.jpg',	NULL,	NULL,	'SUBSCRIBE',	NULL,	0,	0,	4,	'2022-06-15 08:20:14',	'2022-06-15 08:20:14'),
(630,	'Lorem ipsum dolor sit amet, consectetur adipiscing elit. Ut aliquet nulla nec pellentesque sollicitudin',	'https://dantri.com.vn/bat-dong-san/du-an-duong-vanh-dai-4-ha-noi-co-gi-dac-biet-20220520160243792.htm',	'https://encrypted-tbn0.gstatic.com/images?q=tbn:ANd9GcQ6wGBbcC_rZFSn3PEF6L34jkUjgR6oER7o2sFXzzRmB-Rx2fqaQxKjcZWbpU4vrveQM60&usqp=CAU',	NULL,	NULL,	'SUBSCRIBE',	NULL,	0,	0,	4,	'2022-06-15 08:20:14',	'2022-06-15 08:20:14'),
(631,	'Lorem ipsum dolor sit amet, consectetur adipiscing elit. Ut aliquet nulla nec pellentesque sollicitudin',	'https://dantri.com.vn/phap-luat/truy-sat-o-quan-oc-song-nua-doi-nguoi-toi-chua-thay-canh-kinh-hoang-vay-20220611184236270.htm',	'https://png.pngtree.com/illustrations/20190327/ourmid/pngtree-cure-starry-sky-night-sky-star-png-image_38228.jpg',	NULL,	NULL,	'SUBSCRIBE',	NULL,	0,	0,	1,	'2022-06-15 08:20:14',	'2022-06-15 08:20:14'),
(632,	'Lorem ipsum dolor sit amet, consectetur adipiscing elit. Ut aliquet nulla nec pellentesque sollicitudin',	'https://dantri.com.vn/bat-dong-san/vach-loat-he-luy-tu-cuoc-dau-gia-dat-khung-tai-thu-thiem-20220531210238087.htm',	'https://encrypted-tbn0.gstatic.com/images?q=tbn:ANd9GcQ6wGBbcC_rZFSn3PEF6L34jkUjgR6oER7o2sFXzzRmB-Rx2fqaQxKjcZWbpU4vrveQM60&usqp=CAU',	NULL,	NULL,	'SUBSCRIBE',	NULL,	0,	0,	3,	'2022-06-15 08:20:14',	'2022-06-15 08:20:14'),
(633,	'Lorem ipsum dolor sit amet, consectetur adipiscing elit. Ut aliquet nulla nec pellentesque sollicitudin',	'https://dantri.com.vn/bat-dong-san/siet-bat-dong-san-co-phai-la-bop-nghet-gay-kho-20220531230948689.htm',	'https://encrypted-tbn0.gstatic.com/images?q=tbn:ANd9GcQ9quVJ8hZqsPWgDRlIhFNwhpH3fS5xE75fe6uotxvTB3s9o4LsYCufH6uNcUaNOsPdn-8&usqp=CAU',	NULL,	NULL,	'SUBSCRIBE',	NULL,	0,	0,	1,	'2022-06-15 08:20:14',	'2022-06-15 08:20:14'),
(634,	'Lorem ipsum dolor sit amet, consectetur adipiscing elit. Ut aliquet nulla nec pellentesque sollicitudin',	'https://dantri.com.vn/phap-luat/tam-giu-dien-vien-hai-huu-tin-dieu-tra-tang-tru-to-chuc-su-dung-ma-tuy-20220614192059913.htm',	'https://static.remove.bg/remove-bg-web/eb1bb48845c5007c3ec8d72ce7972fc8b76733b1/assets/start-1abfb4fe2980eabfbbaaa4365a0692539f7cd2725f324f904565a9a744f8e214.jpg',	NULL,	NULL,	'SUBSCRIBE',	NULL,	0,	0,	4,	'2022-06-15 08:20:14',	'2022-06-15 08:20:14'),
(635,	'Lorem ipsum dolor sit amet, consectetur adipiscing elit. Ut aliquet nulla nec pellentesque sollicitudin',	'https://dantri.com.vn/xa-hoi/mua-lon-o-ha-noi-nhieu-xe-sang-bay-bien-so-ngap-sau-trong-nuoc-20220613232004762.htm',	'https://encrypted-tbn0.gstatic.com/images?q=tbn:ANd9GcQ9quVJ8hZqsPWgDRlIhFNwhpH3fS5xE75fe6uotxvTB3s9o4LsYCufH6uNcUaNOsPdn-8&usqp=CAU',	NULL,	NULL,	'SUBSCRIBE',	NULL,	0,	0,	1,	'2022-06-15 08:20:14',	'2022-06-15 08:20:14'),
(636,	'Lorem ipsum dolor sit amet, consectetur adipiscing elit. Ut aliquet nulla nec pellentesque sollicitudin',	'https://www.figma.com/file/0f0q91Q6btTLbfHnmAwaBg/Tin-t%E1%BB%A9c-game-Vi%E1%BB%87t?node-id=0%3A1',	'https://cdn.searchenginejournal.com/wp-content/uploads/2019/08/c573bf41-6a7c-4927-845c-4ca0260aad6b-1520x800.jpeg',	NULL,	NULL,	'SUBSCRIBE',	NULL,	0,	0,	1,	'2022-06-15 08:20:15',	'2022-06-15 08:20:15'),
(637,	'Lorem ipsum dolor sit amet, consectetur adipiscing elit. Ut aliquet nulla nec pellentesque sollicitudin',	'https://dantri.com.vn/bat-dong-san/du-an-duong-vanh-dai-4-ha-noi-co-gi-dac-biet-20220520160243792.htm',	'https://encrypted-tbn0.gstatic.com/images?q=tbn:ANd9GcTa6CFxEdks8wGHKZfuVBi8CRioiObB-e9pWivva33j5OwkDB7CEC94NjFDCNwXjtwge64&usqp=CAU',	NULL,	NULL,	'SUBSCRIBE',	NULL,	0,	0,	4,	'2022-06-15 08:20:15',	'2022-06-15 08:20:15'),
(638,	'Lorem ipsum dolor sit amet, consectetur adipiscing elit. Ut aliquet nulla nec pellentesque sollicitudin',	'https://dantri.com.vn/xa-hoi/vu-sung-sot-phat-hien-minh-da-chet-con-nhieu-ban-tuong-tu-20220612211104630.htm',	'https://i.pinimg.com/originals/62/ae/fb/62aefb044922a5a847546e30b9036913.jpg',	NULL,	NULL,	'SUBSCRIBE',	NULL,	0,	0,	4,	'2022-06-15 08:20:15',	'2022-06-15 08:20:15'),
(639,	'Lorem ipsum dolor sit amet, consectetur adipiscing elit. Ut aliquet nulla nec pellentesque sollicitudin',	'https://dantri.com.vn/xa-hoi/them-nhieu-thieu-nien-bi-dua-sang-campuchia-khi-di-tim-viec-nhe-luong-cao-20220615082701049.htm',	'https://cdn.searchenginejournal.com/wp-content/uploads/2019/08/c573bf41-6a7c-4927-845c-4ca0260aad6b-1520x800.jpeg',	NULL,	NULL,	'SUBSCRIBE',	NULL,	0,	0,	3,	'2022-06-15 08:20:15',	'2022-06-15 08:20:15'),
(640,	'Lorem ipsum dolor sit amet, consectetur adipiscing elit. Ut aliquet nulla nec pellentesque sollicitudin',	'https://dantri.com.vn/phap-luat/tam-giu-dien-vien-hai-huu-tin-dieu-tra-tang-tru-to-chuc-su-dung-ma-tuy-20220614192059913.htm',	'https://static.remove.bg/remove-bg-web/eb1bb48845c5007c3ec8d72ce7972fc8b76733b1/assets/start-1abfb4fe2980eabfbbaaa4365a0692539f7cd2725f324f904565a9a744f8e214.jpg',	NULL,	NULL,	'SUBSCRIBE',	NULL,	0,	0,	3,	'2022-06-15 08:20:15',	'2022-06-15 08:20:15'),
(641,	'Lorem ipsum dolor sit amet, consectetur adipiscing elit. Ut aliquet nulla nec pellentesque sollicitudin',	'https://dantri.com.vn/bat-dong-san/vach-loat-he-luy-tu-cuoc-dau-gia-dat-khung-tai-thu-thiem-20220531210238087.htm',	'https://encrypted-tbn0.gstatic.com/images?q=tbn:ANd9GcTa6CFxEdks8wGHKZfuVBi8CRioiObB-e9pWivva33j5OwkDB7CEC94NjFDCNwXjtwge64&usqp=CAU',	NULL,	NULL,	'SUBSCRIBE',	NULL,	0,	0,	2,	'2022-06-15 08:20:15',	'2022-06-15 08:20:15'),
(642,	'Lorem ipsum dolor sit amet, consectetur adipiscing elit. Ut aliquet nulla nec pellentesque sollicitudin',	'https://dantri.com.vn/phap-luat/tam-giu-dien-vien-hai-huu-tin-dieu-tra-tang-tru-to-chuc-su-dung-ma-tuy-20220614192059913.htm',	'https://www.zenithtechs.com/wp-content/uploads/2021/06/remove-background-from-image-with-remove-bg-tutorials.jpg',	NULL,	NULL,	'SUBSCRIBE',	NULL,	0,	0,	1,	'2022-06-15 08:20:15',	'2022-06-15 08:20:15'),
(643,	'Lorem ipsum dolor sit amet, consectetur adipiscing elit. Ut aliquet nulla nec pellentesque sollicitudin',	'https://dantri.com.vn/xa-hoi/vu-sung-sot-phat-hien-minh-da-chet-con-nhieu-ban-tuong-tu-20220612211104630.htm',	'https://encrypted-tbn0.gstatic.com/images?q=tbn:ANd9GcQ6wGBbcC_rZFSn3PEF6L34jkUjgR6oER7o2sFXzzRmB-Rx2fqaQxKjcZWbpU4vrveQM60&usqp=CAU',	NULL,	NULL,	'SUBSCRIBE',	NULL,	0,	0,	1,	'2022-06-15 08:20:15',	'2022-06-15 08:20:15'),
(644,	'Lorem ipsum dolor sit amet, consectetur adipiscing elit. Ut aliquet nulla nec pellentesque sollicitudin',	'https://dantri.com.vn/bat-dong-san/du-an-duong-vanh-dai-4-ha-noi-co-gi-dac-biet-20220520160243792.htm',	'https://encrypted-tbn0.gstatic.com/images?q=tbn:ANd9GcTa6CFxEdks8wGHKZfuVBi8CRioiObB-e9pWivva33j5OwkDB7CEC94NjFDCNwXjtwge64&usqp=CAU',	NULL,	NULL,	'SUBSCRIBE',	NULL,	0,	0,	2,	'2022-06-15 08:20:15',	'2022-06-15 08:20:15'),
(645,	'Lorem ipsum dolor sit amet, consectetur adipiscing elit. Ut aliquet nulla nec pellentesque sollicitudin',	'https://dantri.com.vn/xa-hoi/them-nhieu-thieu-nien-bi-dua-sang-campuchia-khi-di-tim-viec-nhe-luong-cao-20220615082701049.htm',	'https://encrypted-tbn0.gstatic.com/images?q=tbn:ANd9GcQ6wGBbcC_rZFSn3PEF6L34jkUjgR6oER7o2sFXzzRmB-Rx2fqaQxKjcZWbpU4vrveQM60&usqp=CAU',	NULL,	NULL,	'SUBSCRIBE',	NULL,	0,	0,	4,	'2022-06-15 08:20:15',	'2022-06-15 08:20:15'),
(646,	'Lorem ipsum dolor sit amet, consectetur adipiscing elit. Ut aliquet nulla nec pellentesque sollicitudin',	'https://dantri.com.vn/xa-hoi/vu-sung-sot-phat-hien-minh-da-chet-con-nhieu-ban-tuong-tu-20220612211104630.htm',	'https://encrypted-tbn0.gstatic.com/images?q=tbn:ANd9GcQ9quVJ8hZqsPWgDRlIhFNwhpH3fS5xE75fe6uotxvTB3s9o4LsYCufH6uNcUaNOsPdn-8&usqp=CAU',	NULL,	NULL,	'SUBSCRIBE',	NULL,	0,	0,	4,	'2022-06-15 08:20:15',	'2022-06-15 08:20:15'),
(647,	'Lorem ipsum dolor sit amet, consectetur adipiscing elit. Ut aliquet nulla nec pellentesque sollicitudin',	'https://dantri.com.vn/xa-hoi/mua-lon-o-ha-noi-nhieu-xe-sang-bay-bien-so-ngap-sau-trong-nuoc-20220613232004762.htm',	'https://encrypted-tbn0.gstatic.com/images?q=tbn:ANd9GcRAd_Di-ZXvs7369z-X9C9o_tDblUPi3eVkk7wWUe8IXcPcRVxz9Fo8aKpwIhZTuEfxkv0&usqp=CAU',	NULL,	NULL,	'SUBSCRIBE',	NULL,	0,	0,	3,	'2022-06-15 08:20:15',	'2022-06-15 08:20:15'),
(648,	'Lorem ipsum dolor sit amet, consectetur adipiscing elit. Ut aliquet nulla nec pellentesque sollicitudin',	'https://dantri.com.vn/xa-hoi/them-nhieu-thieu-nien-bi-dua-sang-campuchia-khi-di-tim-viec-nhe-luong-cao-20220615082701049.htm',	'https://i.pinimg.com/originals/62/ae/fb/62aefb044922a5a847546e30b9036913.jpg',	NULL,	NULL,	'SUBSCRIBE',	NULL,	0,	0,	4,	'2022-06-15 08:20:15',	'2022-06-15 08:20:15'),
(649,	'Lorem ipsum dolor sit amet, consectetur adipiscing elit. Ut aliquet nulla nec pellentesque sollicitudin',	'https://dantri.com.vn/xa-hoi/ve-chiu-tang-me-viet-nam-anh-hung-111-tuoi-chau-noi-tu-nan-o-ninh-binh-20220614152406799.htm',	'https://encrypted-tbn0.gstatic.com/images?q=tbn:ANd9GcQ9quVJ8hZqsPWgDRlIhFNwhpH3fS5xE75fe6uotxvTB3s9o4LsYCufH6uNcUaNOsPdn-8&usqp=CAU',	NULL,	NULL,	'SUBSCRIBE',	NULL,	0,	0,	2,	'2022-06-15 08:20:15',	'2022-06-15 08:20:15'),
(650,	'Lorem ipsum dolor sit amet, consectetur adipiscing elit. Ut aliquet nulla nec pellentesque sollicitudin',	'https://dantri.com.vn/xa-hoi/them-nhieu-thieu-nien-bi-dua-sang-campuchia-khi-di-tim-viec-nhe-luong-cao-20220615082701049.htm',	'https://encrypted-tbn0.gstatic.com/images?q=tbn:ANd9GcQ9quVJ8hZqsPWgDRlIhFNwhpH3fS5xE75fe6uotxvTB3s9o4LsYCufH6uNcUaNOsPdn-8&usqp=CAU',	NULL,	NULL,	'SUBSCRIBE',	NULL,	0,	0,	1,	'2022-06-15 08:20:15',	'2022-06-15 08:20:15'),
(651,	'Lorem ipsum dolor sit amet, consectetur adipiscing elit. Ut aliquet nulla nec pellentesque sollicitudin',	'https://askubuntu.com/questions/617850/changing-from-user-to-superuser',	'https://static.remove.bg/remove-bg-web/eb1bb48845c5007c3ec8d72ce7972fc8b76733b1/assets/start-1abfb4fe2980eabfbbaaa4365a0692539f7cd2725f324f904565a9a744f8e214.jpg',	NULL,	NULL,	'SUBSCRIBE',	NULL,	0,	0,	1,	'2022-06-15 08:20:15',	'2022-06-15 08:20:15'),
(652,	'Lorem ipsum dolor sit amet, consectetur adipiscing elit. Ut aliquet nulla nec pellentesque sollicitudin',	'https://dantri.com.vn/xa-hoi/ve-chiu-tang-me-viet-nam-anh-hung-111-tuoi-chau-noi-tu-nan-o-ninh-binh-20220614152406799.htm',	'https://i.pinimg.com/originals/62/ae/fb/62aefb044922a5a847546e30b9036913.jpg',	NULL,	NULL,	'SUBSCRIBE',	NULL,	0,	0,	1,	'2022-06-15 08:20:15',	'2022-06-15 08:20:15'),
(653,	'Lorem ipsum dolor sit amet, consectetur adipiscing elit. Ut aliquet nulla nec pellentesque sollicitudin',	'https://www.figma.com/file/0f0q91Q6btTLbfHnmAwaBg/Tin-t%E1%BB%A9c-game-Vi%E1%BB%87t?node-id=0%3A1',	'https://i.pinimg.com/originals/62/ae/fb/62aefb044922a5a847546e30b9036913.jpg',	NULL,	NULL,	'SUBSCRIBE',	NULL,	0,	0,	2,	'2022-06-15 08:20:15',	'2022-06-15 08:20:15'),
(654,	'Lorem ipsum dolor sit amet, consectetur adipiscing elit. Ut aliquet nulla nec pellentesque sollicitudin',	'https://dantri.com.vn/xa-hoi/them-nhieu-thieu-nien-bi-dua-sang-campuchia-khi-di-tim-viec-nhe-luong-cao-20220615082701049.htm',	'https://png.pngtree.com/illustrations/20190327/ourmid/pngtree-cure-starry-sky-night-sky-star-png-image_38228.jpg',	NULL,	NULL,	'SUBSCRIBE',	NULL,	0,	0,	2,	'2022-06-15 08:20:15',	'2022-06-15 08:20:15'),
(655,	'Lorem ipsum dolor sit amet, consectetur adipiscing elit. Ut aliquet nulla nec pellentesque sollicitudin',	'https://dantri.com.vn/xa-hoi/vu-sung-sot-phat-hien-minh-da-chet-con-nhieu-ban-tuong-tu-20220612211104630.htm',	'https://static.remove.bg/remove-bg-web/eb1bb48845c5007c3ec8d72ce7972fc8b76733b1/assets/start-1abfb4fe2980eabfbbaaa4365a0692539f7cd2725f324f904565a9a744f8e214.jpg',	NULL,	NULL,	'SUBSCRIBE',	NULL,	0,	0,	3,	'2022-06-15 08:20:15',	'2022-06-15 08:20:15'),
(656,	'Lorem ipsum dolor sit amet, consectetur adipiscing elit. Ut aliquet nulla nec pellentesque sollicitudin',	'https://dantri.com.vn/bat-dong-san/vach-loat-he-luy-tu-cuoc-dau-gia-dat-khung-tai-thu-thiem-20220531210238087.htm',	'https://cdn.searchenginejournal.com/wp-content/uploads/2019/08/c573bf41-6a7c-4927-845c-4ca0260aad6b-1520x800.jpeg',	NULL,	NULL,	'SUBSCRIBE',	NULL,	0,	0,	4,	'2022-06-15 08:20:15',	'2022-06-15 08:20:15'),
(657,	'Lorem ipsum dolor sit amet, consectetur adipiscing elit. Ut aliquet nulla nec pellentesque sollicitudin',	'https://www.figma.com/file/0f0q91Q6btTLbfHnmAwaBg/Tin-t%E1%BB%A9c-game-Vi%E1%BB%87t?node-id=0%3A1',	'https://cdn.searchenginejournal.com/wp-content/uploads/2019/08/c573bf41-6a7c-4927-845c-4ca0260aad6b-1520x800.jpeg',	NULL,	NULL,	'SUBSCRIBE',	NULL,	0,	0,	2,	'2022-06-15 08:20:15',	'2022-06-15 08:20:15'),
(658,	'Lorem ipsum dolor sit amet, consectetur adipiscing elit. Ut aliquet nulla nec pellentesque sollicitudin',	'https://dantri.com.vn/xa-hoi/vu-sung-sot-phat-hien-minh-da-chet-con-nhieu-ban-tuong-tu-20220612211104630.htm',	'https://www.zenithtechs.com/wp-content/uploads/2021/06/remove-background-from-image-with-remove-bg-tutorials.jpg',	NULL,	NULL,	'SUBSCRIBE',	NULL,	0,	0,	2,	'2022-06-15 08:20:15',	'2022-06-15 08:20:15'),
(659,	'Lorem ipsum dolor sit amet, consectetur adipiscing elit. Ut aliquet nulla nec pellentesque sollicitudin',	'https://www.figma.com/file/0f0q91Q6btTLbfHnmAwaBg/Tin-t%E1%BB%A9c-game-Vi%E1%BB%87t?node-id=0%3A1',	'https://helpx.adobe.com/content/dam/help/en/stock/how-to/visual-reverse-image-search/jcr_content/main-pars/image/visual-reverse-image-search-v2_intro.jpg',	NULL,	NULL,	'SUBSCRIBE',	NULL,	0,	0,	1,	'2022-06-15 08:20:15',	'2022-06-15 08:20:15'),
(660,	'Lorem ipsum dolor sit amet, consectetur adipiscing elit. Ut aliquet nulla nec pellentesque sollicitudin',	'https://dantri.com.vn/bat-dong-san/du-an-duong-vanh-dai-4-ha-noi-co-gi-dac-biet-20220520160243792.htm',	'https://png.pngtree.com/illustrations/20190327/ourmid/pngtree-cure-starry-sky-night-sky-star-png-image_38228.jpg',	NULL,	NULL,	'SUBSCRIBE',	NULL,	0,	0,	2,	'2022-06-15 08:20:15',	'2022-06-15 08:20:15'),
(661,	'Lorem ipsum dolor sit amet, consectetur adipiscing elit. Ut aliquet nulla nec pellentesque sollicitudin',	'https://dantri.com.vn/xa-hoi/them-nhieu-thieu-nien-bi-dua-sang-campuchia-khi-di-tim-viec-nhe-luong-cao-20220615082701049.htm',	'https://encrypted-tbn0.gstatic.com/images?q=tbn:ANd9GcQ9quVJ8hZqsPWgDRlIhFNwhpH3fS5xE75fe6uotxvTB3s9o4LsYCufH6uNcUaNOsPdn-8&usqp=CAU',	NULL,	NULL,	'SUBSCRIBE',	NULL,	0,	0,	1,	'2022-06-15 08:20:15',	'2022-06-15 08:20:15'),
(662,	'Lorem ipsum dolor sit amet, consectetur adipiscing elit. Ut aliquet nulla nec pellentesque sollicitudin',	'https://dantri.com.vn/xa-hoi/them-nhieu-thieu-nien-bi-dua-sang-campuchia-khi-di-tim-viec-nhe-luong-cao-20220615082701049.htm',	'https://encrypted-tbn0.gstatic.com/images?q=tbn:ANd9GcQ6wGBbcC_rZFSn3PEF6L34jkUjgR6oER7o2sFXzzRmB-Rx2fqaQxKjcZWbpU4vrveQM60&usqp=CAU',	NULL,	NULL,	'SUBSCRIBE',	NULL,	0,	0,	4,	'2022-06-15 08:20:15',	'2022-06-15 08:20:15'),
(663,	'Lorem ipsum dolor sit amet, consectetur adipiscing elit. Ut aliquet nulla nec pellentesque sollicitudin',	'https://dantri.com.vn/bat-dong-san/siet-bat-dong-san-co-phai-la-bop-nghet-gay-kho-20220531230948689.htm',	'https://helpx.adobe.com/content/dam/help/en/stock/how-to/visual-reverse-image-search/jcr_content/main-pars/image/visual-reverse-image-search-v2_intro.jpg',	NULL,	NULL,	'SUBSCRIBE',	NULL,	0,	0,	2,	'2022-06-15 08:20:15',	'2022-06-15 08:20:15'),
(664,	'Lorem ipsum dolor sit amet, consectetur adipiscing elit. Ut aliquet nulla nec pellentesque sollicitudin',	'https://dantri.com.vn/xa-hoi/them-nhieu-thieu-nien-bi-dua-sang-campuchia-khi-di-tim-viec-nhe-luong-cao-20220615082701049.htm',	'https://static.remove.bg/remove-bg-web/eb1bb48845c5007c3ec8d72ce7972fc8b76733b1/assets/start-1abfb4fe2980eabfbbaaa4365a0692539f7cd2725f324f904565a9a744f8e214.jpg',	NULL,	NULL,	'SUBSCRIBE',	NULL,	0,	0,	4,	'2022-06-15 08:20:15',	'2022-06-15 08:20:15'),
(665,	'Lorem ipsum dolor sit amet, consectetur adipiscing elit. Ut aliquet nulla nec pellentesque sollicitudin',	'https://dantri.com.vn/xa-hoi/mua-lon-o-ha-noi-nhieu-xe-sang-bay-bien-so-ngap-sau-trong-nuoc-20220613232004762.htm',	'https://helpx.adobe.com/content/dam/help/en/stock/how-to/visual-reverse-image-search/jcr_content/main-pars/image/visual-reverse-image-search-v2_intro.jpg',	NULL,	NULL,	'SUBSCRIBE',	NULL,	0,	0,	4,	'2022-06-15 08:20:15',	'2022-06-15 08:20:15'),
(666,	'Lorem ipsum dolor sit amet, consectetur adipiscing elit. Ut aliquet nulla nec pellentesque sollicitudin',	'https://dantri.com.vn/phap-luat/tam-giu-dien-vien-hai-huu-tin-dieu-tra-tang-tru-to-chuc-su-dung-ma-tuy-20220614192059913.htm',	'https://encrypted-tbn0.gstatic.com/images?q=tbn:ANd9GcTa6CFxEdks8wGHKZfuVBi8CRioiObB-e9pWivva33j5OwkDB7CEC94NjFDCNwXjtwge64&usqp=CAU',	NULL,	NULL,	'SUBSCRIBE',	NULL,	0,	0,	3,	'2022-06-15 08:20:15',	'2022-06-15 08:20:15'),
(667,	'Lorem ipsum dolor sit amet, consectetur adipiscing elit. Ut aliquet nulla nec pellentesque sollicitudin',	'https://dantri.com.vn/xa-hoi/vu-sung-sot-phat-hien-minh-da-chet-con-nhieu-ban-tuong-tu-20220612211104630.htm',	'https://cdn.searchenginejournal.com/wp-content/uploads/2019/08/c573bf41-6a7c-4927-845c-4ca0260aad6b-1520x800.jpeg',	NULL,	NULL,	'SUBSCRIBE',	NULL,	0,	0,	4,	'2022-06-15 08:20:15',	'2022-06-15 08:20:15'),
(668,	'Lorem ipsum dolor sit amet, consectetur adipiscing elit. Ut aliquet nulla nec pellentesque sollicitudin',	'https://dantri.com.vn/xa-hoi/them-nhieu-thieu-nien-bi-dua-sang-campuchia-khi-di-tim-viec-nhe-luong-cao-20220615082701049.htm',	'https://cdn.searchenginejournal.com/wp-content/uploads/2019/08/c573bf41-6a7c-4927-845c-4ca0260aad6b-1520x800.jpeg',	NULL,	NULL,	'SUBSCRIBE',	NULL,	0,	0,	4,	'2022-06-15 08:20:15',	'2022-06-15 08:20:15'),
(669,	'Lorem ipsum dolor sit amet, consectetur adipiscing elit. Ut aliquet nulla nec pellentesque sollicitudin',	'https://dantri.com.vn/bat-dong-san/vach-loat-he-luy-tu-cuoc-dau-gia-dat-khung-tai-thu-thiem-20220531210238087.htm',	'https://encrypted-tbn0.gstatic.com/images?q=tbn:ANd9GcTa6CFxEdks8wGHKZfuVBi8CRioiObB-e9pWivva33j5OwkDB7CEC94NjFDCNwXjtwge64&usqp=CAU',	NULL,	NULL,	'SUBSCRIBE',	NULL,	0,	0,	3,	'2022-06-15 08:20:15',	'2022-06-15 08:20:15'),
(670,	'Lorem ipsum dolor sit amet, consectetur adipiscing elit. Ut aliquet nulla nec pellentesque sollicitudin',	'https://dantri.com.vn/xa-hoi/ve-chiu-tang-me-viet-nam-anh-hung-111-tuoi-chau-noi-tu-nan-o-ninh-binh-20220614152406799.htm',	'https://cdn.searchenginejournal.com/wp-content/uploads/2019/08/c573bf41-6a7c-4927-845c-4ca0260aad6b-1520x800.jpeg',	NULL,	NULL,	'SUBSCRIBE',	NULL,	0,	0,	3,	'2022-06-15 08:20:15',	'2022-06-15 08:20:15'),
(671,	'Lorem ipsum dolor sit amet, consectetur adipiscing elit. Ut aliquet nulla nec pellentesque sollicitudin',	'https://dantri.com.vn/phap-luat/truy-sat-o-quan-oc-song-nua-doi-nguoi-toi-chua-thay-canh-kinh-hoang-vay-20220611184236270.htm',	'https://png.pngtree.com/illustrations/20190327/ourmid/pngtree-cure-starry-sky-night-sky-star-png-image_38228.jpg',	NULL,	NULL,	'SUBSCRIBE',	NULL,	0,	0,	1,	'2022-06-15 08:20:15',	'2022-06-15 08:20:15'),
(672,	'Lorem ipsum dolor sit amet, consectetur adipiscing elit. Ut aliquet nulla nec pellentesque sollicitudin',	'https://dantri.com.vn/bat-dong-san/siet-bat-dong-san-co-phai-la-bop-nghet-gay-kho-20220531230948689.htm',	'https://static.remove.bg/remove-bg-web/eb1bb48845c5007c3ec8d72ce7972fc8b76733b1/assets/start-1abfb4fe2980eabfbbaaa4365a0692539f7cd2725f324f904565a9a744f8e214.jpg',	NULL,	NULL,	'SUBSCRIBE',	NULL,	0,	0,	3,	'2022-06-15 08:20:15',	'2022-06-15 08:20:15'),
(673,	'Lorem ipsum dolor sit amet, consectetur adipiscing elit. Ut aliquet nulla nec pellentesque sollicitudin',	'https://dantri.com.vn/xa-hoi/mua-lon-o-ha-noi-nhieu-xe-sang-bay-bien-so-ngap-sau-trong-nuoc-20220613232004762.htm',	'https://www.zenithtechs.com/wp-content/uploads/2021/06/remove-background-from-image-with-remove-bg-tutorials.jpg',	NULL,	NULL,	'SUBSCRIBE',	NULL,	0,	0,	4,	'2022-06-15 08:20:15',	'2022-06-15 08:20:15'),
(674,	'Lorem ipsum dolor sit amet, consectetur adipiscing elit. Ut aliquet nulla nec pellentesque sollicitudin',	'https://dantri.com.vn/xa-hoi/vu-sung-sot-phat-hien-minh-da-chet-con-nhieu-ban-tuong-tu-20220612211104630.htm',	'https://cdn.searchenginejournal.com/wp-content/uploads/2019/08/c573bf41-6a7c-4927-845c-4ca0260aad6b-1520x800.jpeg',	NULL,	NULL,	'SUBSCRIBE',	NULL,	0,	0,	4,	'2022-06-15 08:20:15',	'2022-06-15 08:20:15'),
(675,	'Lorem ipsum dolor sit amet, consectetur adipiscing elit. Ut aliquet nulla nec pellentesque sollicitudin',	'https://www.figma.com/file/0f0q91Q6btTLbfHnmAwaBg/Tin-t%E1%BB%A9c-game-Vi%E1%BB%87t?node-id=0%3A1',	'https://encrypted-tbn0.gstatic.com/images?q=tbn:ANd9GcTa6CFxEdks8wGHKZfuVBi8CRioiObB-e9pWivva33j5OwkDB7CEC94NjFDCNwXjtwge64&usqp=CAU',	NULL,	NULL,	'SUBSCRIBE',	NULL,	0,	0,	1,	'2022-06-15 08:20:15',	'2022-06-15 08:20:15'),
(676,	'Lorem ipsum dolor sit amet, consectetur adipiscing elit. Ut aliquet nulla nec pellentesque sollicitudin',	'https://www.figma.com/file/0f0q91Q6btTLbfHnmAwaBg/Tin-t%E1%BB%A9c-game-Vi%E1%BB%87t?node-id=0%3A1',	'https://encrypted-tbn0.gstatic.com/images?q=tbn:ANd9GcRAd_Di-ZXvs7369z-X9C9o_tDblUPi3eVkk7wWUe8IXcPcRVxz9Fo8aKpwIhZTuEfxkv0&usqp=CAU',	NULL,	NULL,	'SUBSCRIBE',	NULL,	0,	0,	1,	'2022-06-15 08:20:15',	'2022-06-15 08:20:15'),
(677,	'Lorem ipsum dolor sit amet, consectetur adipiscing elit. Ut aliquet nulla nec pellentesque sollicitudin',	'https://www.figma.com/file/0f0q91Q6btTLbfHnmAwaBg/Tin-t%E1%BB%A9c-game-Vi%E1%BB%87t?node-id=0%3A1',	'https://encrypted-tbn0.gstatic.com/images?q=tbn:ANd9GcQ9quVJ8hZqsPWgDRlIhFNwhpH3fS5xE75fe6uotxvTB3s9o4LsYCufH6uNcUaNOsPdn-8&usqp=CAU',	NULL,	NULL,	'SUBSCRIBE',	NULL,	0,	0,	3,	'2022-06-15 08:20:15',	'2022-06-15 08:20:15'),
(678,	'Lorem ipsum dolor sit amet, consectetur adipiscing elit. Ut aliquet nulla nec pellentesque sollicitudin',	'https://dantri.com.vn/xa-hoi/vu-sung-sot-phat-hien-minh-da-chet-con-nhieu-ban-tuong-tu-20220612211104630.htm',	'https://cdn.searchenginejournal.com/wp-content/uploads/2019/08/c573bf41-6a7c-4927-845c-4ca0260aad6b-1520x800.jpeg',	NULL,	NULL,	'SUBSCRIBE',	NULL,	0,	0,	3,	'2022-06-15 08:20:15',	'2022-06-15 08:20:15'),
(679,	'Lorem ipsum dolor sit amet, consectetur adipiscing elit. Ut aliquet nulla nec pellentesque sollicitudin',	'https://dantri.com.vn/bat-dong-san/du-an-duong-vanh-dai-4-ha-noi-co-gi-dac-biet-20220520160243792.htm',	'https://encrypted-tbn0.gstatic.com/images?q=tbn:ANd9GcTa6CFxEdks8wGHKZfuVBi8CRioiObB-e9pWivva33j5OwkDB7CEC94NjFDCNwXjtwge64&usqp=CAU',	NULL,	NULL,	'SUBSCRIBE',	NULL,	0,	0,	1,	'2022-06-15 08:20:15',	'2022-06-15 08:20:15'),
(680,	'Lorem ipsum dolor sit amet, consectetur adipiscing elit. Ut aliquet nulla nec pellentesque sollicitudin',	'https://dantri.com.vn/bat-dong-san/vach-loat-he-luy-tu-cuoc-dau-gia-dat-khung-tai-thu-thiem-20220531210238087.htm',	'https://www.zenithtechs.com/wp-content/uploads/2021/06/remove-background-from-image-with-remove-bg-tutorials.jpg',	NULL,	NULL,	'SUBSCRIBE',	NULL,	0,	0,	1,	'2022-06-15 08:20:15',	'2022-06-15 08:20:15'),
(681,	'Lorem ipsum dolor sit amet, consectetur adipiscing elit. Ut aliquet nulla nec pellentesque sollicitudin',	'https://dantri.com.vn/xa-hoi/them-nhieu-thieu-nien-bi-dua-sang-campuchia-khi-di-tim-viec-nhe-luong-cao-20220615082701049.htm',	'https://png.pngtree.com/illustrations/20190327/ourmid/pngtree-cure-starry-sky-night-sky-star-png-image_38228.jpg',	NULL,	NULL,	'SUBSCRIBE',	NULL,	0,	0,	3,	'2022-06-15 08:20:15',	'2022-06-15 08:20:15'),
(682,	'Lorem ipsum dolor sit amet, consectetur adipiscing elit. Ut aliquet nulla nec pellentesque sollicitudin',	'https://dantri.com.vn/xa-hoi/ve-chiu-tang-me-viet-nam-anh-hung-111-tuoi-chau-noi-tu-nan-o-ninh-binh-20220614152406799.htm',	'https://i.pinimg.com/originals/62/ae/fb/62aefb044922a5a847546e30b9036913.jpg',	NULL,	NULL,	'SUBSCRIBE',	NULL,	0,	0,	2,	'2022-06-15 08:20:15',	'2022-06-15 08:20:15'),
(683,	'Lorem ipsum dolor sit amet, consectetur adipiscing elit. Ut aliquet nulla nec pellentesque sollicitudin',	'https://www.figma.com/file/0f0q91Q6btTLbfHnmAwaBg/Tin-t%E1%BB%A9c-game-Vi%E1%BB%87t?node-id=0%3A1',	'https://helpx.adobe.com/content/dam/help/en/stock/how-to/visual-reverse-image-search/jcr_content/main-pars/image/visual-reverse-image-search-v2_intro.jpg',	NULL,	NULL,	'SUBSCRIBE',	NULL,	0,	0,	4,	'2022-06-15 08:20:15',	'2022-06-15 08:20:15'),
(684,	'Lorem ipsum dolor sit amet, consectetur adipiscing elit. Ut aliquet nulla nec pellentesque sollicitudin',	'https://dantri.com.vn/phap-luat/truy-sat-o-quan-oc-song-nua-doi-nguoi-toi-chua-thay-canh-kinh-hoang-vay-20220611184236270.htm',	'https://encrypted-tbn0.gstatic.com/images?q=tbn:ANd9GcRAd_Di-ZXvs7369z-X9C9o_tDblUPi3eVkk7wWUe8IXcPcRVxz9Fo8aKpwIhZTuEfxkv0&usqp=CAU',	NULL,	NULL,	'SUBSCRIBE',	NULL,	0,	0,	2,	'2022-06-15 08:20:15',	'2022-06-15 08:20:15'),
(685,	'Lorem ipsum dolor sit amet, consectetur adipiscing elit. Ut aliquet nulla nec pellentesque sollicitudin',	'https://dantri.com.vn/bat-dong-san/vach-loat-he-luy-tu-cuoc-dau-gia-dat-khung-tai-thu-thiem-20220531210238087.htm',	'https://cdn.searchenginejournal.com/wp-content/uploads/2019/08/c573bf41-6a7c-4927-845c-4ca0260aad6b-1520x800.jpeg',	NULL,	NULL,	'SUBSCRIBE',	NULL,	0,	0,	1,	'2022-06-15 08:20:15',	'2022-06-15 08:20:15'),
(686,	'Lorem ipsum dolor sit amet, consectetur adipiscing elit. Ut aliquet nulla nec pellentesque sollicitudin',	'https://dantri.com.vn/bat-dong-san/vach-loat-he-luy-tu-cuoc-dau-gia-dat-khung-tai-thu-thiem-20220531210238087.htm',	'https://encrypted-tbn0.gstatic.com/images?q=tbn:ANd9GcQ9quVJ8hZqsPWgDRlIhFNwhpH3fS5xE75fe6uotxvTB3s9o4LsYCufH6uNcUaNOsPdn-8&usqp=CAU',	NULL,	NULL,	'SUBSCRIBE',	NULL,	0,	0,	3,	'2022-06-15 08:20:15',	'2022-06-15 08:20:15'),
(687,	'Lorem ipsum dolor sit amet, consectetur adipiscing elit. Ut aliquet nulla nec pellentesque sollicitudin',	'https://askubuntu.com/questions/617850/changing-from-user-to-superuser',	'https://helpx.adobe.com/content/dam/help/en/stock/how-to/visual-reverse-image-search/jcr_content/main-pars/image/visual-reverse-image-search-v2_intro.jpg',	NULL,	NULL,	'SUBSCRIBE',	NULL,	0,	0,	1,	'2022-06-15 08:20:15',	'2022-06-15 08:20:15'),
(688,	'Lorem ipsum dolor sit amet, consectetur adipiscing elit. Ut aliquet nulla nec pellentesque sollicitudin',	'https://dantri.com.vn/bat-dong-san/siet-bat-dong-san-co-phai-la-bop-nghet-gay-kho-20220531230948689.htm',	'https://encrypted-tbn0.gstatic.com/images?q=tbn:ANd9GcTa6CFxEdks8wGHKZfuVBi8CRioiObB-e9pWivva33j5OwkDB7CEC94NjFDCNwXjtwge64&usqp=CAU',	NULL,	NULL,	'SUBSCRIBE',	NULL,	0,	0,	1,	'2022-06-15 08:20:15',	'2022-06-15 08:20:15'),
(689,	'Lorem ipsum dolor sit amet, consectetur adipiscing elit. Ut aliquet nulla nec pellentesque sollicitudin',	'https://dantri.com.vn/phap-luat/truy-sat-o-quan-oc-song-nua-doi-nguoi-toi-chua-thay-canh-kinh-hoang-vay-20220611184236270.htm',	'https://encrypted-tbn0.gstatic.com/images?q=tbn:ANd9GcQ9quVJ8hZqsPWgDRlIhFNwhpH3fS5xE75fe6uotxvTB3s9o4LsYCufH6uNcUaNOsPdn-8&usqp=CAU',	NULL,	NULL,	'SUBSCRIBE',	NULL,	0,	0,	1,	'2022-06-15 08:20:15',	'2022-06-15 08:20:15'),
(690,	'Lorem ipsum dolor sit amet, consectetur adipiscing elit. Ut aliquet nulla nec pellentesque sollicitudin',	'https://dantri.com.vn/xa-hoi/ve-chiu-tang-me-viet-nam-anh-hung-111-tuoi-chau-noi-tu-nan-o-ninh-binh-20220614152406799.htm',	'https://encrypted-tbn0.gstatic.com/images?q=tbn:ANd9GcRAd_Di-ZXvs7369z-X9C9o_tDblUPi3eVkk7wWUe8IXcPcRVxz9Fo8aKpwIhZTuEfxkv0&usqp=CAU',	NULL,	NULL,	'SUBSCRIBE',	NULL,	0,	0,	3,	'2022-06-15 08:20:15',	'2022-06-15 08:20:15'),
(691,	'Lorem ipsum dolor sit amet, consectetur adipiscing elit. Ut aliquet nulla nec pellentesque sollicitudin',	'https://www.figma.com/file/0f0q91Q6btTLbfHnmAwaBg/Tin-t%E1%BB%A9c-game-Vi%E1%BB%87t?node-id=0%3A1',	'https://encrypted-tbn0.gstatic.com/images?q=tbn:ANd9GcTa6CFxEdks8wGHKZfuVBi8CRioiObB-e9pWivva33j5OwkDB7CEC94NjFDCNwXjtwge64&usqp=CAU',	NULL,	NULL,	'SUBSCRIBE',	NULL,	0,	0,	4,	'2022-06-15 08:20:15',	'2022-06-15 08:20:15'),
(692,	'Lorem ipsum dolor sit amet, consectetur adipiscing elit. Ut aliquet nulla nec pellentesque sollicitudin',	'https://dantri.com.vn/phap-luat/truy-sat-o-quan-oc-song-nua-doi-nguoi-toi-chua-thay-canh-kinh-hoang-vay-20220611184236270.htm',	'https://i.pinimg.com/originals/62/ae/fb/62aefb044922a5a847546e30b9036913.jpg',	NULL,	NULL,	'SUBSCRIBE',	NULL,	0,	0,	2,	'2022-06-15 08:20:15',	'2022-06-15 08:20:15'),
(693,	'Lorem ipsum dolor sit amet, consectetur adipiscing elit. Ut aliquet nulla nec pellentesque sollicitudin',	'https://dantri.com.vn/bat-dong-san/vach-loat-he-luy-tu-cuoc-dau-gia-dat-khung-tai-thu-thiem-20220531210238087.htm',	'https://png.pngtree.com/illustrations/20190327/ourmid/pngtree-cure-starry-sky-night-sky-star-png-image_38228.jpg',	NULL,	NULL,	'SUBSCRIBE',	NULL,	0,	0,	1,	'2022-06-15 08:20:15',	'2022-06-15 08:20:15'),
(694,	'Lorem ipsum dolor sit amet, consectetur adipiscing elit. Ut aliquet nulla nec pellentesque sollicitudin',	'https://dantri.com.vn/bat-dong-san/vach-loat-he-luy-tu-cuoc-dau-gia-dat-khung-tai-thu-thiem-20220531210238087.htm',	'https://png.pngtree.com/illustrations/20190327/ourmid/pngtree-cure-starry-sky-night-sky-star-png-image_38228.jpg',	NULL,	NULL,	'SUBSCRIBE',	NULL,	0,	0,	1,	'2022-06-15 08:20:15',	'2022-06-15 08:20:15'),
(695,	'Lorem ipsum dolor sit amet, consectetur adipiscing elit. Ut aliquet nulla nec pellentesque sollicitudin',	'https://dantri.com.vn/phap-luat/truy-sat-o-quan-oc-song-nua-doi-nguoi-toi-chua-thay-canh-kinh-hoang-vay-20220611184236270.htm',	'https://encrypted-tbn0.gstatic.com/images?q=tbn:ANd9GcRAd_Di-ZXvs7369z-X9C9o_tDblUPi3eVkk7wWUe8IXcPcRVxz9Fo8aKpwIhZTuEfxkv0&usqp=CAU',	NULL,	NULL,	'SUBSCRIBE',	NULL,	0,	0,	2,	'2022-06-15 08:20:15',	'2022-06-15 08:20:15'),
(696,	'Lorem ipsum dolor sit amet, consectetur adipiscing elit. Ut aliquet nulla nec pellentesque sollicitudin',	'https://dantri.com.vn/phap-luat/truy-sat-o-quan-oc-song-nua-doi-nguoi-toi-chua-thay-canh-kinh-hoang-vay-20220611184236270.htm',	'https://cdn.searchenginejournal.com/wp-content/uploads/2019/08/c573bf41-6a7c-4927-845c-4ca0260aad6b-1520x800.jpeg',	NULL,	NULL,	'SUBSCRIBE',	NULL,	0,	0,	1,	'2022-06-15 08:20:15',	'2022-06-15 08:20:15'),
(697,	'Lorem ipsum dolor sit amet, consectetur adipiscing elit. Ut aliquet nulla nec pellentesque sollicitudin',	'https://dantri.com.vn/phap-luat/tam-giu-dien-vien-hai-huu-tin-dieu-tra-tang-tru-to-chuc-su-dung-ma-tuy-20220614192059913.htm',	'https://encrypted-tbn0.gstatic.com/images?q=tbn:ANd9GcQ9quVJ8hZqsPWgDRlIhFNwhpH3fS5xE75fe6uotxvTB3s9o4LsYCufH6uNcUaNOsPdn-8&usqp=CAU',	NULL,	NULL,	'SUBSCRIBE',	NULL,	0,	0,	4,	'2022-06-15 08:20:15',	'2022-06-15 08:20:15'),
(698,	'Lorem ipsum dolor sit amet, consectetur adipiscing elit. Ut aliquet nulla nec pellentesque sollicitudin',	'https://dantri.com.vn/phap-luat/truy-sat-o-quan-oc-song-nua-doi-nguoi-toi-chua-thay-canh-kinh-hoang-vay-20220611184236270.htm',	'https://static.remove.bg/remove-bg-web/eb1bb48845c5007c3ec8d72ce7972fc8b76733b1/assets/start-1abfb4fe2980eabfbbaaa4365a0692539f7cd2725f324f904565a9a744f8e214.jpg',	NULL,	NULL,	'SUBSCRIBE',	NULL,	0,	0,	3,	'2022-06-15 08:20:15',	'2022-06-15 08:20:15'),
(699,	'Lorem ipsum dolor sit amet, consectetur adipiscing elit. Ut aliquet nulla nec pellentesque sollicitudin',	'https://dantri.com.vn/xa-hoi/mua-lon-o-ha-noi-nhieu-xe-sang-bay-bien-so-ngap-sau-trong-nuoc-20220613232004762.htm',	'https://png.pngtree.com/illustrations/20190327/ourmid/pngtree-cure-starry-sky-night-sky-star-png-image_38228.jpg',	NULL,	NULL,	'SUBSCRIBE',	NULL,	0,	0,	2,	'2022-06-15 08:20:15',	'2022-06-15 08:20:15'),
(700,	'Lorem ipsum dolor sit amet, consectetur adipiscing elit. Ut aliquet nulla nec pellentesque sollicitudin',	'https://askubuntu.com/questions/617850/changing-from-user-to-superuser',	'https://png.pngtree.com/illustrations/20190327/ourmid/pngtree-cure-starry-sky-night-sky-star-png-image_38228.jpg',	NULL,	NULL,	'SUBSCRIBE',	NULL,	0,	0,	3,	'2022-06-15 08:20:15',	'2022-06-15 08:20:15');

DROP TABLE IF EXISTS `users`;
CREATE TABLE `users` (
  `id` int NOT NULL AUTO_INCREMENT,
  `full_name` varchar(255) DEFAULT NULL,
  `email` varchar(255) DEFAULT NULL,
  `password` varchar(255) DEFAULT NULL,
  `createdAt` datetime NOT NULL DEFAULT CURRENT_TIMESTAMP,
  `updatedAt` datetime NOT NULL DEFAULT CURRENT_TIMESTAMP,
  PRIMARY KEY (`id`)
) ENGINE=InnoDB DEFAULT CHARSET=utf8mb4 COLLATE=utf8mb4_0900_ai_ci;

INSERT INTO `users` (`id`, `full_name`, `email`, `password`, `createdAt`, `updatedAt`) VALUES
(1,	'Tu Nguyen',	'tundfb@gmail.com',	'loremisum',	'2022-06-15 04:43:47',	'2022-06-15 04:43:47'),
(2,	'Tu Nguyen2',	'tundfb@gmail.com',	'loremisum',	'2022-06-15 04:43:47',	'2022-06-15 04:43:47'),
(3,	'Tu Nguyen 3',	'tundfb@gmail.com',	'loremisum',	'2022-06-15 04:43:47',	'2022-06-15 04:43:47'),
(4,	'Tu Nguyen 4',	'tundfb@gmail.com',	'loremisum',	'2022-06-15 04:43:47',	'2022-06-15 04:43:47');

-- 2022-06-15 09:33:56
